idx,cf,original_class,desired_class
3,"[0.19566849297782826 -0.8840484436713684 -0.40985084719320447
 0.1949773017841268 0.04757319509062481 -0.1526361497451989
 -0.3659767971479084 -0.3556450221846172 -0.6318039378655266
 0.08623508884628957 0.5639930838342274 -1.104801335717228
 0.1766134179897554 -0.980009769983356 -1.0493773794078232
 -1.066559905491023 -0.962520266762378 -0.86431466801054
 -1.2129879827116097 -1.3292945307280228 -1.1521955922366158
 -0.12167390006627117 0.7321852352535112 0.9269614920844648
 1.2593736891972964 1.259619157510515 1.0434735554095977
 1.3601947514437782 1.1668295556060173 0.7435676536630403
 1.225847452472778 1.267068892854439 0.5634194969493242
 -0.8278577718065745 -1.1605188312163537 -0.9460167461271841
 -1.0371581797000398 2.775886672194936 -0.6859117294904025
 -1.535273386124191 -0.7822197967504246 -1.1318523870375763
 -0.8987120142686336 -0.3549519924362032 -0.6627503290966192
 -1.094805980882304 -0.4852514716579047 0.5396175424478464
 0.3742802378851799 -0.1855510600443643 -0.850747811918195
 -0.6929070868123006 -0.1639019318496438 0.39761685667191793
 -0.3856177790938509 -0.3440758841093572 -0.7647637447929644
 -0.6763798858103945 -0.2846484474038807 0.04635807073589256]",0,1
3,"[0.19566849297782826 -0.8840484436713684 -0.40985084719320447
 0.1949773017841268 0.04757319509062481 -0.1526361497451989
 -0.3659767971479084 -0.3556450221846172 -0.6318039378655266
 0.08623508884628957 0.5639930838342274 -1.104801335717228
 0.1766134179897554 -0.980009769983356 -1.0493773794078232
 -1.066559905491023 -0.962520266762378 -0.86431466801054
 -1.2129879827116097 -1.3292945307280228 -1.1521955922366158
 -0.12167390006627117 0.7321852352535112 0.9269614920844648
 1.2593736891972964 1.259619157510515 1.0434735554095977
 1.3601947514437782 1.1668295556060173 0.7435676536630403
 1.225847452472778 1.267068892854439 0.5634194969493242
 -0.8278577718065745 -1.1605188312163537 -0.9460167461271841
 -1.0371581797000398 2.775886672194936 -0.6859117294904025
 -1.535273386124191 -0.7822197967504246 -1.1318523870375763
 -0.8987120142686336 -0.3549519924362032 -0.6627503290966192
 -1.094805980882304 -0.4852514716579047 0.5396175424478464
 0.3742802378851799 -0.1855510600443643 -0.850747811918195
 -0.6929070868123006 -0.1639019318496438 0.39761685667191793
 -0.3856177790938509 -0.3440758841093572 -0.7647637447929644
 -0.6763798858103945 -0.2846484474038807 0.04635807073589256]",0,1
3,"[0.19566849297782826 -0.8840484436713684 -0.40985084719320447
 0.1949773017841268 0.04757319509062481 -0.1526361497451989
 -0.3659767971479084 -0.3556450221846172 -0.6318039378655266
 0.08623508884628957 0.5639930838342274 -1.1370069007104975
 0.1766134179897554 -0.980009769983356 -1.0493773794078232
 -1.066559905491023 -0.962520266762378 -0.86431466801054
 -1.2129879827116097 -1.3292945307280228 -1.1521955922366158
 -0.12167390006627117 0.7321852352535112 0.9269614920844648
 1.2593736891972964 1.259619157510515 1.0434735554095977
 1.3601947514437782 1.1668295556060173 0.7435676536630403
 1.225847452472778 1.267068892854439 0.5634194969493242
 -0.8278577718065745 -1.1605188312163537 -0.9460167461271841
 -1.0371581797000398 2.775886672194936 -0.6859117294904025
 -1.535273386124191 -0.7822197967504246 -1.1318523870375763
 -0.8987120142686336 -0.3549519924362032 -0.6627503290966192
 -1.094805980882304 -0.4852514716579047 0.5396175424478464
 0.3742802378851799 -0.1855510600443643 -0.850747811918195
 -0.6929070868123006 -0.1639019318496438 0.39761685667191793
 -0.3856177790938509 -0.3440758841093572 -0.7647637447929644
 -0.6763798858103945 -0.2846484474038807 0.04635807073589256]",0,1
1,"[0.8706941752258334 0.2782994833857091 -0.24736610972762066
 -0.10894607996597588 -1.3238764338833524 -0.2595457718528653
 0.8812631465064673 0.48730090893083816 -0.1499216326759363
 -0.4837569684011152 0.25525394742529134 0.5521454158290577
 1.2552019930689837 1.8317318592884106 0.48531016868731947
 -0.7769978635863594 -0.8674885744686879 -0.583941072856291
 -0.9049402430388064 -0.602828705161542 -0.6801102571559852
 -1.51656239260584 -0.01862836657225384 0.8942397616343808
 0.8595453273123573 0.22956006759874834 -0.015828653699328846
 0.7032394566477131 1.5370909133348447 1.1717362846236608
 0.16254401628518222 0.07683170323617229 1.9315030578300345
 1.2635954174705384 0.007671999661043311 -0.845745402334023
 -0.8494170619067242 -0.5745234314813145 1.0098398752823279
 0.9718946129960412 -0.3359400951995502 0.43982769146731476
 0.241790475130486 -0.2710396074343039 -1.0440618928254994
 -0.815744299201365 -1.0097815663759926 -0.8093022161150552
 -0.9824628712972819 -0.8890988293792448 -0.3025672134437096
 -0.6340230485326569 -1.0284133006287293 0.032549694526914655
 1.0427934940725592 1.1437723550259362 -0.11457969309350186
 0.0972485654206091 0.5675863880541849 -0.16588671798465265]",1,0
1,"[0.8706941752258334 0.2782994833857091 -0.24736610972762066
 -0.10894607996597588 -1.3238764338833524 -0.2595457718528653
 0.8812631465064673 0.48730090893083816 -0.1499216326759363
 -0.4837569684011152 0.25525394742529134 0.5521454158290577
 1.2552019930689837 1.8317318592884106 0.48531016868731947
 -0.7769978635863594 -0.8674885744686879 -0.583941072856291
 -0.9049402430388064 -0.602828705161542 -0.6801102571559852
 -1.51656239260584 -0.01862836657225384 0.8942397616343808
 0.8595453273123573 0.22956006759874834 -0.015828653699328846
 0.7032394566477131 1.5370909133348447 1.1717362846236608
 0.16254401628518222 0.07683170323617229 1.9315030578300345
 1.2635954174705384 0.007671999661043311 -0.845745402334023
 -0.8494170619067242 -0.5745234314813145 1.0098398752823279
 0.9718946129960412 -0.3359400951995502 0.43982769146731476
 0.241790475130486 -0.2710396074343039 -1.0440618928254994
 -0.815744299201365 -1.0097815663759926 -0.8093022161150552
 -0.9824628712972819 -0.8890988293792448 -0.3025672134437096
 -0.6340230485326569 -1.0284133006287293 0.032549694526914655
 1.0427934940725592 1.1437723550259362 -0.11457969309350186
 0.0972485654206091 0.5675863880541849 -0.16588671798465265]",1,0
1,"[0.8706941752258334 0.2782994833857091 -0.24736610972762066
 -0.10894607996597588 -1.3238764338833524 -0.2595457718528653
 0.8812631465064673 0.48730090893083816 -0.1499216326759363
 -0.4837569684011152 0.25525394742529134 0.5521454158290577
 1.2552019930689837 1.5625160960384974 0.48531016868731947
 -0.7769978635863594 -0.8674885744686879 -0.583941072856291
 -0.9049402430388064 -0.602828705161542 -0.6801102571559852
 -1.51656239260584 -0.01862836657225384 1.1009174949690914
 0.8595453273123573 0.22956006759874834 -0.015828653699328846
 0.7032394566477131 1.5370909133348447 1.1717362846236608
 0.16254401628518222 0.07683170323617229 1.9315030578300345
 1.2635954174705384 0.007671999661043311 -0.845745402334023
 -0.8494170619067242 -0.5745234314813145 1.0098398752823279
 0.9718946129960412 -0.3359400951995502 0.43982769146731476
 0.241790475130486 -0.2710396074343039 -1.0440618928254994
 -0.815744299201365 -1.0097815663759926 -0.8093022161150552
 -0.9824628712972819 -0.8890988293792448 -0.3025672134437096
 -0.6340230485326569 -1.0284133006287293 0.032549694526914655
 1.0427934940725592 1.1437723550259362 -0.11457969309350186
 0.0972485654206091 0.5675863880541849 -0.16588671798465265]",1,0
2,"[0.419022579015771 0.16068094314779055 -0.3468465612371618
 1.2596199965247916 0.1663134227074195 0.45108877509809425
 -0.10201883877550964 -0.7695396356645434 -1.3741402354727297
 3.80624465938506 -1.1521869626838122 0.044161469521900865
 -0.8818600003838148 -1.0554212147889321 -1.05506843335626
 -1.010475435394711 -1.134878126930021 -1.2797905654930022
 -1.3148955997354426 -1.826370875504218 -1.6302416007399818
 -2.3611558452194594 -1.616146443588918 -1.7645043872148378
 -2.717475831901563 -2.1936506995205822 -0.8620528322403677
 0.13727859088240776 0.24239949176102604 0.306835650083208
 0.9309028597493639 0.44983516895906217 1.2056215883218475
 2.013011213297839 2.1989586502824205 2.2457622739248593
 1.7652735854471064 1.5977597428446755 1.6329415646606946
 2.0669794861749935 1.7704772685143602 1.321101277828976
 0.9507703233694248 0.0787190946532584 -0.3029746344155496
 -0.5828378574931004 -0.4695604004483893 3.48429491857936
 0.1472219902740655 -0.2164762367184248 -0.7959297520707466
 -0.39848689541408217 0.7856433420552537 0.7486429741190366
 -0.13104943338102545 -0.2257243196326861 1.0593637335860833
 -0.16549317273331665 -0.03672558617971619 6.088968561588669]",1,0
2,"[0.419022579015771 0.16068094314779055 -0.3468465612371618
 1.2596199965247916 0.1663134227074195 0.45108877509809425
 -0.10201883877550964 -0.7695396356645434 -1.3741402354727297
 3.80624465938506 -1.1521869626838122 0.044161469521900865
 -0.8818600003838148 -1.0554212147889321 -1.05506843335626
 -1.010475435394711 -1.134878126930021 -1.2797905654930022
 -1.3148955997354426 -1.826370875504218 -1.6302416007399818
 -2.3611558452194594 -1.616146443588918 -1.7645043872148378
 -2.717475831901563 -2.1936506995205822 -0.8620528322403677
 0.13727859088240776 0.24239949176102604 0.306835650083208
 0.9309028597493639 0.44983516895906217 1.2056215883218475
 2.013011213297839 2.1989586502824205 2.2457622739248593
 1.7652735854471064 1.5977597428446755 1.6329415646606946
 2.0669794861749935 1.7704772685143602 1.321101277828976
 0.9507703233694248 0.0787190946532584 -0.3029746344155496
 -0.5828378574931004 -0.4695604004483893 3.48429491857936
 0.1472219902740655 -0.2164762367184248 -0.7959297520707466
 -0.39848689541408217 0.7856433420552537 0.7486429741190366
 -0.13104943338102545 -0.2257243196326861 1.0593637335860833
 -0.16549317273331665 -0.03672558617971619 6.088968561588669]",1,0
2,"[0.419022579015771 0.16068094314779055 -0.3468465612371618
 1.4853899375136292 0.1663134227074195 0.45108877509809425
 -0.10201883877550964 -0.7695396356645434 -1.3741402354727297
 3.869882096204398 -1.1521869626838122 0.044161469521900865
 -0.8818600003838148 -1.0554212147889321 -1.05506843335626
 -1.010475435394711 -1.134878126930021 -1.2797905654930022
 -1.3148955997354426 -1.826370875504218 -1.6302416007399818
 -2.3611558452194594 -1.616146443588918 -1.7645043872148378
 -2.717475831901563 -2.1936506995205822 -0.8620528322403677
 0.13727859088240776 0.24239949176102604 0.306835650083208
 0.9309028597493639 0.44983516895906217 1.2056215883218475
 2.013011213297839 2.1989586502824205 2.2457622739248593
 1.7652735854471064 1.5977597428446755 1.6329415646606946
 2.0669794861749935 1.7704772685143602 1.321101277828976
 0.9507703233694248 0.0787190946532584 -0.3029746344155496
 -0.5828378574931004 -0.4695604004483893 3.39938195919413
 0.1472219902740655 -0.2164762367184248 -0.7959297520707466
 -0.39848689541408217 0.7856433420552537 0.7486429741190366
 -0.13104943338102545 -0.2257243196326861 1.0593637335860833
 -0.16549317273331665 -0.03672558617971619 6.152459144154123]",1,0
4,"[-0.3106007687081756 -1.0085857215703409 -0.8541968639358212
 -0.021708812982150123 -0.42936671917016667 -0.32400598518248763
 -0.6407400520618676 0.5945637383397203 0.38456050160125005
 -0.176603071600235 0.14183957078527426 0.3564933356687381
 -0.0772537321575096 -0.695186543833064 -1.3182796784714654
 -0.5962812377204646 -0.1050670127208326 0.538279664224835
 0.9809318940524303 0.7596895361590698 0.7659491151995828
 0.8726091834362965 1.1849811435087945 1.0947121355310971
 1.163332443507409 0.45260265693759494 -0.7743864425210082
 -1.1044077209588503 -0.9682899037201291 -0.08482597129024323
 1.0464384804658604 1.9381002533006426 2.6039089484112887
 2.020786132217085 1.0863028371434205 0.3590474487592856
 1.2629415149021541 -0.7690914104439328 0.22860064622134268
 1.2126098637567397 1.2808251151503574 0.4981639250118205
 -0.1381446451155533 -1.006943798026181 -1.0168253525591509
 -0.594199147332528 -0.19160428187982995 0.18765618867877773
 0.7022532622123453 0.10050682419069715 0.05766575126809518
 -0.4181149081739634 -0.7591392677303255 -1.2873085070742512
 -0.21590554861863395 -0.428612715878408 -1.0898557706426957
 -0.12170288304099572 -0.09870630148575722 -0.5131963722546357]",0,1
4,"[-0.3106007687081756 -1.0085857215703409 -0.8541968639358212
 -0.021708812982150123 -0.42936671917016667 -0.32400598518248763
 -0.6407400520618676 0.5945637383397203 0.38456050160125005
 -0.176603071600235 0.14183957078527426 0.3564933356687381
 -0.0772537321575096 -0.695186543833064 -1.3182796784714654
 -0.5962812377204646 -0.1050670127208326 0.538279664224835
 0.9809318940524303 0.7596895361590698 0.7659491151995828
 0.8726091834362965 1.1849811435087945 1.0947121355310971
 1.163332443507409 0.45260265693759494 -0.7743864425210082
 -1.1044077209588503 -0.9682899037201291 -0.08482597129024323
 1.0464384804658604 1.9381002533006426 2.6039089484112887
 2.020786132217085 1.0863028371434205 0.3590474487592856
 1.2629415149021541 -0.7690914104439328 0.22860064622134268
 1.2126098637567397 1.2808251151503574 0.4981639250118205
 -0.1381446451155533 -1.006943798026181 -1.0168253525591509
 -0.594199147332528 -0.19160428187982995 0.18765618867877773
 0.7022532622123453 0.10050682419069715 0.05766575126809518
 -0.4181149081739634 -0.7591392677303255 -1.2873085070742512
 -0.21590554861863395 -0.428612715878408 -1.0898557706426957
 -0.12170288304099572 -0.09870630148575722 -0.5131963722546357]",0,1
4,"[-0.3106007687081756 -1.0085857215703409 -0.8541968639358212
 -0.021708812982150123 -0.42936671917016667 -0.32400598518248763
 -0.6407400520618676 0.5945637383397203 0.38456050160125005
 -0.176603071600235 0.14183957078527426 0.3564933356687381
 -0.0772537321575096 -0.695186543833064 -1.3182796784714654
 -0.5962812377204646 -0.1050670127208326 0.538279664224835
 0.9809318940524303 0.7596895361590698 0.7659491151995828
 0.8726091834362965 1.1849811435087945 1.0947121355310971
 1.163332443507409 0.45260265693759494 -0.7743864425210082
 -1.1044077209588503 -0.9682899037201291 -0.08482597129024323
 1.0464384804658604 1.9381002533006426 2.6039089484112887
 2.020786132217085 1.0863028371434205 0.3590474487592856 1.337429657041238
 -0.7690914104439328 0.22860064622134268 1.2126098637567397
 1.2808251151503574 0.4981639250118205 -0.1381446451155533
 -1.006943798026181 -1.0168253525591509 -0.594199147332528
 -0.19160428187982995 0.18765618867877773 0.7022532622123453
 0.10050682419069715 0.05766575126809518 -0.4181149081739634
 -0.7591392677303255 -1.2873085070742512 -0.21590554861863395
 -0.428612715878408 -1.0898557706426957 -0.12170288304099572
 -0.09870630148575722 -0.5131963722546357]",0,1
5,"[1.2032435922156592 0.714179956032113 2.6441990141497063
 2.0016329599652933 -0.969634754826582 3.5836666853711847
 1.463037232382324 -1.0307013072687785 0.4380087150289687
 -0.31260653834291324 0.13790157159638478 0.23056454225645978
 0.19117956594902466 0.1563826944329824 -0.20093608659502646
 -0.7545640755478344 -0.5979309986090198 -1.2685320402989846
 -1.5884574918222338 -0.9309227818168385 -0.2421994496990364
 0.046384954456568595 0.03628010033392305 0.23897675439346097
 -0.1231256157120708 -0.6807649191214283 0.0 0.2686696498416208
 0.6098064117100056 1.1117926762891734 1.7405915187544059
 2.200046154480411 1.257116590251487 0.8830563303674533 1.411691110089518
 0.39016614166061153 -0.8203364331824748 0.1735975142635722
 0.3126422946690233 -0.540204004458487 1.6854444353544107
 1.588994855174134 0.09678771364208912 -1.4108305806599462
 -0.5272604478851084 2.486130560382265 2.423200656105852
 0.9282083583738772 0.09115822543181515 0.5179967092905162
 1.725701000911887 2.03538668681119 0.6297478493245988 3.2058257962488663
 4.041042899134727 1.5326417811635693 1.0051817292777947
 0.3599903035745347 4.394895558202225 2.766950362517426]",0,1
5,"[1.2032435922156592 0.714179956032113 2.6441990141497063
 2.0016329599652933 -0.969634754826582 3.5836666853711847
 1.463037232382324 -1.0307013072687785 0.4380087150289687
 -0.31260653834291324 0.13790157159638478 0.23056454225645978
 0.19117956594902466 0.1563826944329824 -0.20093608659502646
 -0.7545640755478344 -0.5979309986090198 -1.2685320402989846
 -1.5884574918222338 -0.9309227818168385 -0.2421994496990364
 0.046384954456568595 0.03628010033392305 0.23897675439346097
 -0.1231256157120708 -0.6807649191214283 0.0 0.2686696498416208
 0.6098064117100056 1.1117926762891734 1.7405915187544059
 2.200046154480411 1.257116590251487 0.8830563303674533 1.411691110089518
 0.39016614166061153 -0.8203364331824748 0.1735975142635722
 0.3126422946690233 -0.540204004458487 1.6854444353544107
 1.588994855174134 0.09678771364208912 -1.4108305806599462
 -0.5272604478851084 2.486130560382265 2.423200656105852
 0.9282083583738772 0.09115822543181515 0.5179967092905162
 1.725701000911887 2.03538668681119 0.6297478493245988 3.2058257962488663
 4.041042899134727 1.5326417811635693 1.0051817292777947
 0.3599903035745347 4.394895558202225 2.766950362517426]",0,1
5,"[1.2032435922156592 0.714179956032113 2.6441990141497063
 2.0016329599652933 -0.969634754826582 3.6646172379948867
 2.1281235316329945 -1.0307013072687785 0.4380087150289687
 -0.31260653834291324 0.13790157159638478 0.23056454225645978
 0.19117956594902466 0.1563826944329824 -0.20093608659502646
 -0.7545640755478344 -0.5979309986090198 -1.2685320402989846
 -1.5884574918222338 -0.9309227818168385 -0.2421994496990364
 0.046384954456568595 0.03628010033392305 0.23897675439346097
 -0.1231256157120708 -0.6807649191214283 0.0 0.2686696498416208
 0.6098064117100056 1.1117926762891734 1.7405915187544059
 2.200046154480411 1.257116590251487 0.8830563303674533 1.411691110089518
 0.39016614166061153 -0.8203364331824748 0.1735975142635722
 0.3126422946690233 -0.540204004458487 1.6854444353544107
 1.588994855174134 0.09678771364208912 -0.8096773599783872
 -0.5272604478851084 2.486130560382265 2.423200656105852
 0.9282083583738772 0.09115822543181515 0.5179967092905162
 1.725701000911887 2.03538668681119 0.6297478493245988 3.2058257962488663
 4.041042899134727 1.5326417811635693 1.0051817292777947
 0.3599903035745347 4.394895558202225 2.766950362517426]",0,1
6,"[-0.7424186683815318 -0.6384332567039502 -0.8077726532313688
 -0.3706578809174534 -0.5777920036911599 -0.4890870193193257
 -0.6592634175616849 -1.0108810018345284 -1.1934343710266335
 -0.6044791467457399 0.028425194145256755 -0.11236019460635464
 -0.147309967580662 -1.369179336555825 -1.3178054239757622
 -1.2468610908376858 -0.7991958374211312 -0.5545236360590189
 -0.3233306112792119 -0.2348579717767807 0.13372035416146585
 0.5990250016549294 0.6096079401734412 0.40548480048122953
 0.7231090512464656 1.0041575871631152 1.0459087329018024
 0.8072913822210032 0.4034713379095798 -0.4111355384644421
 -1.7489599524796209 -0.6851075370470173 0.2717795340978083
 0.8588676937298001 1.637742097785245 2.3475703432933943
 2.2305636450350956 1.4276894270928469 0.5612862249876054
 -0.20342867710314375 -0.1658744288796518 0.2942702932057807
 1.3223398996834412 1.7599371446028145 1.2412738578950981
 0.6413411227052176 -0.1557389762580804 -0.8666352873172565
 -0.6376707175174413 -0.8040545935255778 -0.889903568952087
 -0.3690448762742603 -0.8016562202932315 -0.8379950767419394
 -1.0503240151217843 -1.2739810335689155 -0.6202783999708616
 -0.7931539916565837 -0.8269797063317406 -0.4553114298763051]",0,1
6,"[-0.7424186683815318 -0.6384332567039502 -0.8077726532313688
 -0.3706578809174534 -0.5777920036911599 -0.4890870193193257
 -0.6592634175616849 -1.0108810018345284 -1.1934343710266335
 -0.6044791467457399 0.028425194145256755 -0.11236019460635464
 -0.147309967580662 -1.369179336555825 -1.3178054239757622
 -1.2468610908376858 -0.7991958374211312 -0.5545236360590189
 -0.3233306112792119 -0.2348579717767807 0.13372035416146585
 0.5990250016549294 0.6096079401734412 0.40548480048122953
 0.7231090512464656 1.0041575871631152 1.0459087329018024
 0.8072913822210032 0.4034713379095798 -0.4111355384644421
 -1.7489599524796209 -0.6851075370470173 0.2717795340978083
 0.8588676937298001 1.637742097785245 2.3475703432933943
 2.2305636450350956 1.4276894270928469 0.5612862249876054
 -0.20342867710314375 -0.1658744288796518 0.2942702932057807
 1.3223398996834412 1.7599371446028145 1.2412738578950981
 0.6413411227052176 -0.1557389762580804 -0.8666352873172565
 -0.6376707175174413 -0.8040545935255778 -0.889903568952087
 -0.3690448762742603 -0.8016562202932315 -0.8379950767419394
 -1.0503240151217843 -1.2739810335689155 -0.6202783999708616
 -0.7931539916565837 -0.8269797063317406 -0.4553114298763051]",0,1
6,"[-0.7424186683815318 -0.6384332567039502 -0.8077726532313688
 -0.3706578809174534 -0.5777920036911599 -0.4890870193193257
 -0.6592634175616849 -1.0108810018345284 -1.1934343710266335
 -0.6044791467457399 0.028425194145256755 -0.11236019460635464
 -0.147309967580662 -0.939403607395738 -1.3178054239757622
 -1.2468610908376858 -0.7991958374211312 -0.5545236360590189
 -0.3233306112792119 -0.2953840502614939 0.13372035416146585
 0.5990250016549294 0.6032697042564001 0.40548480048122953
 0.7231090512464656 1.0041575871631152 1.0459087329018024
 0.8072913822210032 0.4034713379095798 -0.4111355384644421
 -1.7489599524796209 -0.6851075370470173 0.2717795340978083
 0.8588676937298001 1.637742097785245 2.3475703432933943
 2.2305636450350956 1.4276894270928469 0.5612862249876054
 -0.20342867710314375 -0.1658744288796518 0.2942702932057807
 1.3223398996834412 1.7599371446028145 1.2412738578950981
 0.6413411227052176 -0.1557389762580804 -0.8666352873172565
 -0.6376707175174413 -0.8040545935255778 -0.889903568952087
 -0.3690448762742603 -0.8016562202932315 -0.8379950767419394
 -1.0503240151217843 -1.2739810335689155 -0.09852285661425697
 -0.7931539916565837 -0.8269797063317406 -0.4553114298763051]",0,1
8,"[-0.04753928959682071 -0.3962774385670591 0.6612220140595212
 0.1837208802378268 0.7778255949339115 -0.12905314486850775
 0.9198534912977537 0.49196451020948506 -0.2839663584152942
 -0.17813120044004044 -0.002291199528081164 -1.1219249282336032
 -0.6841765637937313 0.5340200064978298 0.8248763876107197
 1.333855414631138 -1.5168115822700605 1.6165558352260854
 0.8460883551767879 -0.512810113732652 -0.4245960564347348
 0.2703331489718875 0.5145408048355494 0.6448918916223497
 0.18560783073310377 -0.2588859129301213 -0.4537547393807586
 -1.028511022305392 -1.1154973377951367 -0.5972762169767959
 -1.1346486033041017 -1.11949725152581 -1.1012554692761365
 -1.417887729789337 -0.06663541843962814 0.8004718702855013
 0.5314851461903513 -0.48689717461195114 -1.0683260943203818
 0.10283344945154783 0.6034159006479428 0.08641206300351216
 -0.5257481806326135 -0.30519863141737785 -0.20099596039503512
 -0.6339636617705243 -0.0369351513860349 0.6065061255170814
 0.6574022503385452 -1.0514560069180632 0.7468070750645912
 -0.18257875505538873 0.048682830964885626 -0.3044353782223191
 -0.6119007530608069 2.4812516416161445 0.49948302240043485
 1.2066025709594064 2.163589807184744 2.0916260347702367]",1,0
8,"[-0.04753928959682071 -0.3962774385670591 0.6612220140595212
 0.1837208802378268 0.7778255949339115 -0.12905314486850775
 0.9198534912977537 0.49196451020948506 -0.2839663584152942
 -0.17813120044004044 -0.002291199528081164 -1.1219249282336032
 -0.6841765637937313 0.5340200064978298 0.8248763876107197
 1.333855414631138 -1.5168115822700605 1.6165558352260854
 0.8460883551767879 -0.512810113732652 -0.4245960564347348
 0.2703331489718875 0.5145408048355494 0.6448918916223497
 0.18560783073310377 -0.2588859129301213 -0.4537547393807586
 -1.028511022305392 -1.1154973377951367 -0.5972762169767959
 -1.1346486033041017 -1.11949725152581 -1.1012554692761365
 -1.417887729789337 -0.06663541843962814 0.8004718702855013
 0.5314851461903513 -0.48689717461195114 -1.0683260943203818
 0.10283344945154783 0.6034159006479428 0.08641206300351216
 -0.5257481806326135 -0.30519863141737785 -0.20099596039503512
 -0.6339636617705243 -0.0369351513860349 0.6065061255170814
 0.6574022503385452 -1.0514560069180632 0.7468070750645912
 -0.18257875505538873 0.048682830964885626 -0.3044353782223191
 -0.6119007530608069 2.4812516416161445 0.49948302240043485
 1.2066025709594064 2.163589807184744 2.0916260347702367]",1,0
8,"[-0.04753928959682071 -0.3962774385670591 0.6612220140595212
 0.1837208802378268 0.7778255949339115 -0.12905314486850775
 0.9198534912977537 0.49196451020948506 -0.2839663584152942
 -0.17813120044004044 -0.002291199528081164 -1.1219249282336032
 -0.6841765637937313 0.5340200064978298 0.8248763876107197
 1.333855414631138 -1.4144218443648389 1.6165558352260854
 0.8460883551767879 -0.512810113732652 -0.4245960564347348
 0.2703331489718875 0.5145408048355494 0.6448918916223497
 0.18560783073310377 -0.2588859129301213 -0.4537547393807586
 -1.028511022305392 -1.1154973377951367 -0.5972762169767959
 -1.1346486033041017 -1.11949725152581 -1.1012554692761365
 -1.417887729789337 -0.06663541843962814 0.8004718702855013
 0.5314851461903513 -0.48689717461195114 -1.0683260943203818
 0.10283344945154783 0.6034159006479428 0.08641206300351216
 -0.5257481806326135 -0.30519863141737785 -0.20099596039503512
 -0.6339636617705243 -0.0369351513860349 0.6065061255170814
 0.6574022503385452 -1.0514560069180632 0.7468070750645912
 -0.18257875505538873 0.048682830964885626 -0.3044353782223191
 -0.6119007530608069 2.7489695746236107 0.49948302240043485
 1.2066025709594064 2.163589807184744 2.0916260347702367]",1,0
10,"[-1.0154069957612397 -0.9359389761292736 -1.2156425044204873
 -0.6886517896004312 -0.7756923830524842 -0.8003826836916484
 -1.0791263688908808 -0.4255990413643231 -0.6496200090080994
 -0.6121197909447668 -1.0017553936682337 -0.9020831363443714
 -0.5974733021314139 0.16914463124623363 -0.10466242396730281
 -0.5726011281242439 -0.2246696368623209 0.5894877949460126
 0.7829288815080245 1.1493752806341333 1.3918198245867828
 1.4017991579105402 1.2008966411627586 0.5090345803865582
 0.00012044635349309204 -0.8048215531141591 -1.537002860496362
 -2.3807780079912053 -0.901822281132245 -1.5405993165563512
 -1.491587919338807 -1.4892205360174682 -1.2126629253739143
 -0.7328309850157929 -0.5500247277682061 -0.04242210780720264
 -0.08647821419994729 -0.8439977268000014 -1.0732989729267537
 -1.114869286204098 -1.0784079874216572 -1.123356819045658
 -0.7300068783061721 -1.0047160355925024 -0.8375709131317869
 -0.680828982358163 -0.023485661777878725 -0.35700798774213427
 -1.0132979419605197 0.48707153261645547 0.11248381111554367
 0.4357036468808701 0.3179568638632892 -0.2623122441286649
 0.10937622645886534 -1.088000003677004 -0.3132470422238932
 2.9665223427539757 -0.33113398388341153 -0.6289662570112966]",1,0
10,"[-1.0154069957612397 -0.9359389761292736 -1.2156425044204873
 -0.6886517896004312 -0.7756923830524842 -0.8003826836916484
 -1.0791263688908808 -0.4255990413643231 -0.6496200090080994
 -0.6121197909447668 -1.0017553936682337 -0.9020831363443714
 -0.5974733021314139 0.16914463124623363 -0.10466242396730281
 -0.5726011281242439 -0.2246696368623209 0.5894877949460126
 0.7829288815080245 1.1493752806341333 1.3918198245867828
 1.4017991579105402 1.2008966411627586 0.5090345803865582
 0.00012044635349309204 -0.8048215531141591 -1.537002860496362
 -2.3807780079912053 -0.901822281132245 -1.5405993165563512
 -1.491587919338807 -1.4892205360174682 -1.2126629253739143
 -0.7328309850157929 -0.5500247277682061 -0.04242210780720264
 -0.08647821419994729 -0.8439977268000014 -1.0732989729267537
 -1.114869286204098 -1.0784079874216572 -1.123356819045658
 -0.7300068783061721 -1.0047160355925024 -0.8375709131317869
 -0.680828982358163 -0.023485661777878725 -0.35700798774213427
 -1.0132979419605197 0.48707153261645547 0.11248381111554367
 0.4357036468808701 0.3179568638632892 -0.2623122441286649
 0.10937622645886534 -1.088000003677004 -0.3132470422238932
 2.9665223427539757 -0.33113398388341153 -0.6289662570112966]",1,0
10,"[-1.0154069957612397 -0.9359389761292736 -1.2156425044204873
 -0.6886517896004312 -0.7756923830524842 -0.8003826836916484
 -1.0791263688908808 -0.4255990413643231 -0.6496200090080994
 -0.6121197909447668 -1.0017553936682337 -0.9020831363443714
 -0.5974733021314139 0.16914463124623363 -0.10466242396730281
 -0.5726011281242439 -0.2246696368623209 0.5894877949460126
 0.7829288815080245 1.1493752806341333 1.3918198245867828
 1.4017991579105402 1.2008966411627586 0.5090345803865582
 0.00012044635349309204 -0.8048215531141591 -1.537002860496362
 -2.3807780079912053 -0.901822281132245 -1.5405993165563512
 -1.491587919338807 -1.4892205360174682 -1.2126629253739143
 -0.7328309850157929 -0.5500247277682061 -0.04242210780720264
 -0.08647821419994729 -0.8439977268000014 -1.0732989729267537
 -1.114869286204098 -1.0784079874216572 -1.123356819045658
 -0.7300068783061721 -1.0047160355925024 -0.8375709131317869
 -0.680828982358163 -0.023485661777878725 -0.35700798774213427
 -1.0132979419605197 0.48707153261645547 0.11248381111554367
 0.4357036468808701 0.3179568638632892 -0.2623122441286649
 0.10937622645886534 -1.088000003677004 -0.3132470422238932
 2.9665223427539757 -0.33113398388341153 -0.6289662570112966]",1,0
9,"[0.6473400891878903 0.274840114555182 0.08423539530418278
 0.9829268100251342 -0.627267098531491 0.2514193338087758
 1.1961603600033641 0.2249733370069414 -0.8116614179715004
 -0.050532442316291476 -0.047184390281421434 0.38566328216536744
 0.8341709544367703 1.1361513888685084 1.1497407171673244
 1.0422161701303152 1.2416314585963912 1.1611303322164632
 1.2420943802655993 0.8595785871744613 1.046100766068139
 0.8300082179874836 0.553135886646413 0.6925247903788007
 0.24784915304715102 -0.244189308206244 -0.5531911536457726
 -1.2843563451855988 -1.2488403597965976 -1.0889940868484131
 -1.4206697131266484 -1.58434579172318 -0.49420861960557866
 -0.003284426426564458 0.15120264409760334 0.299115151319695
 0.05122711593546873 0.16982864300037367 0.3439714298891648
 0.2440982679730843 0.825985061267944 0.8170309103084886
 0.2898923527396173 0.4722904579365025 0.2499904737826437
 -0.8895926831576443 -0.4684396096477096 -0.597488369729145
 -0.9432182359077065 -1.0669185952550937 0.48837907864090535
 -0.8499311888913506 0.4455077215520067 0.08871387331845353
 -0.5270446378231984 -0.8518609266820253 1.1677277422026602
 -0.019525540425580152 2.5664644566740114 2.574000554589658]",0,1
9,"[0.6473400891878903 0.274840114555182 0.08423539530418278
 0.9829268100251342 -0.627267098531491 0.2514193338087758
 1.1961603600033641 0.2249733370069414 -0.8116614179715004
 -0.050532442316291476 -0.047184390281421434 0.38566328216536744
 0.8341709544367703 1.1361513888685084 1.1497407171673244
 1.0422161701303152 1.2416314585963912 1.1611303322164632
 1.2420943802655993 0.8595785871744613 1.046100766068139
 0.8300082179874836 0.553135886646413 0.6925247903788007
 0.24784915304715102 -0.244189308206244 -0.5531911536457726
 -1.2843563451855988 -1.2488403597965976 -1.0889940868484131
 -1.4206697131266484 -1.58434579172318 -0.49420861960557866
 -0.003284426426564458 0.15120264409760334 0.299115151319695
 0.05122711593546873 0.16982864300037367 0.3439714298891648
 0.2440982679730843 0.825985061267944 0.8170309103084886
 0.2898923527396173 0.4722904579365025 0.2499904737826437
 -0.8895926831576443 -0.4684396096477096 -0.597488369729145
 -0.9432182359077065 -1.0669185952550937 0.48837907864090535
 -0.8499311888913506 0.4455077215520067 0.08871387331845353
 -0.5270446378231984 -0.8518609266820253 1.1677277422026602
 -0.019525540425580152 2.5664644566740114 2.574000554589658]",0,1
9,"[0.6473400891878903 0.274840114555182 0.08423539530418278
 0.9829268100251342 -0.627267098531491 0.2514193338087758
 1.1961603600033641 0.2249733370069414 -0.8116614179715004
 -0.050532442316291476 -0.047184390281421434 0.38566328216536744
 0.8341709544367703 1.1361513888685084 1.1497407171673244
 1.0422161701303152 1.5920294229952097 1.1611303322164632
 1.2420943802655993 0.8595785871744613 1.046100766068139
 0.8300082179874836 0.553135886646413 0.6925247903788007
 0.24784915304715102 -0.244189308206244 -0.5531911536457726
 -1.2843563451855988 -1.2488403597965976 -1.0889940868484131
 -1.4206697131266484 -1.58434579172318 -0.49420861960557866
 -0.003284426426564458 0.15120264409760334 0.299115151319695
 0.05122711593546873 0.16982864300037367 0.3439714298891648
 0.2440982679730843 0.825985061267944 0.8170309103084886
 0.2898923527396173 0.4722904579365025 0.2499904737826437
 -0.8895926831576443 -0.4684396096477096 -0.597488369729145
 -0.9432182359077065 -1.0669185952550937 0.48837907864090535
 -0.8499311888913506 0.4455077215520067 0.08871387331845353
 -0.5270446378231984 -0.8518609266820253 1.1677277422026602
 -0.019525540425580152 2.5664644566740114 2.574000554589658]",0,1
12,"[-0.09717353093858583 -0.9878295085871787 -0.26394618497921085
 0.8394074353098077 0.6076312686831726 1.8820984968666645
 0.2931462918872629 -0.17143277167805854 -1.1213217021162194
 -0.8375187948160595 -0.9741893993460075 -1.1688814274720798
 -1.3999986920778236 -0.6516799410606161 -0.38636959441492796
 0.03726555410824698 0.17533068013051134 0.6908145216921726
 1.0351792947495277 1.0340883126638003 1.0282187457999334
 1.2356944761147104 1.4077981106642945 1.2939419120689495
 1.1303569085065892 0.7128190111662496 0.13718166539418303
 -0.35319362299639384 -0.5164731808527934 -0.394910200870145
 -0.470553612681637 -0.9231549749706707 -1.1874105686584178
 -0.680566252280863 -0.14759139500193852 1.682369444540125
 -0.2887596463553876 -0.503857095296344 0.010291275401627584
 0.2780018244182531 0.4613140519444033 0.9178449838125861
 0.5736237177673934 -0.15519596088300935 -0.719757041282
 0.04700364798016416 0.8608182799583847 0.4790993006233007
 0.32101966128504195 0.9277553002218205 0.7311447722510346
 0.8086358893186132 2.2312197291940525 0.9873407339830772
 -0.7533276117901545 -0.2595390523403065 0.8065143801474033
 -0.019525540425580152 -0.03672558617971619 0.027063089943115678]",0,1
12,"[-0.09717353093858583 -0.9878295085871787 -0.26394618497921085
 0.8394074353098077 0.6076312686831726 1.8820984968666645
 0.2931462918872629 -0.17143277167805854 -1.1213217021162194
 -0.8375187948160595 -0.9741893993460075 -1.1688814274720798
 -1.3999986920778236 -0.6516799410606161 -0.38636959441492796
 0.03726555410824698 0.17533068013051134 0.6908145216921726
 1.0351792947495277 1.0340883126638003 1.0282187457999334
 1.2356944761147104 1.4077981106642945 1.2939419120689495
 1.1303569085065892 0.7128190111662496 0.13718166539418303
 -0.35319362299639384 -0.5164731808527934 -0.394910200870145
 -0.470553612681637 -0.9231549749706707 -1.1874105686584178
 -0.680566252280863 -0.14759139500193852 1.682369444540125
 -0.2887596463553876 -0.503857095296344 0.010291275401627584
 0.2780018244182531 0.4613140519444033 0.9178449838125861
 0.5736237177673934 -0.15519596088300935 -0.719757041282
 0.04700364798016416 0.8608182799583847 0.4790993006233007
 0.32101966128504195 0.9277553002218205 0.7311447722510346
 0.8086358893186132 2.2312197291940525 0.9873407339830772
 -0.7533276117901545 -0.2595390523403065 0.8065143801474033
 -0.019525540425580152 -0.03672558617971619 0.027063089943115678]",0,1
12,"[-0.09717353093858583 -0.9878295085871787 -0.26394618497921085
 0.8394074353098077 0.6076312686831726 2.3239017734315555
 0.2931462918872629 -0.17143277167805854 -1.1213217021162194
 -0.8375187948160595 -0.9741893993460075 -1.1688814274720798
 -1.3999986920778236 -0.6516799410606161 -0.38636959441492796
 0.03726555410824698 0.17533068013051134 0.6908145216921726
 1.0351792947495277 1.0340883126638003 1.0282187457999334
 1.2356944761147104 1.4077981106642945 1.2939419120689495
 1.1303569085065892 0.7128190111662496 0.13718166539418303
 -0.35319362299639384 -0.5164731808527934 -0.394910200870145
 -0.470553612681637 -0.9231549749706707 -1.1874105686584178
 -0.680566252280863 -0.14759139500193852 1.682369444540125
 -0.2887596463553876 -0.503857095296344 0.010291275401627584
 0.2780018244182531 0.4613140519444033 0.9178449838125861
 0.5736237177673934 -0.15519596088300935 -0.719757041282
 0.04700364798016416 0.8608182799583847 0.4790993006233007
 0.32101966128504195 0.9277553002218205 0.7311447722510346
 0.8086358893186132 2.2312197291940525 0.9873407339830772
 -0.7533276117901545 -0.2595390523403065 0.8065143801474033
 -0.019525540425580152 -0.03672558617971619 0.027063089943115678]",0,1
13,"[0.339607792868947 -0.832157911213463 -0.7646644575772343
 -0.07236270994050067 0.0020561078375202968 0.20425332405539348
 0.7037475604665502 0.2541208449984852 -0.2619083655721086
 2.383807372943453 -0.03221999336364127 -0.1749688602576569
 -0.18407215052548476 -0.8883558601427325 0.0205407628983085
 -0.3295684243735578 -0.8187080480061475 -0.9463929484572503
 -1.0684574079972 -0.6450742721917666 -1.1974967102494034
 -0.027091940078998646 -0.2418432211691025 -1.413263533775963
 -1.7607731226902805 -0.6046883770213568 0.5146341766858694
 0.11197969133125502 0.3076437838718327 1.306046023598676
 0.3987814846607833 -0.3509976487801574 1.2793980814710426 2.0082598739583
 1.541533545928586 1.457037872364093 0.9428905113775256 0.6277465014789818
 -0.9425122655791793 1.7092969656784625 2.504955498560364
 1.7866584037861009 0.6921355901377176 -0.27400995734587563
 0.23922253925873857 1.2797035955580527 1.2105050097704433
 -0.361785743675651 -0.8338938944653179 2.056524248825035
 2.0859339656236915 2.1040847314707745 0.7572987070133166
 0.6643967059317282 0.26494577106114764 -0.5976863794165095
 0.33693700947556926 -0.9245248607335466 -0.11420148031226754
 0.04635807073589256]",1,0
13,"[0.339607792868947 -0.832157911213463 -0.7646644575772343
 -0.07236270994050067 0.0020561078375202968 0.20425332405539348
 0.7037475604665502 0.2541208449984852 -0.2619083655721086
 2.383807372943453 -0.03221999336364127 -0.1749688602576569
 -0.18407215052548476 -0.8883558601427325 0.0205407628983085
 -0.3295684243735578 -0.8187080480061475 -0.9463929484572503
 -1.0684574079972 -0.6450742721917666 -1.1974967102494034
 -0.027091940078998646 -0.2418432211691025 -1.413263533775963
 -1.7607731226902805 -0.6046883770213568 0.5146341766858694
 0.11197969133125502 0.3076437838718327 1.306046023598676
 0.3987814846607833 -0.3509976487801574 1.2793980814710426 2.0082598739583
 1.541533545928586 1.457037872364093 0.9428905113775256 0.6277465014789818
 -0.9425122655791793 1.7092969656784625 2.504955498560364
 1.7866584037861009 0.6921355901377176 -0.27400995734587563
 0.23922253925873857 1.2797035955580527 1.2105050097704433
 -0.361785743675651 -0.8338938944653179 2.056524248825035
 2.0859339656236915 2.1040847314707745 0.7572987070133166
 0.6643967059317282 0.26494577106114764 -0.5976863794165095
 0.33693700947556926 -0.9245248607335466 -0.11420148031226754
 0.04635807073589256]",1,0
13,"[0.339607792868947 -0.832157911213463 -0.7646644575772343
 -0.07236270994050067 0.0020561078375202968 0.20425332405539348
 0.7037475604665502 0.2541208449984852 -0.2619083655721086
 2.4547726223465345 -0.03221999336364127 -0.1749688602576569
 -0.18407215052548476 -0.8883558601427325 0.0205407628983085
 -0.3295684243735578 -0.8187080480061475 -0.9463929484572503
 -1.0684574079972 -0.6450742721917666 -1.1974967102494034
 -0.027091940078998646 -0.2418432211691025 -1.413263533775963
 -1.7607731226902805 -0.6046883770213568 0.5146341766858694
 0.11197969133125502 0.3076437838718327 1.306046023598676
 0.3987814846607833 -0.3509976487801574 1.2793980814710426 2.0082598739583
 1.541533545928586 1.457037872364093 0.9428905113775256 0.6277465014789818
 -0.9425122655791793 1.7092969656784625 2.504955498560364
 1.7866584037861009 0.6921355901377176 -0.27400995734587563
 0.23922253925873857 1.2797035955580527 1.2105050097704433
 -0.361785743675651 -0.8338938944653179 2.056524248825035
 2.0859339656236915 2.1040847314707745 0.7572987070133166
 0.6643967059317282 0.26494577106114764 -0.5976863794165095
 0.33693700947556926 -0.9245248607335466 -0.11420148031226754
 0.04635807073589256]",1,0
14,"[0.1162537068310041 0.5758052028110323 0.7673344956696981
 0.07397077016140076 -0.2472983701577483 3.2358891536565277
 -0.8676512794346314 -0.7683737353448816 -0.26699867161284385
 0.573708188744204 1.1877721553543226 1.7851092518939071
 1.5576229697471464 1.0909045219851623 1.0240632758060098
 1.3450723086504008 1.324383081248132 1.5849593290364226
 1.8306786778291064 -1.2306136445575728 0.821979445373294
 0.09289426535940104 -0.19170940355911525 -0.8056334252914943
 -1.5179907462467452 -2.357906869963919 -2.3897208456832795
 -2.60438763628204 -2.129638303292487 -1.4089938005137186
 -1.1210285504554092 -0.6949480807407117 -0.6145286721911788
 -0.021425903904804755 -0.09205637726354204 -0.2256766326705663
 0.43825607175084585 0.4680405817009488 -0.66005276073727
 0.1774212736309191 1.8657825244721553 0.9206768398098921
 -0.4009621503132722 -0.5584209613788615 -0.8939442174039968
 -0.7426059958600503 -0.6175047861381064 -1.0306715743679988
 -0.7526014354440548 -0.10050682419069741 -0.7567739950368547
 1.8587345719722588 1.1966405501633435 0.4256989460676875
 2.6409169977141858 1.1606797213797462 -0.4396717189432332
 0.6227320417284604 0.6760526398397568 -0.18518169877742954]",0,1
14,"[0.1162537068310041 0.5758052028110323 0.7673344956696981
 0.07397077016140076 -0.2472983701577483 3.2358891536565277
 -0.8676512794346314 -0.7683737353448816 -0.26699867161284385
 0.573708188744204 1.1877721553543226 1.7851092518939071
 1.5576229697471464 1.0909045219851623 1.0240632758060098
 1.3450723086504008 1.324383081248132 1.5849593290364226
 1.8306786778291064 -1.2306136445575728 0.821979445373294
 0.09289426535940104 -0.19170940355911525 -0.8056334252914943
 -1.5179907462467452 -2.357906869963919 -2.3897208456832795
 -2.60438763628204 -2.129638303292487 -1.4089938005137186
 -1.1210285504554092 -0.6949480807407117 -0.6145286721911788
 -0.021425903904804755 -0.09205637726354204 -0.2256766326705663
 0.43825607175084585 0.4680405817009488 -0.66005276073727
 0.1774212736309191 1.8657825244721553 0.9206768398098921
 -0.4009621503132722 -0.5584209613788615 -0.8939442174039968
 -0.7426059958600503 -0.6175047861381064 -1.0306715743679988
 -0.7526014354440548 -0.10050682419069741 -0.7567739950368547
 1.8587345719722588 1.1966405501633435 0.4256989460676875
 2.6409169977141858 1.1606797213797462 -0.4396717189432332
 0.6227320417284604 0.6760526398397568 -0.18518169877742954]",0,1
14,"[0.1162537068310041 0.5758052028110323 0.7673344956696981
 0.07397077016140076 -0.2472983701577483 3.2358891536565277
 -0.8676512794346314 -0.7683737353448816 -0.26699867161284385
 0.573708188744204 1.1877721553543226 1.7851092518939071
 1.5576229697471464 1.0909045219851623 1.0240632758060098
 1.3450723086504008 1.324383081248132 1.5849593290364226
 1.8306786778291064 -1.2726335601828518 0.821979445373294
 0.09289426535940104 -0.19170940355911525 -0.8056334252914943
 -1.5179907462467452 -2.357906869963919 -2.3897208456832795
 -2.60438763628204 -2.129638303292487 -1.4089938005137186
 -1.1210285504554092 -0.6949480807407117 -0.6145286721911788
 -0.021425903904804755 -0.09205637726354204 -0.2256766326705663
 0.43825607175084585 0.4680405817009488 -0.66005276073727
 0.1774212736309191 1.8657825244721553 0.9206768398098921
 -0.4009621503132722 -0.5584209613788615 -0.8939442174039968
 -0.7426059958600503 -0.6175047861381064 -1.0306715743679988
 -0.7526014354440548 -0.10050682419069741 -0.7567739950368547
 1.8587345719722588 1.1966405501633435 0.4256989460676875
 2.6409169977141858 1.1606797213797462 -0.4396717189432332
 0.6227320417284604 0.6760526398397568 -0.18518169877742954]",0,1
15,"[-0.29074707217146967 -1.1677166877745837 -1.1493222034141264
 -1.1192099137464102 -0.5758129998975468 -0.2343905666510614
 -0.5218817901047053 -0.7788668382218374 -0.1278636398327509
 2.3570531611231944 -0.730033449634859 -1.0920435196272997
 -1.4686676753143788 -0.8413687291484888 -1.2993094986433427
 -1.353213863761063 -0.7135589131868935 -0.7735201099942676
 -0.8355810664332317 -0.42792416128874244 -0.08483767133882632
 0.3848476707746596 0.9195902201289402 0.996961143300467 1.009584011566087
 1.2725867499139363 1.2675098846924053 0.9811193049434401
 0.9437756319521973 0.6899338988374468 0.66601631469203 0.7769160974447117
 0.7040404637571858 0.8290638378726912 0.9306483508062244
 0.652946215049586 0.5139512376948481 0.2753570383699296
 -0.5272769019471472 -0.7973059741676838 -0.6258506941609877
 -1.2292682333449065 -1.171289320720379 -1.2519976657308427
 -1.0434284849123285 -0.9407184874350681 -1.1005656212310462
 2.20911223234729 -1.1058031539502329 -1.0050682419069723
 4.223887278264271 -0.9578852590706972 0.3463014989052265
 -0.09381970775404799 -0.6543288106796112 -0.44552008223221806
 -0.8370064172040158 -0.6325895961180735 -0.9199507792908024
 -0.7254411609751809]",1,0
15,"[-0.29074707217146967 -1.1677166877745837 -1.1493222034141264
 -1.1192099137464102 -0.5758129998975468 -0.2343905666510614
 -0.5218817901047053 -0.7788668382218374 -0.1278636398327509
 2.3570531611231944 -0.730033449634859 -1.0920435196272997
 -1.4686676753143788 -0.8413687291484888 -1.2993094986433427
 -1.353213863761063 -0.7135589131868935 -0.7735201099942676
 -0.8355810664332317 -0.42792416128874244 -0.08483767133882632
 0.3848476707746596 0.9195902201289402 0.996961143300467 1.009584011566087
 1.2725867499139363 1.2675098846924053 0.9811193049434401
 0.9437756319521973 0.6899338988374468 0.66601631469203 0.7769160974447117
 0.7040404637571858 0.8290638378726912 0.9306483508062244
 0.652946215049586 0.5139512376948481 0.2753570383699296
 -0.5272769019471472 -0.7973059741676838 -0.6258506941609877
 -1.2292682333449065 -1.171289320720379 -1.2519976657308427
 -1.0434284849123285 -0.9407184874350681 -1.1005656212310462
 2.20911223234729 -1.1058031539502329 -1.0050682419069723
 4.223887278264271 -0.9578852590706972 0.3463014989052265
 -0.09381970775404799 -0.6543288106796112 -0.44552008223221806
 -0.8370064172040158 -0.6325895961180735 -0.9199507792908024
 -0.7254411609751809]",1,0
15,"[-0.29074707217146967 -1.1677166877745837 -1.1493222034141264
 -1.1192099137464102 -0.5758129998975468 -0.2343905666510614
 -0.5218817901047053 -0.7788668382218374 -0.1278636398327509
 2.5365502632282384 -0.730033449634859 -1.0920435196272997
 -1.4686676753143788 -0.8413687291484888 -1.2993094986433427
 -1.353213863761063 -0.7135589131868935 -0.7735201099942676
 -0.8355810664332317 -0.42792416128874244 -0.08483767133882632
 0.3848476707746596 0.9195902201289402 0.996961143300467 1.009584011566087
 1.2725867499139363 1.2675098846924053 0.9811193049434401
 0.9437756319521973 0.6899338988374468 0.66601631469203 0.7769160974447117
 0.7040404637571858 0.8290638378726912 0.9306483508062244
 0.652946215049586 0.5139512376948481 0.2753570383699296
 -0.5272769019471472 -0.7973059741676838 -0.6258506941609877
 -1.2292682333449065 -1.171289320720379 -1.2519976657308427
 -1.0434284849123285 -0.9407184874350681 -1.1005656212310462
 2.216440670490025 -1.1058031539502329 -1.0050682419069723
 4.223887278264271 -0.9578852590706972 0.3463014989052265
 -0.09381970775404799 -0.6543288106796112 -0.44552008223221806
 -0.8370064172040158 -0.6325895961180735 -0.9199507792908024
 -0.7254411609751809]",1,0
16,"[0.10632685856265098 0.022306189926709786 -0.6883961114199195
 -0.7533762134916568 -0.5540439581678009 -0.6132908450032322
 -0.4447011005221327 -0.4092764368890584 0.6450144940188631
 0.8296697694116042 -0.13933357130143542 0.09823258985711639
 -0.2194470812837102 -0.529281365260796 -1.0854207210812568
 -1.1899457397029096 0.8407884060781057 -1.1090967964224103
 -1.3532562616569614 -1.6668642485863605 -2.248959502019899
 -1.7412922562119626 -0.9640089272177317 -0.45977716040769673
 -0.10540126564913031 0.20578614819247565 0.6761676170020963
 0.9868319596807971 0.9939321815123798 1.41060931031748 1.8711561633039424
 1.9254481256944642 1.504193570663892 0.9297058438829281
 0.9220443339735152 1.1865741710982483 1.6049024711589668
 1.3664452690658724 1.2818563350508565 1.727378862449219
 1.5205149804334352 1.213490749931344 1.8047529330967609
 -0.7947246823657999 2.474519064838835 2.2589047635937143
 2.9746297300402516 -1.3762625868923788 2.5607670667329487
 1.7086160112418525 0.8721054975730451 0.6712397999994448
 -0.48986523483192185 -0.5150510486905903 -0.06033600401635164
 0.09551564108970671 -0.042337020682450426 -0.530412253502658
 -0.3931146991894527 -0.8412110457318419]",0,1
16,"[0.10632685856265098 0.022306189926709786 -0.6883961114199195
 -0.7533762134916568 -0.5540439581678009 -0.6132908450032322
 -0.4447011005221327 -0.4092764368890584 0.6450144940188631
 0.8296697694116042 -0.13933357130143542 0.09823258985711639
 -0.2194470812837102 -0.529281365260796 -1.0854207210812568
 -1.1899457397029096 0.8407884060781057 -1.1090967964224103
 -1.3532562616569614 -1.6668642485863605 -2.248959502019899
 -1.7412922562119626 -0.9640089272177317 -0.45977716040769673
 -0.10540126564913031 0.20578614819247565 0.6761676170020963
 0.9868319596807971 0.9939321815123798 1.41060931031748 1.8711561633039424
 1.9254481256944642 1.504193570663892 0.9297058438829281
 0.9220443339735152 1.1865741710982483 1.6049024711589668
 1.3664452690658724 1.2818563350508565 1.727378862449219
 1.5205149804334352 1.213490749931344 1.8047529330967609
 -0.7947246823657999 2.474519064838835 2.2589047635937143
 2.9746297300402516 -1.3762625868923788 2.5607670667329487
 1.7086160112418525 0.8721054975730451 0.6712397999994448
 -0.48986523483192185 -0.5150510486905903 -0.06033600401635164
 0.09551564108970671 -0.042337020682450426 -0.530412253502658
 -0.3931146991894527 -0.8412110457318419]",0,1
16,"[0.10632685856265098 0.022306189926709786 -0.6883961114199195
 -0.7533762134916568 -0.5540439581678009 -0.6132908450032322
 -0.4447011005221327 -0.4092764368890584 0.6450144940188631
 0.8296697694116042 -0.13933357130143542 0.09823258985711639
 -0.2194470812837102 -0.529281365260796 -1.0854207210812568
 -1.1899457397029096 0.8407884060781057 -1.1090967964224103
 -1.3532562616569614 -1.6668642485863605 -2.248959502019899
 -1.7412922562119626 -0.9640089272177317 -0.45977716040769673
 -0.10540126564913031 0.20578614819247565 0.6761676170020963
 0.9868319596807971 0.9939321815123798 1.41060931031748 1.8711561633039424
 1.9254481256944642 1.504193570663892 0.9297058438829281
 0.9220443339735152 1.1865741710982483 1.6049024711589668
 1.3664452690658724 1.2818563350508565 1.727378862449219
 1.5205149804334352 1.213490749931344 1.8047529330967609
 -1.002992418137887 2.474519064838835 2.2589047635937143
 2.9746297300402516 -1.3762625868923788 2.5607670667329487
 1.7086160112418525 0.8721054975730451 0.6712397999994448
 -0.48986523483192185 -0.5150510486905903 -0.06033600401635164
 0.09551564108970671 -0.042337020682450426 -0.530412253502658
 -0.3931146991894527 -0.8412110457318419]",0,1
17,"[-0.5984793684904132 -0.5484896671102477 -0.7281882920237359
 -0.30593345702622765 0.031741164741718966 0.6114532082595937
 0.4011992573028648 0.18766452677776485 0.566114750387469
 0.5966301213412847 1.0412785855276336 0.901473311678937
 0.8265410674104864 0.12563802847378572 -1.1205155537632843
 -1.2306589105876402 1.8495404594921194 0.22957816696950917
 0.4725562532339174 0.5978139989404521 0.6844865784222014
 0.7831080725392492 0.8893507745864083 0.42619475646229527
 0.1266640619191386 -0.5618953220900663 -1.6108699110932296
 -0.828568106497894 0.07276433227292897 0.740412726908594
 1.4033777965005656 1.8776511991822347 2.8886168917722763
 2.3706574835831447 1.1183723544289732 0.05592832901674096
 -0.9986691122708862 0.11706444531559583 1.5956449751129074
 2.855802232799254 2.700131531719442 1.4694905320878162
 0.12258147409915991 -0.4122333908603127 0.5153883894012496
 0.8110503896816664 0.8540935351543067 0.9329861143073939
 1.9777039123735438 2.242075308869399 -1.038695445680876
 -0.5358829847332508 -1.113447205754541 -1.0626517919080951
 -0.10276406163515589 -1.0710926373231937 2.890592943825677
 0.43297411972840305 0.040750307952835296 -0.6096712762185198]",0,1
17,"[-0.5984793684904132 -0.5484896671102477 -0.7281882920237359
 -0.30593345702622765 0.031741164741718966 0.6114532082595937
 0.4011992573028648 0.18766452677776485 0.566114750387469
 0.5966301213412847 1.0412785855276336 0.901473311678937
 0.8265410674104864 0.12563802847378572 -1.1205155537632843
 -1.2306589105876402 1.8495404594921194 0.22957816696950917
 0.4725562532339174 0.5978139989404521 0.6844865784222014
 0.7831080725392492 0.8893507745864083 0.42619475646229527
 0.1266640619191386 -0.5618953220900663 -1.6108699110932296
 -0.828568106497894 0.07276433227292897 0.740412726908594
 1.4033777965005656 1.8776511991822347 2.8886168917722763
 2.3706574835831447 1.1183723544289732 0.05592832901674096
 -0.9986691122708862 0.11706444531559583 1.5956449751129074
 2.855802232799254 2.700131531719442 1.4694905320878162
 0.12258147409915991 -0.4122333908603127 0.5153883894012496
 0.8110503896816664 0.8540935351543067 0.9329861143073939
 1.9777039123735438 2.242075308869399 -1.038695445680876
 -0.5358829847332508 -1.113447205754541 -1.0626517919080951
 -0.10276406163515589 -1.0710926373231937 2.890592943825677
 0.43297411972840305 0.040750307952835296 -0.6096712762185198]",0,1
17,"[-0.5984793684904132 -0.5484896671102477 -0.7281882920237359
 -0.30593345702622765 0.031741164741718966 0.6114532082595937
 0.4011992573028648 0.18766452677776485 0.566114750387469
 0.5966301213412847 1.0412785855276336 0.901473311678937
 0.8265410674104864 0.12563802847378572 -1.1205155537632843
 -1.2306589105876402 1.530994398780271 0.22957816696950917
 0.4725562532339174 0.5978139989404521 0.6844865784222014
 0.7831080725392492 0.8893507745864083 0.42619475646229527
 0.1266640619191386 -0.5618953220900663 -1.6108699110932296
 -0.828568106497894 0.07276433227292897 0.740412726908594
 1.4033777965005656 1.8776511991822347 2.8886168917722763
 2.3706574835831447 1.1183723544289732 0.05592832901674096
 -0.9986691122708862 0.11706444531559583 1.5956449751129074
 2.855802232799254 2.700131531719442 1.4694905320878162
 0.12258147409915991 -0.8327441308066348 0.5153883894012496
 0.8110503896816664 0.8540935351543067 0.9329861143073939
 1.9777039123735438 2.242075308869399 -1.038695445680876
 -0.5358829847332508 -1.113447205754541 -1.0626517919080951
 -0.10276406163515589 -1.0710926373231937 3.3407755280149405
 0.43297411972840305 0.040750307952835296 -0.6096712762185198]",0,1
18,"[0.419022579015771 -0.2682807918375595 -1.0564737820052212
 0.20060551255727685 0.04559419129701151 -0.5912800404516537
 -0.39684907298093747 0.17483962326148525 0.330263903833409
 0.3842202126083377 0.4466407080053209 0.3216316922947174
 -0.054364071078658024 0.05544737600090317 -0.31001462060673324
 -0.6511193862590808 1.704032907375465 -1.045903784043085
 -0.9394260906248182 -0.9936989047869854 -1.0600038432983108
 -1.1476145817463967 -0.8931849626575905 -0.8420829478181701
 -0.8345727833547564 -0.2908726408585609 0.591342267690309
 1.139033403754668 1.5370909133348447 1.2001306254136808
 0.2081007447790856 0.17898591872309433 0.511924495019685
 -0.03438410210354772 -0.764734056911725 -0.8607284766939205
 -0.6732226643421545 -0.7747447173387305 -1.053407458501267
 -0.4622258246345989 0.44761748821394154 0.9212432110093536
 1.046276949926686 -0.10544259986418407 0.00612842721184836
 0.40133387484731076 0.6915788690557537 0.8931714815280875
 1.282513228329638 0.1623571775388184 -0.06763267124035859
 -0.26109080609491353 -1.1417918407964782 -1.245185372980597
 -0.4704738943314594 0.14623774015113716 3.5006094842728865
 0.11184532865138266 0.4591201362686128 -0.24306664115576004]",0,1
18,"[0.419022579015771 -0.2682807918375595 -1.0564737820052212
 0.20060551255727685 0.04559419129701151 -0.5912800404516537
 -0.39684907298093747 0.17483962326148525 0.330263903833409
 0.3842202126083377 0.4466407080053209 0.3216316922947174
 -0.054364071078658024 0.05544737600090317 -0.31001462060673324
 -0.6511193862590808 1.704032907375465 -1.045903784043085
 -0.9394260906248182 -0.9936989047869854 -1.0600038432983108
 -1.1476145817463967 -0.8931849626575905 -0.8420829478181701
 -0.8345727833547564 -0.2908726408585609 0.591342267690309
 1.139033403754668 1.5370909133348447 1.2001306254136808
 0.2081007447790856 0.17898591872309433 0.511924495019685
 -0.03438410210354772 -0.764734056911725 -0.8607284766939205
 -0.6732226643421545 -0.7747447173387305 -1.053407458501267
 -0.4622258246345989 0.44761748821394154 0.9212432110093536
 1.046276949926686 -0.10544259986418407 0.00612842721184836
 0.40133387484731076 0.6915788690557537 0.8931714815280875
 1.282513228329638 0.1623571775388184 -0.06763267124035859
 -0.26109080609491353 -1.1417918407964782 -1.245185372980597
 -0.4704738943314594 0.14623774015113716 3.5006094842728865
 0.11184532865138266 0.4591201362686128 -0.24306664115576004]",0,1
18,"[0.419022579015771 -0.2682807918375595 -1.0564737820052212
 0.20060551255727685 0.04559419129701151 -0.5912800404516537
 -0.39684907298093747 0.17483962326148525 0.330263903833409
 0.3842202126083377 0.4466407080053209 0.3216316922947174
 -0.054364071078658024 0.05544737600090317 -0.31001462060673324
 -0.6511193862590808 1.807050645586299 -1.045903784043085
 -0.9394260906248182 -0.9936989047869854 -1.0600038432983108
 -1.1476145817463967 -0.8931849626575905 -0.8420829478181701
 -0.8345727833547564 -0.2908726408585609 0.591342267690309
 1.139033403754668 1.5370909133348447 1.2001306254136808
 0.2081007447790856 0.17898591872309433 0.511924495019685
 -0.03438410210354772 -0.764734056911725 -0.8607284766939205
 -0.6732226643421545 -0.7747447173387305 -1.053407458501267
 -0.4622258246345989 0.44761748821394154 0.9212432110093536
 1.046276949926686 -0.10544259986418407 0.00612842721184836
 0.40133387484731076 0.6915788690557537 0.8931714815280875
 1.282513228329638 0.1623571775388184 -0.06763267124035859
 -0.26109080609491353 -1.1417918407964782 -1.245185372980597
 -0.4704738943314594 0.14623774015113716 3.3601597157197145
 0.11184532865138266 0.4591201362686128 -0.24306664115576004]",0,1
19,"[-0.7821260614549439 -0.7179987398060715 0.727542315065882
 3.4818523933037566 3.6196750425625286 2.364456570760301 2.65487539311399
 3.249318766209557 2.7218593586387874 2.96370169419981 2.727529838210114
 2.088903572724658 1.8981933815567293 1.2892946306275248
 0.7271799614958864 1.1980063648422934 1.3467859896975953
 1.1004795674615935 1.1487113547798815 1.4217999652215638
 1.5213651269742285 1.1583092361251237 0.5479633499088747
 -0.5538003605617349 -0.935972553482277 -0.4650706321445206
 -0.5799781060600215 -1.0999192065223555 -2.1810181833297473
 -1.522120459851735 -1.4446222198605563 -1.7928715985657502
 -0.8031786311834156 -0.8805544444814626 -1.3947827440705756
 -0.8499713976663017 -1.014492395547316 -0.44025739272987063
 2.3095593842747406 0.07514554502132656 0.06753784469363162
 -1.1250559326440417 -0.8171479609314105 -0.5873818730166851
 -0.5474700888995159 -0.7852108327579035 -1.2888584757452315
 -1.0163383065674487 -0.3965965286957643 -0.6339661218182442
 -0.051970368426801944 2.525417238776753 -0.9858963480658235
 -0.12190179714981755 0.43465800153636464 -1.3077957662765358
 1.8901544663131746 0.2286194344975719 0.5520912092276745
 -0.03082185243521481]",1,0
19,"[-0.7821260614549439 -0.7179987398060715 0.727542315065882
 3.4818523933037566 3.6196750425625286 2.364456570760301 2.65487539311399
 3.249318766209557 2.7218593586387874 2.96370169419981 2.727529838210114
 2.088903572724658 1.8981933815567293 1.2892946306275248
 0.7271799614958864 1.1980063648422934 1.3467859896975953
 1.1004795674615935 1.1487113547798815 1.4217999652215638
 1.5213651269742285 1.1583092361251237 0.5479633499088747
 -0.5538003605617349 -0.935972553482277 -0.4650706321445206
 -0.5799781060600215 -1.0999192065223555 -2.1810181833297473
 -1.522120459851735 -1.4446222198605563 -1.7928715985657502
 -0.8031786311834156 -0.8805544444814626 -1.3947827440705756
 -0.8499713976663017 -1.014492395547316 -0.44025739272987063
 2.3095593842747406 0.07514554502132656 0.06753784469363162
 -1.1250559326440417 -0.8171479609314105 -0.5873818730166851
 -0.5474700888995159 -0.7852108327579035 -1.2888584757452315
 -1.0163383065674487 -0.3965965286957643 -0.6339661218182442
 -0.051970368426801944 2.525417238776753 -0.9858963480658235
 -0.12190179714981755 0.43465800153636464 -1.3077957662765358
 1.8901544663131746 0.2286194344975719 0.5520912092276745
 -0.03082185243521481]",1,0
19,"[-0.7821260614549439 -0.7179987398060715 0.727542315065882
 3.4818523933037566 3.6196750425625286 2.364456570760301 2.65487539311399
 3.249318766209557 2.7218593586387874 2.96370169419981 2.727529838210114
 2.088903572724658 1.8981933815567293 1.2892946306275248
 0.7271799614958864 1.1980063648422934 1.3467859896975953
 1.1004795674615935 1.1487113547798815 1.4217999652215638
 1.5213651269742285 1.1583092361251237 0.5479633499088747
 -0.5538003605617349 -0.935972553482277 -0.4650706321445206
 -0.5799781060600215 -1.0999192065223555 -2.1810181833297473
 -1.522120459851735 -1.4446222198605563 -1.7928715985657502
 -0.8031786311834156 -0.8805544444814626 -1.3947827440705756
 -0.8499713976663017 -1.014492395547316 -0.44025739272987063
 2.608006800346399 0.07514554502132656 0.06753784469363162
 -1.1250559326440417 -0.8171479609314105 -0.5873818730166851
 -0.5474700888995159 -0.7852108327579035 -1.2888584757452315
 -1.0163383065674487 -0.3965965286957643 -0.6339661218182442
 -0.051970368426801944 2.9760258467103773 -0.9858963480658235
 -0.12190179714981755 0.43465800153636464 -1.3077957662765358
 1.8901544663131746 0.2286194344975719 0.5520912092276745
 -0.03082185243521481]",1,0
20,"[-0.4694303410018239 -0.16795909575227602 -0.7447683672753261
 0.3581954142054783 -1.2981493845663805 -0.41833800468925225
 0.3286494090952463 0.14918981622892666 0.012119776287464688
 0.3674107953704783 0.18752036137639214 0.8730148272919814
 0.8119749194512171 -0.24329796303657214 -0.3470064712715728
 0.03394202995439158 0.8756022377927594 0.33562621073251525
 -1.1719149507552358 -1.2361173922314526 0.5171903443574324
 0.3918826925918944 -1.2210442143292548 -1.6497712310797337
 -0.32139101990449953 -0.4758769591473715 -0.7751981683517432
 0.7954580259793349 0.8597736058595336 -0.756374666165321
 -1.321102430232757 -1.2502359034563202 -1.8117874670552965
 -1.062401159203822 -0.3345332152762592 -0.91835568577045
 -0.8464234677733455 -0.6216343222712947 -1.2001073773892303
 -1.61607686231851 -0.7388473449372962 -0.7019766466465088
 -0.4239673961263351 -0.2123751966807638 -0.6285463017853908
 -0.680828982358163 -1.1655714876704675 -0.8156725573597442
 -1.1366382246134705 -0.46387765011091037 3.801436612902857
 1.1517608928022278 -0.12138497928673797 0.49590416955711125
 1.4105033267688625 0.9577913251340244 0.40917968188662085
 0.19942590803602453 -0.43960023566898354 0.20071791707810713]",1,0
20,"[-0.4694303410018239 -0.16795909575227602 -0.7447683672753261
 0.3581954142054783 -1.2981493845663805 -0.41833800468925225
 0.3286494090952463 0.14918981622892666 0.012119776287464688
 0.3674107953704783 0.18752036137639214 0.8730148272919814
 0.8119749194512171 -0.24329796303657214 -0.3470064712715728
 0.03394202995439158 0.8756022377927594 0.33562621073251525
 -1.1719149507552358 -1.2361173922314526 0.5171903443574324
 0.3918826925918944 -1.2210442143292548 -1.6497712310797337
 -0.32139101990449953 -0.4758769591473715 -0.7751981683517432
 0.7954580259793349 0.8597736058595336 -0.756374666165321
 -1.321102430232757 -1.2502359034563202 -1.8117874670552965
 -1.062401159203822 -0.3345332152762592 -0.91835568577045
 -0.8464234677733455 -0.6216343222712947 -1.2001073773892303
 -1.61607686231851 -0.7388473449372962 -0.7019766466465088
 -0.4239673961263351 -0.2123751966807638 -0.6285463017853908
 -0.680828982358163 -1.1655714876704675 -0.8156725573597442
 -1.1366382246134705 -0.46387765011091037 3.801436612902857
 1.1517608928022278 -0.12138497928673797 0.49590416955711125
 1.4105033267688625 0.9577913251340244 0.40917968188662085
 0.19942590803602453 -0.43960023566898354 0.20071791707810713]",1,0
20,"[-0.4694303410018239 -0.16795909575227602 -0.7447683672753261
 0.3581954142054783 -1.2981493845663805 -0.41833800468925225
 0.3286494090952463 0.14918981622892666 0.012119776287464688
 0.3674107953704783 0.18752036137639214 0.8730148272919814
 0.8119749194512171 -0.24329796303657214 -0.3470064712715728
 0.03394202995439158 0.8756022377927594 0.33562621073251525
 -1.1719149507552358 -1.2361173922314526 0.5171903443574324
 0.3918826925918944 -1.2210442143292548 -1.6497712310797337
 -0.32139101990449953 -0.4758769591473715 -0.7751981683517432
 0.7954580259793349 0.8597736058595336 -0.756374666165321
 -1.321102430232757 -1.2502359034563202 -1.8117874670552965
 -1.062401159203822 -0.3345332152762592 -0.91835568577045
 -0.8464234677733455 -0.6216343222712947 -1.2001073773892303
 -1.61607686231851 -0.7388473449372962 -0.7019766466465088
 -0.4239673961263351 -0.2123751966807638 -0.6285463017853908
 -0.680828982358163 -1.1655714876704675 -0.8156725573597442
 -1.1366382246134705 -0.46387765011091037 3.801436612902857
 1.6509463988701993 -0.12138497928673797 0.49590416955711125
 1.4105033267688625 0.9577913251340244 0.40917968188662085
 0.19942590803602453 -0.43960023566898354 0.20071791707810713]",1,0
21,"[-0.8367237269308856 -0.7145393709755445 -0.9470452853447262
 -1.1783061268644857 -1.0388998876030455 0.004583882766075436
 -0.3150375420234104 -1.0295354069491167 -0.7157939875376558
 2.503430261099363 -1.2829285357549434 -1.3239801673809874
 -1.1655530725429175 -1.1070490500789036 -0.81888969449613
 -0.6303473602974837 -0.4815804095650342 -0.3602232819041961
 -0.3903648992834822 -0.6099354360638226 -0.6844814176659909
 -0.8540978381495303 -1.255660421726627 -1.157702676969612
 -0.9755431954832607 -0.7693768005448072 0.27395746787299824
 1.1573955082676017 1.5370909133348447 1.4971444441537316
 1.5038843933840225 1.4798120755657354 1.532911937124652
 0.9089727267649392 0.6979488046488588 0.7674322704149575
 0.7440303296602323 0.13732212835528748 -0.7351432276934818
 -1.2408775043253086 -1.3049719791297099 -0.5275343172124525
 0.17068335170829121 0.5309548686900428 0.21578644647141532
 0.03280203568087972 -0.23307354150497786 0.44406242377751093
 0.5340619676855941 -0.2783265900665463 5.726329155152678
 3.9011915632955714 -1.255170380964227 -0.31847642292020395
 -0.37147509322091615 -0.9696484392003328 -0.8550670853067787
 -0.6033960696565261 -0.16068701679179836 -0.4553114298763051]",1,0
21,"[-0.8367237269308856 -0.7145393709755445 -0.9470452853447262
 -1.1783061268644857 -1.0388998876030455 0.004583882766075436
 -0.3150375420234104 -1.0295354069491167 -0.7157939875376558
 2.503430261099363 -1.2829285357549434 -1.3239801673809874
 -1.1655530725429175 -1.1070490500789036 -0.81888969449613
 -0.6303473602974837 -0.4815804095650342 -0.3602232819041961
 -0.3903648992834822 -0.6099354360638226 -0.6844814176659909
 -0.8540978381495303 -1.255660421726627 -1.157702676969612
 -0.9755431954832607 -0.7693768005448072 0.27395746787299824
 1.1573955082676017 1.5370909133348447 1.4971444441537316
 1.5038843933840225 1.4798120755657354 1.532911937124652
 0.9089727267649392 0.6979488046488588 0.7674322704149575
 0.7440303296602323 0.13732212835528748 -0.7351432276934818
 -1.2408775043253086 -1.3049719791297099 -0.5275343172124525
 0.17068335170829121 0.5309548686900428 0.21578644647141532
 0.03280203568087972 -0.23307354150497786 0.44406242377751093
 0.5340619676855941 -0.2783265900665463 5.726329155152678
 3.9011915632955714 -1.255170380964227 -0.31847642292020395
 -0.37147509322091615 -0.9696484392003328 -0.8550670853067787
 -0.6033960696565261 -0.16068701679179836 -0.4553114298763051]",1,0
21,"[-0.8367237269308856 -0.7145393709755445 -0.9470452853447262
 -1.1783061268644857 -1.0388998876030455 0.004583882766075436
 -0.3150375420234104 -1.0295354069491167 -0.7157939875376558
 2.499534366527104 -1.2829285357549434 -1.3239801673809874
 -1.1655530725429175 -1.1070490500789036 -0.81888969449613
 -0.6303473602974837 -0.4815804095650342 -0.3602232819041961
 -0.3903648992834822 -0.6099354360638226 -0.6844814176659909
 -0.8540978381495303 -1.255660421726627 -1.157702676969612
 -0.9755431954832607 -0.7693768005448072 0.27395746787299824
 1.1573955082676017 1.5370909133348447 1.4971444441537316
 1.5038843933840225 1.4798120755657354 1.532911937124652
 0.9089727267649392 0.6979488046488588 0.7674322704149575
 0.7440303296602323 0.13732212835528748 -0.7351432276934818
 -1.2408775043253086 -1.3049719791297099 -0.5275343172124525
 0.17068335170829121 0.5309548686900428 0.21578644647141532
 0.03280203568087972 -0.23307354150497786 0.44406242377751093
 0.5340619676855941 -0.2783265900665463 5.726329155152678
 4.207099265524992 -1.255170380964227 -0.31847642292020395
 -0.37147509322091615 -0.9696484392003328 -0.8550670853067787
 -0.6033960696565261 -0.16068701679179836 -0.4553114298763051]",1,0
22,"[0.4488031238208302 0.7937454391342343 0.6844341194117473
 0.11055414018687616 -0.951823720684063 4.082831124127761
 1.304213325418966 1.6450399263549695 1.0989001159844103
 0.42471562686317993 0.8774578192698309 1.0786273769877353
 1.275317149774641 1.6582306221378826 2.1229109423500288
 1.7326783130938028 1.2727118569211446 1.5137763955516652
 1.773718907097154 1.271374161123287 -1.9050363912538824
 1.2141985761176028 1.0584529371597786 0.4676146684244268
 -0.04728188521018554 -0.2938984124193589 -0.8165961857192184
 -1.3378104716565828 -0.5702997218442087 -0.8744590675460394
 -0.9420892354432739 -1.4742254218175532 -1.6949334242149607
 -1.0960924745205536 -0.7780311738350031 -0.7462424213285488
 -0.8019472120774348 -1.1469207545795745 -0.15828930935437133
 -0.03165065778095529 -0.7593921905329886 -0.7586137665926311
 0.30453205462065724 -0.0928186127400047 -0.5930754586478206
 -0.16104997220435271 -0.1770340014709942 -0.6197845640855567
 -0.3321231991271761 -0.15462588337030356 1.514259912928871
 -0.13350872315568563 -0.5890714574787022 1.8298034158561616
 -0.8240410411548283 0.06170090838208633 0.8606963844556919
 0.5059579358822711 0.27317799035048945 1.1847619375097258]",0,1
22,"[0.4488031238208302 0.7937454391342343 0.6844341194117473
 0.11055414018687616 -0.951823720684063 4.082831124127761
 1.304213325418966 1.6450399263549695 1.0989001159844103
 0.42471562686317993 0.8774578192698309 1.0786273769877353
 1.275317149774641 1.6582306221378826 2.1229109423500288
 1.7326783130938028 1.2727118569211446 1.5137763955516652
 1.773718907097154 1.271374161123287 -1.9050363912538824
 1.2141985761176028 1.0584529371597786 0.4676146684244268
 -0.04728188521018554 -0.2938984124193589 -0.8165961857192184
 -1.3378104716565828 -0.5702997218442087 -0.8744590675460394
 -0.9420892354432739 -1.4742254218175532 -1.6949334242149607
 -1.0960924745205536 -0.7780311738350031 -0.7462424213285488
 -0.8019472120774348 -1.1469207545795745 -0.15828930935437133
 -0.03165065778095529 -0.7593921905329886 -0.7586137665926311
 0.30453205462065724 -0.0928186127400047 -0.5930754586478206
 -0.16104997220435271 -0.1770340014709942 -0.6197845640855567
 -0.3321231991271761 -0.15462588337030356 1.514259912928871
 -0.13350872315568563 -0.5890714574787022 1.8298034158561616
 -0.8240410411548283 0.06170090838208633 0.8606963844556919
 0.5059579358822711 0.27317799035048945 1.1847619375097258]",0,1
22,"[0.4488031238208302 0.7937454391342343 0.6844341194117473
 0.11055414018687616 -0.951823720684063 4.261219490928566
 1.304213325418966 1.6450399263549695 1.0989001159844103
 0.42471562686317993 0.8774578192698309 1.0786273769877353
 1.275317149774641 1.6582306221378826 2.1229109423500288
 1.7326783130938028 1.2727118569211446 1.5137763955516652
 1.773718907097154 1.271374161123287 -1.9141282560345678
 1.2141985761176028 1.0584529371597786 0.4676146684244268
 -0.04728188521018554 -0.2938984124193589 -0.8165961857192184
 -1.3378104716565828 -0.5702997218442087 -0.8744590675460394
 -0.9420892354432739 -1.4742254218175532 -1.6949334242149607
 -1.0960924745205536 -0.7780311738350031 -0.7462424213285488
 -0.8019472120774348 -1.1469207545795745 -0.15828930935437133
 -0.03165065778095529 -0.7593921905329886 -0.7586137665926311
 0.30453205462065724 -0.0928186127400047 -0.5930754586478206
 -0.16104997220435271 -0.1770340014709942 -0.6197845640855567
 -0.3321231991271761 -0.15462588337030356 1.514259912928871
 -0.13350872315568563 -0.5890714574787022 1.8298034158561616
 -0.8240410411548283 0.06170090838208633 0.8606963844556919
 0.5059579358822711 0.27317799035048945 1.1847619375097258]",0,1
23,"[-0.9905898750903573 -0.7041612644839634 -0.4330629525454307
 -0.17648460924377649 0.4255629196707543 -0.4765094167184236
 -1.2550983411391465 -1.240563364807896 -0.9185578448269376
 -0.22015474353468806 -0.3141807352881288 -0.9362333176087181
 -0.7299558859514349 -1.3211015357193472 -0.6016811354641227
 0.4236252369939532 0.9634071854253323 1.0775993388414926
 0.3764608577133447 -0.8926253986212142 -0.9690042290445529
 -1.4219804326185674 -1.0686533242925467 0.22945017464217085
 0.7585577513723466 0.529543705197895 0.3632473092538274
 0.4877907636959603 -0.23592272477632478 -0.958740682271972
 -0.7265166748381032 -0.2568095877119402 -0.39418948124224046
 -1.0170474655082216 -0.4960540767266659 -0.21684046061216503
 -0.9392248859080824 -1.0988676459737947 -0.7291757733658358
 -0.6509556221793718 -1.003647577059554 -1.0701179262963032
 -1.102970711942192 2.646371300739992 -0.6424812758751506
 -0.4727753621736461 -0.8932193231053064 2.4304890199705147
 -1.1422446010976957 -0.1855510600443643 4.409435780081707
 1.0245440296773067 0.13371673609069729 0.4116579013698026
 0.37808725804462573 -0.3947979831707876 -0.3313077103266561
 -0.6909766490411681 -0.12969665913877787 -0.3781315067051979]",1,0
23,"[-0.9905898750903573 -0.7041612644839634 -0.4330629525454307
 -0.17648460924377649 0.4255629196707543 -0.4765094167184236
 -1.2550983411391465 -1.240563364807896 -0.9185578448269376
 -0.22015474353468806 -0.3141807352881288 -0.9362333176087181
 -0.7299558859514349 -1.3211015357193472 -0.6016811354641227
 0.4236252369939532 0.9634071854253323 1.0775993388414926
 0.3764608577133447 -0.8926253986212142 -0.9690042290445529
 -1.4219804326185674 -1.0686533242925467 0.22945017464217085
 0.7585577513723466 0.529543705197895 0.3632473092538274
 0.4877907636959603 -0.23592272477632478 -0.958740682271972
 -0.7265166748381032 -0.2568095877119402 -0.39418948124224046
 -1.0170474655082216 -0.4960540767266659 -0.21684046061216503
 -0.9392248859080824 -1.0988676459737947 -0.7291757733658358
 -0.6509556221793718 -1.003647577059554 -1.0701179262963032
 -1.102970711942192 2.646371300739992 -0.6424812758751506
 -0.4727753621736461 -0.8932193231053064 2.4304890199705147
 -1.1422446010976957 -0.1855510600443643 4.409435780081707
 1.0245440296773067 0.13371673609069729 0.4116579013698026
 0.37808725804462573 -0.3947979831707876 -0.3313077103266561
 -0.6909766490411681 -0.12969665913877787 -0.3781315067051979]",1,0
23,"[-0.9905898750903573 -0.7041612644839634 -0.4330629525454307
 -0.17648460924377649 0.4255629196707543 -0.4765094167184236
 -1.2550983411391465 -1.240563364807896 -0.9185578448269376
 -0.22015474353468806 -0.3141807352881288 -0.9362333176087181
 -0.7299558859514349 -1.3211015357193472 -0.6016811354641227
 0.4236252369939532 0.9634071854253323 1.0775993388414926
 0.3764608577133447 -0.8926253986212142 -0.9690042290445529
 -1.4219804326185674 -1.0686533242925467 0.22945017464217085
 0.7585577513723466 0.529543705197895 0.3632473092538274
 0.4877907636959603 -0.23592272477632478 -0.958740682271972
 -0.7265166748381032 -0.2568095877119402 -0.39418948124224046
 -1.0170474655082216 -0.4960540767266659 -0.21684046061216503
 -0.9392248859080824 -1.0988676459737947 -0.7291757733658358
 -0.6509556221793718 -1.003647577059554 -1.0701179262963032
 -1.102970711942192 2.78928203819724 -0.6424812758751506
 -0.4727753621736461 -0.8932193231053064 2.497423310923156
 -1.1422446010976957 -0.1855510600443643 4.409435780081707
 1.0245440296773067 0.13371673609069729 0.4116579013698026
 0.37808725804462573 -0.3947979831707876 -0.3313077103266561
 -0.6909766490411681 -0.12969665913877787 -0.3781315067051979]",1,0
24,"[1.5060124644004265 2.952391589383092 2.80668375161529 2.8233517328452007
 1.3853797595731772 4.28054811891005 -0.6098677762288384 2.715175335237846
 -0.34165649354362543 0.23751984398702156 0.6608678638809088
 1.2621846012835989 1.710220710272825 1.0572594158411361
 1.1867325678321636 1.2960503273810315 1.6167049027903195
 1.5624422786483871 1.3455519230236348 0.7596895361590698
 0.4587757448146273 -0.40581061457349066 -1.3388188969685904
 -1.5056299374515163 -1.8807216312557624 -2.3159783211928566
 -2.082482618750154 -1.9715071007362654 -1.705550404572244
 -1.8425708773391043 -1.086743589836286 -0.6134121472786728
 -0.37983029801186047 0.16992348949663288 0.4499966831971452
 -0.3632135716665499 -0.8139215886109492 -0.3521600269526077
 0.02520991122074225 -0.6379592588753904 -1.1406132143641705
 -1.3476398140323018 -1.155952490178337 -1.076747020948115
 -1.0104912734274418 -0.7589378500042274 -0.15910134866011938
 0.35487764635186464 0.7106628269386831 0.4793402384479404
 0.4335610187934566 1.956874635771665 0.09119978352779146
 -0.2623122441286649 0.9579373788349508 0.6534587307654418
 -0.692521072381913 0.3307967771129874 2.2875512377968263
 1.146171975924172]",0,1
24,"[1.5060124644004265 2.952391589383092 2.80668375161529 2.8233517328452007
 1.3853797595731772 4.28054811891005 -0.6098677762288384 2.715175335237846
 -0.34165649354362543 0.23751984398702156 0.6608678638809088
 1.2621846012835989 1.710220710272825 1.0572594158411361
 1.1867325678321636 1.2960503273810315 1.6167049027903195
 1.5624422786483871 1.3455519230236348 0.7596895361590698
 0.4587757448146273 -0.40581061457349066 -1.3388188969685904
 -1.5056299374515163 -1.8807216312557624 -2.3159783211928566
 -2.082482618750154 -1.9715071007362654 -1.705550404572244
 -1.8425708773391043 -1.086743589836286 -0.6134121472786728
 -0.37983029801186047 0.16992348949663288 0.4499966831971452
 -0.3632135716665499 -0.8139215886109492 -0.3521600269526077
 0.02520991122074225 -0.6379592588753904 -1.1406132143641705
 -1.3476398140323018 -1.155952490178337 -1.076747020948115
 -1.0104912734274418 -0.7589378500042274 -0.15910134866011938
 0.35487764635186464 0.7106628269386831 0.4793402384479404
 0.4335610187934566 1.956874635771665 0.09119978352779146
 -0.2623122441286649 0.9579373788349508 0.6534587307654418
 -0.692521072381913 0.3307967771129874 2.2875512377968263
 1.146171975924172]",0,1
24,"[1.5060124644004265 2.952391589383092 2.80668375161529 2.8233517328452007
 1.3853797595731772 4.351717781702806 -0.6098677762288384
 3.141948016662031 -0.34165649354362543 0.23751984398702156
 0.6608678638809088 1.2621846012835989 1.710220710272825
 1.0572594158411361 1.1867325678321636 1.2960503273810315
 1.6167049027903195 1.5624422786483871 1.3455519230236348
 0.7596895361590698 0.4587757448146273 -0.40581061457349066
 -1.3388188969685904 -1.5056299374515163 -1.8807216312557624
 -2.3159783211928566 -2.082482618750154 -1.9715071007362654
 -1.705550404572244 -1.8425708773391043 -1.086743589836286
 -0.6134121472786728 -0.37983029801186047 0.16992348949663288
 0.4499966831971452 -0.3632135716665499 -0.8139215886109492
 -0.3521600269526077 0.02520991122074225 -0.6379592588753904
 -1.1406132143641705 -1.3476398140323018 -1.155952490178337
 -1.076747020948115 -1.0104912734274418 -0.7589378500042274
 -0.15910134866011938 0.35487764635186464 0.7106628269386831
 0.4793402384479404 0.4335610187934566 1.956874635771665
 0.09119978352779146 -0.2623122441286649 0.9579373788349508
 0.6534587307654418 -0.692521072381913 0.3307967771129874
 2.2875512377968263 1.146171975924172]",0,1
25,"[-0.06739298613352679 -0.9151827631461115 -0.917201149891864
 -0.6098568387763306 -0.6411201250867836 -0.46864841509285987
 -0.3104067006484561 -0.21573698382520554 2.7936202379362935
 2.9262372177317477 -0.5465226874326087 -0.7918065093449186
 -0.9533034879935645 -1.0130747880904163 -0.6182800428137303
 0.5204228779749956 0.8185109549699345 0.2873235058678585
 -0.8359685478667824 -1.0012004540727264 -0.6920316040014556
 -0.2686276891374052 -0.2704911169462381 -0.262618379467951
 0.5355606959293036 1.2194196210599089 1.1956721486723745
 1.0198837478040774 0.4862500335251656 0.8895956920117148
 1.5931192223926989 1.3771892627600657 1.2402816857744896
 0.8791688709078304 0.9165690505345185 0.8500312700913163
 0.9112439448246662 0.8769631137579774 -0.11104696259384067
 -0.8622877906875906 -0.5305454382031923 -0.4482423492878813
 -0.1611498909286162 -0.2925746442931983 -0.41002057174143125
 -0.17667174573356564 -0.5312038944857714 2.4314267680913977
 -0.5283463760750527 -0.1855510600443643 -0.8977347203588653
 4.81099084899424 -1.3402042860900387 -1.245185372980597
 -0.31490434972917725 -0.7498526766008008 0.7884537120446405
 0.7832964372669705 -0.16068701679179836 0.45155266738420613]",1,0
25,"[-0.06739298613352679 -0.9151827631461115 -0.917201149891864
 -0.6098568387763306 -0.6411201250867836 -0.46864841509285987
 -0.3104067006484561 -0.21573698382520554 2.7936202379362935
 2.9262372177317477 -0.5465226874326087 -0.7918065093449186
 -0.9533034879935645 -1.0130747880904163 -0.6182800428137303
 0.5204228779749956 0.8185109549699345 0.2873235058678585
 -0.8359685478667824 -1.0012004540727264 -0.6920316040014556
 -0.2686276891374052 -0.2704911169462381 -0.262618379467951
 0.5355606959293036 1.2194196210599089 1.1956721486723745
 1.0198837478040774 0.4862500335251656 0.8895956920117148
 1.5931192223926989 1.3771892627600657 1.2402816857744896
 0.8791688709078304 0.9165690505345185 0.8500312700913163
 0.9112439448246662 0.8769631137579774 -0.11104696259384067
 -0.8622877906875906 -0.5305454382031923 -0.4482423492878813
 -0.1611498909286162 -0.2925746442931983 -0.41002057174143125
 -0.17667174573356564 -0.5312038944857714 2.4314267680913977
 -0.5283463760750527 -0.1855510600443643 -0.8977347203588653
 4.81099084899424 -1.3402042860900387 -1.245185372980597
 -0.31490434972917725 -0.7498526766008008 0.7884537120446405
 0.7832964372669705 -0.16068701679179836 0.45155266738420613]",1,0
25,"[-0.06739298613352679 -0.9151827631461115 -0.917201149891864
 -0.6098568387763306 -0.6411201250867836 -0.46864841509285987
 -0.3104067006484561 -0.21573698382520554 2.598340390465472
 2.987783621917499 -0.5465226874326087 -0.7918065093449186
 -0.9533034879935645 -1.0130747880904163 -0.6182800428137303
 0.5204228779749956 0.8185109549699345 0.2873235058678585
 -0.8359685478667824 -1.0012004540727264 -0.6920316040014556
 -0.2686276891374052 -0.2704911169462381 -0.262618379467951
 0.5355606959293036 1.2194196210599089 1.1956721486723745
 1.0198837478040774 0.4862500335251656 0.8895956920117148
 1.5931192223926989 1.3771892627600657 1.2402816857744896
 0.8791688709078304 0.9165690505345185 0.8500312700913163
 0.9112439448246662 0.8769631137579774 -0.11104696259384067
 -0.8622877906875906 -0.5305454382031923 -0.4482423492878813
 -0.1611498909286162 -0.2925746442931983 -0.41002057174143125
 -0.17667174573356564 -0.5312038944857714 2.770800994564671
 -0.5283463760750527 -0.1855510600443643 -0.8977347203588653
 4.766249207600197 -1.3402042860900387 -1.245185372980597
 -0.31490434972917725 -0.7498526766008008 0.7884537120446405
 0.7832964372669705 -0.16068701679179836 0.45155266738420613]",1,0
26,"[-0.21629571015882199 -0.47930229049970746 -0.3236344558849356
 0.20904782871700198 -0.8033984361630696 -0.852265294420369
 -0.5095328797714938 -0.7112446196814551 2.8860469950922125
 -1.2623386122819538 -0.3425343294481332 -0.0348108246519008
 0.1183488261526784 -0.28158377347632624 0.1723022015232916
 0.3721106126091923 -0.5599905891381548 -0.41905815549874054
 0.5969377934036908 0.6100533688277133 -0.4444649678438523
 -0.7110523945324156 0.2089632498794354 0.5492118949898259
 0.3908805361132069 0.8407659228800064 0.8328307023339149
 0.9166479157646957 0.9702811256222122 1.0369758418265813
 0.21561525669560594 -0.9217491830144284 -0.350121643052453
 -1.0507387808249533 -0.5586287446009155 0.6932852614031564
 0.46904732569416885 -1.1313741606188812 -0.7784072715689151
 -1.3058593208452156 0.221624186661325 0.5225178865886532
 0.15883216447125895 3.0278182232910975 -0.36884905738532286
 0.04629356736519982 -0.5435325932932478 -0.44937793579012514
 -1.0357234478974198 0.17781976587584866 -0.7724362978504113
 0.29830755756170135 0.5872308967616929 -0.19210702063924132
 0.3073738286799519 0.18005247285875756 -0.4035503827377074
 -0.8661378078104519 -0.22266773209783955 -0.8026210841462882]",1,0
26,"[-0.21629571015882199 -0.47930229049970746 -0.3236344558849356
 0.20904782871700198 -0.8033984361630696 -0.852265294420369
 -0.5095328797714938 -0.7112446196814551 2.8860469950922125
 -1.2623386122819538 -0.3425343294481332 -0.0348108246519008
 0.1183488261526784 -0.28158377347632624 0.1723022015232916
 0.3721106126091923 -0.5599905891381548 -0.41905815549874054
 0.5969377934036908 0.6100533688277133 -0.4444649678438523
 -0.7110523945324156 0.2089632498794354 0.5492118949898259
 0.3908805361132069 0.8407659228800064 0.8328307023339149
 0.9166479157646957 0.9702811256222122 1.0369758418265813
 0.21561525669560594 -0.9217491830144284 -0.350121643052453
 -1.0507387808249533 -0.5586287446009155 0.6932852614031564
 0.46904732569416885 -1.1313741606188812 -0.7784072715689151
 -1.3058593208452156 0.221624186661325 0.5225178865886532
 0.15883216447125895 3.0278182232910975 -0.36884905738532286
 0.04629356736519982 -0.5435325932932478 -0.44937793579012514
 -1.0357234478974198 0.17781976587584866 -0.7724362978504113
 0.29830755756170135 0.5872308967616929 -0.19210702063924132
 0.3073738286799519 0.18005247285875756 -0.4035503827377074
 -0.8661378078104519 -0.22266773209783955 -0.8026210841462882]",1,0
26,"[-0.21629571015882199 -0.47930229049970746 -0.3236344558849356
 0.20904782871700198 -0.8033984361630696 -0.852265294420369
 -0.5095328797714938 -0.7112446196814551 2.784623207946068
 -1.2623386122819538 -0.3425343294481332 -0.0348108246519008
 0.1183488261526784 -0.28158377347632624 0.1723022015232916
 0.3721106126091923 -0.5599905891381548 -0.41905815549874054
 0.5969377934036908 0.6100533688277133 -0.4444649678438523
 -0.7110523945324156 0.2089632498794354 0.5492118949898259
 0.3908805361132069 0.8407659228800064 0.8328307023339149
 0.9166479157646957 0.9702811256222122 1.0369758418265813
 0.21561525669560594 -0.9217491830144284 -0.350121643052453
 -1.0507387808249533 -0.5586287446009155 0.6932852614031564
 0.46904732569416885 -1.1313741606188812 -0.7784072715689151
 -1.3058593208452156 0.221624186661325 0.5225178865886532
 0.15883216447125895 3.168337354641669 -0.36884905738532286
 0.04629356736519982 -0.5435325932932478 -0.44937793579012514
 -1.0357234478974198 0.17781976587584866 -0.7724362978504113
 0.29830755756170135 0.5872308967616929 -0.19210702063924132
 0.3073738286799519 0.18005247285875756 -0.4035503827377074
 -0.8661378078104519 -0.22266773209783955 -0.8026210841462882]",1,0
27,"[0.5182910616993013 -0.11260919446384385 0.8833950224308296
 1.1348885009001857 1.0509281184525392 0.7230794313425983
 1.3999173805013565 1.503965987675896 0.896984643035251 0.5171674216714051
 1.0050489929898503 1.0323823398589327 0.7682764755734091
 0.9197785510802009 0.9088194333501632 0.29982396226283453
 0.09764317502350232 0.38247620266891186 0.9022731630416391
 0.48765966995509963 0.29664542771622865 0.9273260197925695
 1.052484625539542 1.0516354270904804 0.43333653742676215
 0.6860193201991789 0.9675771902358933 0.16869819193787144
 -0.1841350679133723 -0.2466286434111514 -0.2704797329042889
 -0.601697214309989 -1.3458567284419238 -1.2965126066611112
 -0.8116650578174123 -0.8607284766939205 -1.0978853749771487
 -0.9151351718928716 -0.5775029758715008 -0.5780629758222589
 -0.08826056774036926 0.032040427855234865 -0.7718345979662865
 -0.7663454551888772 -0.4372571120077798 -0.13406690883571232
 -0.6713027445707308 -1.2998184919561104 -1.1646701070345957
 -0.5566531801330924 -0.059801519833580265 1.2110101508961784
 -0.4756929173109532 2.1948705780011655 -0.1593348051268948
 0.46747770087353013 3.9833825392920112 -0.1508964095025431
 0.2576828115239793 0.04635807073589256]",0,1
27,"[0.5182910616993013 -0.11260919446384385 0.8833950224308296
 1.1348885009001857 1.0509281184525392 0.7230794313425983
 1.3999173805013565 1.503965987675896 0.896984643035251 0.5171674216714051
 1.0050489929898503 1.0323823398589327 0.7682764755734091
 0.9197785510802009 0.9088194333501632 0.29982396226283453
 0.09764317502350232 0.38247620266891186 0.9022731630416391
 0.48765966995509963 0.29664542771622865 0.9273260197925695
 1.052484625539542 1.0516354270904804 0.43333653742676215
 0.6860193201991789 0.9675771902358933 0.16869819193787144
 -0.1841350679133723 -0.2466286434111514 -0.2704797329042889
 -0.601697214309989 -1.3458567284419238 -1.2965126066611112
 -0.8116650578174123 -0.8607284766939205 -1.0978853749771487
 -0.9151351718928716 -0.5775029758715008 -0.5780629758222589
 -0.08826056774036926 0.032040427855234865 -0.7718345979662865
 -0.7663454551888772 -0.4372571120077798 -0.13406690883571232
 -0.6713027445707308 -1.2998184919561104 -1.1646701070345957
 -0.5566531801330924 -0.059801519833580265 1.2110101508961784
 -0.4756929173109532 2.1948705780011655 -0.1593348051268948
 0.46747770087353013 3.9833825392920112 -0.1508964095025431
 0.2576828115239793 0.04635807073589256]",0,1
27,"[0.5182910616993013 -0.11260919446384385 0.8833950224308296
 1.1348885009001857 1.0509281184525392 0.7230794313425983
 1.3999173805013565 1.503965987675896 0.896984643035251 0.5171674216714051
 1.0050489929898503 1.0323823398589327 0.7682764755734091
 0.9197785510802009 0.9088194333501632 0.29982396226283453
 0.09764317502350232 0.38247620266891186 0.9022731630416391
 0.48765966995509963 0.29664542771622865 0.9273260197925695
 1.052484625539542 1.0516354270904804 0.43333653742676215
 0.6860193201991789 0.9675771902358933 0.16869819193787144
 -0.1841350679133723 -0.2466286434111514 -0.2704797329042889
 -0.601697214309989 -1.3458567284419238 -1.2965126066611112
 -0.8116650578174123 -0.8607284766939205 -1.0978853749771487
 -0.9151351718928716 -0.5775029758715008 -0.5780629758222589
 -0.08826056774036926 0.032040427855234865 -0.7718345979662865
 -0.7663454551888772 -0.4372571120077798 -0.13406690883571232
 -0.6713027445707308 -1.2998184919561104 -1.1646701070345957
 -0.5566531801330924 -0.059801519833580265 1.2110101508961784
 -0.4756929173109532 2.1948705780011655 -0.1593348051268948
 0.46747770087353013 3.9833825392920112 -0.1508964095025431
 0.2576828115239793 0.04635807073589256]",0,1
28,"[0.25522958258794637 -0.34092753727862685 -0.07824934216140081
 0.21186193410357707 -0.4095766812340342 2.368735611618382
 0.7438815190494878 0.42084459071011754 0.07659698613677603
 0.4728516853170494 0.6451158671253507 0.761315276073181
 0.2640103057453713 -0.6534202051715139 -0.7909086792496488
 -0.5431048512587761 -0.18027532742216362 -0.30502019063030256
 0.1350599246112611 0.46357574856403694 0.7142899455358778
 0.4657504216728635 0.6927943785599495 1.0164285019226689
 0.8150283550612506 0.7850052755452946 0.9838117068505895
 1.3418326469308448 0.9564167135486661 0.13827242063134293
 -0.5386538769251003 -0.9133144312769762 -1.2483133113252032
 -1.2559102523050503 -1.1495682643383598 -1.4135655024347595
 -1.2325971109791862 2.02356458193368 -1.1205413196872842
 -1.0933970337888246 -1.1754253138457604 -1.0208436319431768
 -0.3305521555520796 0.06238217013961424 -0.11801952376964756
 0.27706976722857185 0.5212186673524433 0.1924339446122944
 -0.034985245463248556 -0.5179967092905167 -0.23208685078270433
 -0.11388071039580434 -0.929207077981949 -0.7537488085546309
 -0.39976046496678574 -0.6315011121241297 2.352634680771844
 -0.8223475181181309 -1.1678736405149668 -0.6482612378040735]",0,1
28,"[0.25522958258794637 -0.34092753727862685 -0.07824934216140081
 0.21186193410357707 -0.4095766812340342 2.368735611618382
 0.7438815190494878 0.42084459071011754 0.07659698613677603
 0.4728516853170494 0.6451158671253507 0.761315276073181
 0.2640103057453713 -0.6534202051715139 -0.7909086792496488
 -0.5431048512587761 -0.18027532742216362 -0.30502019063030256
 0.1350599246112611 0.46357574856403694 0.7142899455358778
 0.4657504216728635 0.6927943785599495 1.0164285019226689
 0.8150283550612506 0.7850052755452946 0.9838117068505895
 1.3418326469308448 0.9564167135486661 0.13827242063134293
 -0.5386538769251003 -0.9133144312769762 -1.2483133113252032
 -1.2559102523050503 -1.1495682643383598 -1.4135655024347595
 -1.2325971109791862 2.02356458193368 -1.1205413196872842
 -1.0933970337888246 -1.1754253138457604 -1.0208436319431768
 -0.3305521555520796 0.06238217013961424 -0.11801952376964756
 0.27706976722857185 0.5212186673524433 0.1924339446122944
 -0.034985245463248556 -0.5179967092905167 -0.23208685078270433
 -0.11388071039580434 -0.929207077981949 -0.7537488085546309
 -0.39976046496678574 -0.6315011121241297 2.352634680771844
 -0.8223475181181309 -1.1678736405149668 -0.6482612378040735]",0,1
28,"[0.25522958258794637 -0.34092753727862685 -0.07824934216140081
 0.21186193410357707 -0.4095766812340342 2.7462294842892576
 0.7438815190494878 0.42084459071011754 0.07659698613677603
 0.4728516853170494 0.6451158671253507 0.761315276073181
 0.2640103057453713 -0.6534202051715139 -0.7909086792496488
 -0.5431048512587761 -0.18027532742216362 -0.30502019063030256
 0.1350599246112611 0.46357574856403694 0.7142899455358778
 0.4657504216728635 0.6927943785599495 1.0164285019226689
 0.8150283550612506 0.7850052755452946 0.9838117068505895
 1.3418326469308448 0.9564167135486661 0.13827242063134293
 -0.5386538769251003 -0.9133144312769762 -1.2483133113252032
 -1.2559102523050503 -1.1495682643383598 -1.4135655024347595
 -1.2325971109791862 2.09548724746349 -1.1205413196872842
 -1.0933970337888246 -1.1754253138457604 -1.0208436319431768
 -0.3305521555520796 0.06238217013961424 -0.11801952376964756
 0.27706976722857185 0.5212186673524433 0.1924339446122944
 -0.034985245463248556 -0.5179967092905167 -0.23208685078270433
 -0.11388071039580434 -0.929207077981949 -0.7537488085546309
 -0.39976046496678574 -0.6315011121241297 2.0183993778910527
 -0.8223475181181309 -1.1678736405149668 -0.6482612378040735]",0,1
29,"[1.1684996232764238 0.6622894235742078 1.394061340179807
 -0.4944785179267545 0.8352167049486955 -0.20923536144925747
 -0.3088630868568046 -0.8278346516476317 -0.26275674991223125
 0.6088551520597276 0.3411023297430824 0.42906247085547466
 -0.054364071078658024 0.41162143069800977 1.0330741112243682
 0.11412205016615634 -0.7038028078943854 -1.3110238934506
 0.5523774285453605 1.4371978821765057 0.6598491282748958
 -0.3550021236712368 0.13813928531929423 0.9803931785156145
 0.32163191261148527 0.5282469459575524 0.8096965161579727
 -0.23486006057971126 -1.3308035017607984 -2.0999227597375403
 -1.7672765752761384 -1.7755334977720985 -1.5726327946320673
 -0.017970384385139867 -0.08970982721825774 -1.040909550406536
 -0.71385001329515 0.2588682265934365 0.5672536793152515
 -0.2915779238605826 -1.01677345063458 -0.35479110137677977
 -0.38980809173724157 -0.545796974254682 0.0922719034030904
 0.524177821236121 -0.10978655343021367 -1.0545603540355826
 -0.6404739057595538 -0.19328235421287943 -0.8429166605114168
 -0.4966269592134884 0.21875064121650897 -0.40548691317315383
 0.43465800153636464 0.230774571920188 0.15633032844794095
 -0.4574284373487897 -0.5015809509750246 -0.22377166036298315]",1,0
29,"[1.1684996232764238 0.6622894235742078 1.394061340179807
 -0.4944785179267545 0.8352167049486955 -0.20923536144925747
 -0.3088630868568046 -0.8278346516476317 -0.26275674991223125
 0.6088551520597276 0.3411023297430824 0.42906247085547466
 -0.054364071078658024 0.41162143069800977 1.0330741112243682
 0.11412205016615634 -0.7038028078943854 -1.3110238934506
 0.5523774285453605 1.4371978821765057 0.6598491282748958
 -0.3550021236712368 0.13813928531929423 0.9803931785156145
 0.32163191261148527 0.5282469459575524 0.8096965161579727
 -0.23486006057971126 -1.3308035017607984 -2.0999227597375403
 -1.7672765752761384 -1.7755334977720985 -1.5726327946320673
 -0.017970384385139867 -0.08970982721825774 -1.040909550406536
 -0.71385001329515 0.2588682265934365 0.5672536793152515
 -0.2915779238605826 -1.01677345063458 -0.35479110137677977
 -0.38980809173724157 -0.545796974254682 0.0922719034030904
 0.524177821236121 -0.10978655343021367 -1.0545603540355826
 -0.6404739057595538 -0.19328235421287943 -0.8429166605114168
 -0.4966269592134884 0.21875064121650897 -0.40548691317315383
 0.43465800153636464 0.230774571920188 0.15633032844794095
 -0.4574284373487897 -0.5015809509750246 -0.22377166036298315]",1,0
29,"[1.1684996232764238 0.6622894235742078 1.394061340179807
 -0.4944785179267545 0.8352167049486955 -0.20923536144925747
 -1.232105913005749 -0.8278346516476317 -0.26275674991223125
 0.6088551520597276 0.3411023297430824 0.42906247085547466
 -0.054364071078658024 0.41162143069800977 1.0330741112243682
 0.11412205016615634 -0.7038028078943854 -1.3110238934506
 0.5523774285453605 1.4371978821765057 0.6598491282748958
 -0.3550021236712368 0.13813928531929423 0.9803931785156145
 0.32163191261148527 0.5282469459575524 0.8096965161579727
 -0.23486006057971126 -1.3308035017607984 -2.0999227597375403
 -1.7672765752761384 -1.7755334977720985 -1.5726327946320673
 -0.017970384385139867 -0.08970982721825774 -1.040909550406536
 -0.71385001329515 0.2588682265934365 0.5672536793152515
 -0.2915779238605826 -1.01677345063458 -0.35479110137677977
 -0.38980809173724157 -0.545796974254682 0.0922719034030904
 0.524177821236121 -0.10978655343021367 -1.0545603540355826
 -0.6404739057595538 -0.19328235421287943 -0.8429166605114168
 -0.4966269592134884 0.21875064121650897 -0.8660771661377089
 0.43465800153636464 0.230774571920188 0.15633032844794095
 -0.4574284373487897 -0.5015809509750246 -0.22377166036298315]",1,0
31,"[-1.2834318990067712 -0.16449972692174902 -0.830984758583595
 -0.7505621081050818 -0.5975820416272923 0.26556913673479043
 1.1112616014625345 0.394028883357897 -0.3450500309041154
 2.3750397369092338 -1.0828781769593574 1.9074513528749728
 -0.20210642895124672 0.08561195392313391 -0.19382226915948036
 -0.7026340106438418 -1.5168115822700605 -1.1392405896838127
 -0.8572800267120707 -0.6683685568159092 -1.0166896164264347
 -1.6674245271309935 -0.7364173107660424 0.01738022539605766
 0.18107369467049111 0.06660065639575345 0.09131915595766639
 0.7546533492839271 1.5370909133348447 0.8688633161967799
 -0.11267498265736675 -0.326161990886548 0.955573742413502
 0.45889130932860084 -0.5120888353694424 -1.092389857181569
 -1.1278213163109347 -0.5151637090859393 0.1654450879204226
 -0.5464196564734347 -0.5887558340576543 0.06715544222183054
 -0.1583613762846087 -0.4811918636779984 -0.794499175036166
 -0.7213035774111236 -0.5950889701245129 -0.7487839742905094
 -0.47508579947491486 -0.9354865943903358 -0.40437218173182826
 0.17072547462247345 -0.3906590121851415 -0.9924465684186715
 0.3356592004258215 0.02788617567446623 0.44530101809214634
 -0.9099280975027729 -0.8114845275052303 -0.9762759112812797]",1,0
31,"[-1.2834318990067712 -0.16449972692174902 -0.830984758583595
 -0.7505621081050818 -0.5975820416272923 0.26556913673479043
 1.1112616014625345 0.394028883357897 -0.3450500309041154
 2.3750397369092338 -1.0828781769593574 1.9074513528749728
 -0.20210642895124672 0.08561195392313391 -0.19382226915948036
 -0.7026340106438418 -1.5168115822700605 -1.1392405896838127
 -0.8572800267120707 -0.6683685568159092 -1.0166896164264347
 -1.6674245271309935 -0.7364173107660424 0.01738022539605766
 0.18107369467049111 0.06660065639575345 0.09131915595766639
 0.7546533492839271 1.5370909133348447 0.8688633161967799
 -0.11267498265736675 -0.326161990886548 0.955573742413502
 0.45889130932860084 -0.5120888353694424 -1.092389857181569
 -1.1278213163109347 -0.5151637090859393 0.1654450879204226
 -0.5464196564734347 -0.5887558340576543 0.06715544222183054
 -0.1583613762846087 -0.4811918636779984 -0.794499175036166
 -0.7213035774111236 -0.5950889701245129 -0.7487839742905094
 -0.47508579947491486 -0.9354865943903358 -0.40437218173182826
 0.17072547462247345 -0.3906590121851415 -0.9924465684186715
 0.3356592004258215 0.02788617567446623 0.44530101809214634
 -0.9099280975027729 -0.8114845275052303 -0.9762759112812797]",1,0
31,"[-1.2834318990067712 -0.16449972692174902 -0.830984758583595
 -0.7505621081050818 -0.5975820416272923 0.26556913673479043
 1.1112616014625345 0.394028883357897 -0.3450500309041154
 2.442134310575475 -1.0828781769593574 2.211286162035774
 -0.20210642895124672 0.08561195392313391 -0.19382226915948036
 -0.7026340106438418 -1.5168115822700605 -1.1392405896838127
 -0.8572800267120707 -0.6683685568159092 -1.0166896164264347
 -1.6674245271309935 -0.7364173107660424 0.01738022539605766
 0.18107369467049111 0.06660065639575345 0.09131915595766639
 0.7546533492839271 1.5370909133348447 0.8688633161967799
 -0.11267498265736675 -0.326161990886548 0.955573742413502
 0.45889130932860084 -0.5120888353694424 -1.092389857181569
 -1.1278213163109347 -0.5151637090859393 0.1654450879204226
 -0.5464196564734347 -0.5887558340576543 0.06715544222183054
 -0.1583613762846087 -0.4811918636779984 -0.794499175036166
 -0.7213035774111236 -0.5950889701245129 -0.7487839742905094
 -0.47508579947491486 -0.9354865943903358 -0.40437218173182826
 0.17072547462247345 -0.3906590121851415 -0.9924465684186715
 0.3356592004258215 0.02788617567446623 0.44530101809214634
 -0.9099280975027729 -0.8114845275052303 -0.9762759112812797]",1,0
32,"[-0.4098692513917058 -1.1435011059608946 -0.9404132552440903
 -1.2177036022765362 -1.1932621835048784 -1.4214018121111816
 -1.059059389599412 -1.2976924804713224 -1.0772057164298485
 -0.7213810029908511 -1.2033809521393757 -1.096312292285343
 -1.062202784641435 -1.54965622228394 -1.6203797922343226
 -1.6365442978772475 -1.4239479133747055 -0.973994494094197
 -0.7030624161588938 -0.7694420629816806 -0.9324454320517768
 -0.584812836367585 -0.059212885589862686 0.2965504320208238
 0.7593821397473675 0.7737666954623297 0.4156036253362227
 0.6897739133382287 1.3866212646542968 1.7382709889578702
 1.9514675094117513 2.103983704137204 2.7440347709698267
 2.4186028169184937 1.5630435880103595 -0.37151170294277697
 -0.3704420005661468 -0.6725140843244733 -0.8818431465814454
 0.02429021035357333 0.48927786956076247 0.726411518394693
 0.6391538119015727 0.6133820787361562 0.4735834671319704
 0.28559073460814255 -0.201691399085947 -0.7376358771123036
 -0.49470811716970253 -0.6262348276497289 4.10511261634652
 -0.2316487869550917 -0.48986523483192185 -0.6133383615757835
 -0.8523264129006978 -1.223258934507485 -1.2524017835675614
 -0.7931539916565837 -0.362124341536432 -0.3974264874979746]",1,0
32,"[-0.4098692513917058 -1.1435011059608946 -0.9404132552440903
 -1.2177036022765362 -1.1932621835048784 -1.4214018121111816
 -1.059059389599412 -1.2976924804713224 -1.0772057164298485
 -0.7213810029908511 -1.2033809521393757 -1.096312292285343
 -1.062202784641435 -1.54965622228394 -1.6203797922343226
 -1.6365442978772475 -1.4239479133747055 -0.973994494094197
 -0.7030624161588938 -0.7694420629816806 -0.9324454320517768
 -0.584812836367585 -0.059212885589862686 0.2965504320208238
 0.7593821397473675 0.7737666954623297 0.4156036253362227
 0.6897739133382287 1.3866212646542968 1.7382709889578702
 1.9514675094117513 2.103983704137204 2.7440347709698267
 2.4186028169184937 1.5630435880103595 -0.37151170294277697
 -0.3704420005661468 -0.6725140843244733 -0.8818431465814454
 0.02429021035357333 0.48927786956076247 0.726411518394693
 0.6391538119015727 0.6133820787361562 0.4735834671319704
 0.28559073460814255 -0.201691399085947 -0.7376358771123036
 -0.49470811716970253 -0.6262348276497289 4.10511261634652
 -0.2316487869550917 -0.48986523483192185 -0.6133383615757835
 -0.8523264129006978 -1.223258934507485 -1.2524017835675614
 -0.7931539916565837 -0.362124341536432 -0.3974264874979746]",1,0
32,"[-0.4098692513917058 -1.1435011059608946 -0.9404132552440903
 -1.2177036022765362 -1.1932621835048784 -1.4214018121111816
 -1.059059389599412 -1.2976924804713224 -1.0772057164298485
 -0.7213810029908511 -1.2033809521393757 -1.096312292285343
 -1.062202784641435 -1.54965622228394 -1.6203797922343226
 -1.6365442978772475 -1.4239479133747055 -0.973994494094197
 -0.7030624161588938 -0.7694420629816806 -0.9324454320517768
 -0.584812836367585 -0.059212885589862686 0.2965504320208238
 0.7593821397473675 0.7737666954623297 0.4156036253362227
 0.6897739133382287 1.3866212646542968 1.7382709889578702
 1.9514675094117513 2.103983704137204 2.7440347709698267
 2.4186028169184937 1.5630435880103595 -0.8871742983884232
 -0.3704420005661468 -0.6725140843244733 -0.8818431465814454
 0.02429021035357333 0.48927786956076247 0.726411518394693
 0.6391538119015727 0.6133820787361562 0.4735834671319704
 0.28559073460814255 -0.201691399085947 -0.7376358771123036
 -0.49470811716970253 -0.6262348276497289 3.9419743987625617
 -0.2316487869550917 -0.48986523483192185 -0.6133383615757835
 -0.8523264129006978 -1.223258934507485 -1.2524017835675614
 -0.7931539916565837 -0.362124341536432 -0.3974264874979746]",1,0
33,"[-0.5935159443562366 0.9355795611858422 1.0491957749467316
 0.318797938793428 -0.9953618041435541 1.898878295177408
 0.17120080234679805 -0.791691741738117 -0.21439884252524763
 -0.9635894241000029 -0.4551611062503725 0.14092031643754976
 -0.6571251461550884 -1.1905817274020036 -0.6960577801090342
 -0.3603110227967214 -0.29513039730821256 -0.807295685576321
 -0.6085169463725241 -0.8898616699369939 -0.22471480765901322
 -0.40229310366487303 -0.3950298860885086 0.06087113295629597
 -0.19814495783893565 -0.10413931024929382 0.6583096487259307
 0.5543023867094748 0.1355619634295802 1.274947459876273
 0.7392828058781008 0.44796077968407294 -0.5189658320717515
 -0.12293178979495775 -0.4280041254134194 -1.1081412943291535
 -0.11342056140035489 0.4034986613186759 -0.6695012300893761
 0.38479802722053497 0.9669455296606115 -0.684419139463211
 0.038926034778931036 0.7648699242263104 0.16764744507042714
 -0.337860045330444 -0.8371797830713226 0.04273092536210217
 0.8704445567390969 -0.24740141339248556 0.6606644095900295
 1.2404521700360003 0.5447139441987872 1.6753519241794292
 1.3680752691500586 1.718622811055481 0.6078470310170119
 0.2286194344975719 -0.03672558617971619 0.9146322064108501]",0,1
33,"[-0.5935159443562366 0.9355795611858422 1.0491957749467316
 0.318797938793428 -0.9953618041435541 1.898878295177408
 0.17120080234679805 -0.791691741738117 -0.21439884252524763
 -0.9635894241000029 -0.4551611062503725 0.14092031643754976
 -0.6571251461550884 -1.1905817274020036 -0.6960577801090342
 -0.3603110227967214 -0.29513039730821256 -0.807295685576321
 -0.6085169463725241 -0.8898616699369939 -0.22471480765901322
 -0.40229310366487303 -0.3950298860885086 0.06087113295629597
 -0.19814495783893565 -0.10413931024929382 0.6583096487259307
 0.5543023867094748 0.1355619634295802 1.274947459876273
 0.7392828058781008 0.44796077968407294 -0.5189658320717515
 -0.12293178979495775 -0.4280041254134194 -1.1081412943291535
 -0.11342056140035489 0.4034986613186759 -0.6695012300893761
 0.38479802722053497 0.9669455296606115 -0.684419139463211
 0.038926034778931036 0.7648699242263104 0.16764744507042714
 -0.337860045330444 -0.8371797830713226 0.04273092536210217
 0.8704445567390969 -0.24740141339248556 0.6606644095900295
 1.2404521700360003 0.5447139441987872 1.6753519241794292
 1.3680752691500586 1.718622811055481 0.6078470310170119
 0.2286194344975719 -0.03672558617971619 0.9146322064108501]",0,1
33,"[-0.5935159443562366 0.9355795611858422 1.0491957749467316
 0.318797938793428 -0.9953618041435541 1.898878295177408
 0.17120080234679805 -0.791691741738117 -0.21439884252524763
 -0.9635894241000029 -0.4551611062503725 0.14092031643754976
 -0.6571251461550884 -1.1905817274020036 -0.6960577801090342
 -0.3603110227967214 -0.29513039730821256 -0.807295685576321
 -0.6085169463725241 -0.8898616699369939 -0.22471480765901322
 -0.40229310366487303 -0.3950298860885086 0.06087113295629597
 -0.19814495783893565 -0.10413931024929382 0.6583096487259307
 0.5543023867094748 0.1355619634295802 1.274947459876273
 0.7392828058781008 0.44796077968407294 -0.5189658320717515
 -0.12293178979495775 -0.4280041254134194 -1.1081412943291535
 -0.11342056140035489 0.4034986613186759 -0.6695012300893761
 0.38479802722053497 0.9669455296606115 -0.684419139463211
 0.038926034778931036 0.7648699242263104 0.16764744507042714
 -0.337860045330444 -0.8371797830713226 0.04273092536210217
 0.8704445567390969 -0.24740141339248556 0.6606644095900295
 1.2404521700360003 0.5447139441987872 1.6753519241794292
 1.3680752691500586 1.718622811055481 0.6078470310170119
 0.2286194344975719 -0.03672558617971619 0.9146322064108501]",0,1
34,"[-0.4297229479284119 0.12954662367304723 -0.12467355286585349
 -1.1783061268644857 -0.9597397358585158 -0.669890056707291
 -0.7410749485192121 -0.8686411628357934 -0.35438225864546324
 -0.26447047988904393 -0.5000542970037127 -0.009198188703640853
 0.28135095807783483 0.1192570600671601 -0.3266135279563408
 -0.8496999544519492 -1.2295484819906553 -1.0622468044860136
 -0.7208865621022257 -0.7248275856506955 -0.7508435817724431
 -0.32920704367470816 -0.00549808100773299 0.17229069613442977
 0.4205585176139446 0.42623521905063827 0.7995499432737877
 1.189631202856974 1.125236319385378 0.4817087330439668 0.4823804297320697
 0.4999750820650287 0.44161401161575414 0.18504138739516635
 -0.5844407950990433 -0.9045251555920829 -0.7750048648770274
 -0.38301850786696634 0.08886275738229944 0.5418845054164837
 0.043568858165323895 -0.42332201651158763 -0.8589756805915248
 -1.4235353731241056 -1.078265920136728 -0.6609467251391649
 -0.49533858886402177 -0.2216382362924923 -0.4050060934221017
 -1.128768948603215 -0.5375017556470605 0.023515378923364267
 -0.10721266176576918 -0.9082003002313631 -0.45633120845852476
 -0.19190958692506588 -0.6383390680736244 -0.48662196381033707
 -0.5170761298015348 -0.20447667957020627]",0,1
34,"[-0.4297229479284119 0.12954662367304723 -0.12467355286585349
 -1.1783061268644857 -0.9597397358585158 -0.669890056707291
 -0.7410749485192121 -0.8686411628357934 -0.35438225864546324
 -0.26447047988904393 -0.5000542970037127 -0.009198188703640853
 0.28135095807783483 0.1192570600671601 -0.3266135279563408
 -0.8496999544519492 -1.2295484819906553 -1.0622468044860136
 -0.7208865621022257 -0.7248275856506955 -0.7508435817724431
 -0.32920704367470816 -0.00549808100773299 0.17229069613442977
 0.4205585176139446 0.42623521905063827 0.7995499432737877
 1.189631202856974 1.125236319385378 0.4817087330439668 0.4823804297320697
 0.4999750820650287 0.44161401161575414 0.18504138739516635
 -0.5844407950990433 -0.9045251555920829 -0.7750048648770274
 -0.38301850786696634 0.08886275738229944 0.5418845054164837
 0.043568858165323895 -0.42332201651158763 -0.8589756805915248
 -1.4235353731241056 -1.078265920136728 -0.6609467251391649
 -0.49533858886402177 -0.2216382362924923 -0.4050060934221017
 -1.128768948603215 -0.5375017556470605 0.023515378923364267
 -0.10721266176576918 -0.9082003002313631 -0.45633120845852476
 -0.19190958692506588 -0.6383390680736244 -0.48662196381033707
 -0.5170761298015348 -0.20447667957020627]",0,1
34,"[-0.4297229479284119 0.12954662367304723 -0.12467355286585349
 -1.1783061268644857 -0.9597397358585158 -0.669890056707291
 -0.7410749485192121 -0.8686411628357934 -0.35438225864546324
 -0.26447047988904393 -0.5000542970037127 -0.009198188703640853
 0.28135095807783483 0.1192570600671601 -0.3266135279563408
 -0.8496999544519492 -1.2295484819906553 -1.0622468044860136
 -0.7208865621022257 -0.7248275856506955 -0.7508435817724431
 -0.32920704367470816 -0.00549808100773299 0.17229069613442977
 0.4205585176139446 0.42623521905063827 0.7995499432737877
 1.189631202856974 1.125236319385378 0.4817087330439668 0.4823804297320697
 0.4999750820650287 0.44161401161575414 0.18504138739516635
 -0.5844407950990433 -0.9045251555920829 -0.7750048648770274
 -0.38301850786696634 0.08886275738229944 0.5418845054164837
 0.043568858165323895 -0.42332201651158763 -0.8589756805915248
 -1.4235353731241056 -1.078265920136728 -0.6609467251391649
 -0.49533858886402177 -0.2216382362924923 -0.4050060934221017
 -1.128768948603215 -0.5375017556470605 0.023515378923364267
 -0.10721266176576918 -0.9082003002313631 -0.45633120845852476
 -0.19190958692506588 -0.6383390680736244 -0.48662196381033707
 -0.5170761298015348 -0.20447667957020627]",0,1
35,"[1.8881961227320174 0.7556923819984372 1.394061340179807
 -0.34533093243827817 -0.5500859505805745 -0.44663761054128154
 -0.7040282175195771 -0.2250641863824996 0.4906085441165649
 -0.15520926784295977 0.3938715188742014 1.1711174512453408
 0.6323257612868958 -0.6423985324691606 -0.28819891380439194
 -0.02588140481500818 0.4597030825454697 0.7202319584894449
 0.32376338275045025 -0.35685685226593444 -1.1625274261693568
 -1.6599986707683563 -1.7426746499379338 -2.12112982920879
 -1.7925120751285695 -1.8422289453878644 -1.580024329525307
 -0.8208152179257665 0.3096826680002952 0.7715112906309965
 1.3503065560901424 1.6719369762521485 1.2620680327447213
 1.2502052793318374 1.3862701512656044 1.6940777923655506
 -0.3493557870389908 3.118499297545238 2.78764397706019 2.259664698638369
 2.208767307889132 1.7419150790286642 1.5196273107469807
 1.0893806520655136 -0.3219768718106765 -0.2881544022829485
 0.09307658149280737 3.026267296340901 0.1808602491794158
 0.2474014133924853 -0.19293109374881248 0.09221342358294848
 1.210812867684312 -0.8941592555334783 -0.7674702976630893
 4.830660610575596 -0.945370425820593 1.22119933419018 0.4436249574421026
 0.27789784024921466]",1,0
35,"[1.8881961227320174 0.7556923819984372 1.394061340179807
 -0.34533093243827817 -0.5500859505805745 -0.44663761054128154
 -0.7040282175195771 -0.2250641863824996 0.4906085441165649
 -0.15520926784295977 0.3938715188742014 1.1711174512453408
 0.6323257612868958 -0.6423985324691606 -0.28819891380439194
 -0.02588140481500818 0.4597030825454697 0.7202319584894449
 0.32376338275045025 -0.35685685226593444 -1.1625274261693568
 -1.6599986707683563 -1.7426746499379338 -2.12112982920879
 -1.7925120751285695 -1.8422289453878644 -1.580024329525307
 -0.8208152179257665 0.3096826680002952 0.7715112906309965
 1.3503065560901424 1.6719369762521485 1.2620680327447213
 1.2502052793318374 1.3862701512656044 1.6940777923655506
 -0.3493557870389908 3.118499297545238 2.78764397706019 2.259664698638369
 2.208767307889132 1.7419150790286642 1.5196273107469807
 1.0893806520655136 -0.3219768718106765 -0.2881544022829485
 0.09307658149280737 3.026267296340901 0.1808602491794158
 0.2474014133924853 -0.19293109374881248 0.09221342358294848
 1.210812867684312 -0.8941592555334783 -0.7674702976630893
 4.830660610575596 -0.945370425820593 1.22119933419018 0.4436249574421026
 0.27789784024921466]",1,0
35,"[1.8881961227320174 0.7556923819984372 1.394061340179807
 -0.34533093243827817 -0.5500859505805745 -0.44663761054128154
 -0.7040282175195771 -0.2250641863824996 0.4906085441165649
 -0.15520926784295977 0.3938715188742014 1.1711174512453408
 0.6323257612868958 -0.6423985324691606 -0.28819891380439194
 -0.02588140481500818 0.4597030825454697 0.7202319584894449
 0.32376338275045025 -0.35685685226593444 -1.1625274261693568
 -1.6599986707683563 -1.7426746499379338 -2.12112982920879
 -1.7925120751285695 -1.8422289453878644 -1.580024329525307
 -0.8208152179257665 0.3096826680002952 0.7715112906309965
 1.3503065560901424 1.6719369762521485 1.2620680327447213
 1.2502052793318374 1.3862701512656044 1.6940777923655506
 -0.42734190943029277 3.118499297545238 2.78764397706019 2.259664698638369
 2.208767307889132 1.7419150790286642 1.5196273107469807
 1.0893806520655136 -0.3219768718106765 -0.2881544022829485
 0.09307658149280737 3.1423897549668323 0.1808602491794158
 0.2474014133924853 -0.19293109374881248 0.09221342358294848
 1.210812867684312 -0.8941592555334783 -0.7674702976630893
 4.608511616820438 -0.945370425820593 1.22119933419018 0.4436249574421026
 0.27789784024921466]",1,0
36,"[-0.9359922096144156 -0.16795909575227602 0.3893087799334423
 -0.23558082236185215 -0.24334036257052186 -0.025287923411066643
 3.213717681871202 0.082733498008206 0.6933724014058466
 -1.2257084501056001 1.465007298252143 1.43435843182468 1.8510268072124285
 0.7028256252549276 -0.05439144742277713 -0.25146560675795254
 1.8333079799844545 -0.7110534540790723 -0.46049903875615816
 0.42290945506765254 0.5875262907457083 0.16011780716853685
 -0.30192422481281767 -0.33634582276054475 -0.14373532508758316
 0.6985546595224862 1.194048697010905 1.10720575593225 0.8989201811260177
 0.14052593974166222 0.15127224841040227 1.1606973014987905
 0.8966515767440106 -0.34710861863321085 -1.3216486009925463
 -0.23143935357821924 0.002474297191874155 0.2357838901063461
 1.277380744305122 0.7074468727237245 0.06753784469363162
 0.8895264238395252 1.2993346538703785 1.9745449257138663
 1.9532243522991866 0.23446493033071872 0.35422083805117177
 1.7850192557845512 1.5151778524249773 0.37110212008872806
 -1.1796561710028866 0.4847736787805732 -1.2126534284013213
 -0.06573761835827843 0.6043702320115817 -0.7329453102469906
 2.897286687360831 -0.7055734122719417 -0.7649989910256993
 -0.6096712762185198]",0,1
36,"[-0.9359922096144156 -0.16795909575227602 0.3893087799334423
 -0.23558082236185215 -0.24334036257052186 -0.025287923411066643
 3.213717681871202 0.082733498008206 0.6933724014058466
 -1.2257084501056001 1.465007298252143 1.43435843182468 1.8510268072124285
 0.7028256252549276 -0.05439144742277713 -0.25146560675795254
 1.8333079799844545 -0.7110534540790723 -0.46049903875615816
 0.42290945506765254 0.5875262907457083 0.16011780716853685
 -0.30192422481281767 -0.33634582276054475 -0.14373532508758316
 0.6985546595224862 1.194048697010905 1.10720575593225 0.8989201811260177
 0.14052593974166222 0.15127224841040227 1.1606973014987905
 0.8966515767440106 -0.34710861863321085 -1.3216486009925463
 -0.23143935357821924 0.002474297191874155 0.2357838901063461
 1.277380744305122 0.7074468727237245 0.06753784469363162
 0.8895264238395252 1.2993346538703785 1.9745449257138663
 1.9532243522991866 0.23446493033071872 0.35422083805117177
 1.7850192557845512 1.5151778524249773 0.37110212008872806
 -1.1796561710028866 0.4847736787805732 -1.2126534284013213
 -0.06573761835827843 0.6043702320115817 -0.7329453102469906
 2.897286687360831 -0.7055734122719417 -0.7649989910256993
 -0.6096712762185198]",0,1
36,"[-0.9359922096144156 -0.16795909575227602 0.3893087799334423
 -0.23558082236185215 -0.24334036257052186 -0.025287923411066643
 3.213717681871202 0.082733498008206 0.6933724014058466
 -1.2257084501056001 1.465007298252143 1.43435843182468 1.8510268072124285
 0.7028256252549276 -0.05439144742277713 -0.25146560675795254
 1.9639499837569967 -0.7110534540790723 -0.46049903875615816
 0.42290945506765254 0.5875262907457083 0.16011780716853685
 -0.30192422481281767 -0.33634582276054475 -0.14373532508758316
 0.6985546595224862 1.194048697010905 1.10720575593225 0.8989201811260177
 0.14052593974166222 0.15127224841040227 1.1606973014987905
 0.8966515767440106 -0.34710861863321085 -1.3216486009925463
 -0.23143935357821924 0.002474297191874155 0.2357838901063461
 1.277380744305122 0.7074468727237245 0.06753784469363162
 0.8895264238395252 1.2993346538703785 1.9745449257138663
 1.9532243522991866 0.23446493033071872 0.35422083805117177
 1.7850192557845512 1.5151778524249773 0.37110212008872806
 -1.1796561710028866 0.4847736787805732 -1.2126534284013213
 -0.06573761835827843 0.6043702320115817 -0.7329453102469906
 2.897286687360831 -0.7055734122719417 -0.7649989910256993
 -0.6096712762185198]",0,1
37,"[-0.37016185831829385 -0.2717401606680866 -1.016681601401405
 -0.13990123921830128 -0.611435068182585 -0.45449861216684523
 0.35643445734497287 0.1247059095160294 0.10120013200032915
 -0.14374830154441945 -0.4890278992748221 -0.6594745569455754
 -0.8735364872642324 -0.9939318828705392 -0.4096080647043783
 -0.11395479489217988 0.07921497613765371 0.20016073017223696
 0.36483641470682376 0.84891849082104 1.2288947510320196
 1.4615968433570388 1.0417416646231163 0.26010090949414844
 -0.5258393369095817 -1.6537666024581414 -2.265526793580854
 -2.4762609514584595 -1.430708824055471 -0.9673040548911844
 -0.8397040105806874 0.20710175784793527 -0.11393783612516417
 -0.9513925946345907 -1.3896985523057928 -0.48807252466569684
 0.1081054044696622 0.06288692090711849 -0.24531468496587486
 -0.7357145132922938 -0.7611042609992964 -1.1080647966602049
 -1.2884069357686994 0.8810755579156537 -0.9553847849815739
 -0.8555088136393615 -0.8158847578584087 -0.8745982138731176
 -1.1170159069186831 -0.6571600043237896 -0.20859339656236925
 -0.3494168635143792 -1.2835150160061644 -0.8099129873461699
 -0.7250422400442851 -0.9189263401389024 0.02990565172860084
 2.1667826827653593 -0.9199507792908024 -1.03416085365961]",1,0
37,"[-0.37016185831829385 -0.2717401606680866 -1.016681601401405
 -0.13990123921830128 -0.611435068182585 -0.45449861216684523
 0.35643445734497287 0.1247059095160294 0.10120013200032915
 -0.14374830154441945 -0.4890278992748221 -0.6594745569455754
 -0.8735364872642324 -0.9939318828705392 -0.4096080647043783
 -0.11395479489217988 0.07921497613765371 0.20016073017223696
 0.36483641470682376 0.84891849082104 1.2288947510320196
 1.4615968433570388 1.0417416646231163 0.26010090949414844
 -0.5258393369095817 -1.6537666024581414 -2.265526793580854
 -2.4762609514584595 -1.430708824055471 -0.9673040548911844
 -0.8397040105806874 0.20710175784793527 -0.11393783612516417
 -0.9513925946345907 -1.3896985523057928 -0.48807252466569684
 0.1081054044696622 0.06288692090711849 -0.24531468496587486
 -0.7357145132922938 -0.7611042609992964 -1.1080647966602049
 -1.2884069357686994 0.8810755579156537 -0.9553847849815739
 -0.8555088136393615 -0.8158847578584087 -0.8745982138731176
 -1.1170159069186831 -0.6571600043237896 -0.20859339656236925
 -0.3494168635143792 -1.2835150160061644 -0.8099129873461699
 -0.7250422400442851 -0.9189263401389024 0.02990565172860084
 2.1667826827653593 -0.9199507792908024 -1.03416085365961]",1,0
37,"[-0.37016185831829385 -0.2717401606680866 -1.016681601401405
 -0.13990123921830128 -0.611435068182585 -0.45449861216684523
 0.35643445734497287 0.1247059095160294 0.10120013200032915
 -0.14374830154441945 -0.4890278992748221 -0.6594745569455754
 -0.8735364872642324 -0.9939318828705392 -0.4096080647043783
 -0.11395479489217988 0.07921497613765371 0.20016073017223696
 0.36483641470682376 0.84891849082104 1.2288947510320196
 1.4615968433570388 1.0417416646231163 0.26010090949414844
 -0.5258393369095817 -1.6537666024581414 -2.265526793580854
 -2.4762609514584595 -1.430708824055471 -0.9673040548911844
 -0.8397040105806874 0.20710175784793527 -0.11393783612516417
 -0.9513925946345907 -1.3896985523057928 -0.48807252466569684
 0.1081054044696622 0.06288692090711849 -0.24531468496587486
 -0.7357145132922938 -0.7611042609992964 -1.1080647966602049
 -1.2884069357686994 1.024120164908683 -0.9553847849815739
 -0.8555088136393615 -0.8158847578584087 -0.8745982138731176
 -1.1170159069186831 -0.6571600043237896 -0.20859339656236925
 -0.3494168635143792 -1.2835150160061644 -0.8099129873461699
 -0.7250422400442851 -0.9189263401389024 0.02990565172860084
 2.3804146435791362 -0.9199507792908024 -1.03416085365961]",1,0
39,"[-0.9409556337485923 0.8802296598974098 2.36896976497331
 1.9931906438055684 -0.6589311592293028 0.27028573771012876
 1.957161959287532 3.780969311975321 -0.5041270594557903
 2.3211235170616504 0.7727070408453707 -1.173150200130123
 0.18632418329593506 0.5021151644647014 0.15238351270376263
 -0.11353935437294799 -1.1988348171809076 -1.2514626633919255
 -0.9967733427903213 1.352706748116056 1.4335445385459293
 -1.1820080217417686 -1.7975831168441105 -2.0432603947199826
 -2.4516105809574538 -1.5366260177472355 -1.5926060799016963
 -0.3095326189323074 -0.67958391112981 0.7084127555420635
 -1.4615298716727267 -0.7605517053653403 1.0130104753350226
 2.0013488349189705 1.848149418512409 2.159321460310065 2.0282822128796556
 2.8735226654373407 1.7771550442454724 0.7763841041622344
 1.2728354529742543 0.5587656433541714 -0.6142835205798556
 -0.536885924519967 0.4191103865992733 0.13079316054594234
 0.5335473661599196 -0.9964492769309574 1.7254169705834168
 -0.015462588337030516 2.508816141589724 1.0049160169174256
 0.9982281048697831 3.444523556112907 0.9579373788349508
 -0.6176070209787872 2.2513678283684313 1.308779913574822
 2.5509692778475013 1.7250213997074773]",0,1
39,"[-0.9409556337485923 0.8802296598974098 2.36896976497331
 1.9931906438055684 -0.6589311592293028 0.27028573771012876
 1.957161959287532 3.780969311975321 -0.5041270594557903
 2.3211235170616504 0.7727070408453707 -1.173150200130123
 0.18632418329593506 0.5021151644647014 0.15238351270376263
 -0.11353935437294799 -1.1988348171809076 -1.2514626633919255
 -0.9967733427903213 1.352706748116056 1.4335445385459293
 -1.1820080217417686 -1.7975831168441105 -2.0432603947199826
 -2.4516105809574538 -1.5366260177472355 -1.5926060799016963
 -0.3095326189323074 -0.67958391112981 0.7084127555420635
 -1.4615298716727267 -0.7605517053653403 1.0130104753350226
 2.0013488349189705 1.848149418512409 2.159321460310065 2.0282822128796556
 2.8735226654373407 1.7771550442454724 0.7763841041622344
 1.2728354529742543 0.5587656433541714 -0.6142835205798556
 -0.536885924519967 0.4191103865992733 0.13079316054594234
 0.5335473661599196 -0.9964492769309574 1.7254169705834168
 -0.015462588337030516 2.508816141589724 1.0049160169174256
 0.9982281048697831 3.444523556112907 0.9579373788349508
 -0.6176070209787872 2.2513678283684313 1.308779913574822
 2.5509692778475013 1.7250213997074773]",0,1
39,"[-0.9409556337485923 0.8802296598974098 2.36896976497331
 1.9931906438055684 -0.6589311592293028 0.27028573771012876
 1.957161959287532 3.780969311975321 -0.5041270594557903
 2.3211235170616504 0.7727070408453707 -1.173150200130123
 0.18632418329593506 0.5021151644647014 0.15238351270376263
 -0.11353935437294799 -1.1988348171809076 -1.2514626633919255
 -0.9967733427903213 1.352706748116056 1.4335445385459293
 -1.1820080217417686 -1.7975831168441105 -2.0432603947199826
 -2.4516105809574538 -1.5366260177472355 -1.5926060799016963
 -0.3095326189323074 -0.67958391112981 0.7084127555420635
 -1.4615298716727267 -0.7605517053653403 1.0130104753350226
 2.0013488349189705 1.848149418512409 2.159321460310065 2.0282822128796556
 2.8735226654373407 1.7771550442454724 0.7763841041622344
 1.2728354529742543 0.5587656433541714 -0.6142835205798556
 -0.536885924519967 0.4191103865992733 0.13079316054594234
 0.5335473661599196 -1.076690389361031 1.7254169705834168
 -0.015462588337030516 2.508816141589724 1.0049160169174256
 0.9982281048697831 3.444523556112907 0.9579373788349508
 -0.6176070209787872 2.2513678283684313 1.308779913574822
 2.5509692778475013 1.7250213997074773]",0,1
38,"[-0.9756996026878277 -1.0743137293503542 -1.1294261131122183
 -0.7449338973319318 -0.29677346499807944 -0.5865634394763156
 -0.3613459557729541 -0.7065810184028082 2.3178145117254068
 0.5138107212738603 -0.830058629032652 1.4376431406278516
 0.037194573236749046 -0.29724615047440733 -0.5727516112262353
 -0.636994408605195 -0.589620242248735 -0.6602085015899599
 -0.5139714765861542 -0.42279152230376177 -0.20126949219625456
 0.07960589081573438 0.1242132248720757 0.3189171844803751
 0.8339892876867221 1.0465183890142913 1.2675098846924053
 0.7742395940977229 0.2281273028617873 -0.07896682160341384
 -0.4386169370364264 -0.6874505236407541 -1.0601584965822894
 -1.4511471051661107 -1.065483554382337 -0.6156207474217487
 -0.5851254655598699 -0.28479145312293574 -0.4168789968856967
 -0.914273243903516 -0.8101836143667839 -0.6102245123337909
 -0.47555491704047614 -0.5554506114672898 -0.6918870931024805
 -1.0536213052143792 -0.8450253186760804 -0.6946360737106527
 -0.993675624265732 -1.221544478625397 -1.1326692625622163
 -0.7812331442317662 -0.9433793955029176 -0.3886816464096275
 0.3356592004258215 -0.5638716467088891 -0.8370064172040158
 -0.20928346242563758 -0.34662916270992183 -0.6675562185968503]",1,0
38,"[-0.9756996026878277 -1.0743137293503542 -1.1294261131122183
 -0.7449338973319318 -0.29677346499807944 -0.5865634394763156
 -0.3613459557729541 -0.7065810184028082 2.3178145117254068
 0.5138107212738603 -0.830058629032652 1.4376431406278516
 0.037194573236749046 -0.29724615047440733 -0.5727516112262353
 -0.636994408605195 -0.589620242248735 -0.6602085015899599
 -0.5139714765861542 -0.42279152230376177 -0.20126949219625456
 0.07960589081573438 0.1242132248720757 0.3189171844803751
 0.8339892876867221 1.0465183890142913 1.2675098846924053
 0.7742395940977229 0.2281273028617873 -0.07896682160341384
 -0.4386169370364264 -0.6874505236407541 -1.0601584965822894
 -1.4511471051661107 -1.065483554382337 -0.6156207474217487
 -0.5851254655598699 -0.28479145312293574 -0.4168789968856967
 -0.914273243903516 -0.8101836143667839 -0.6102245123337909
 -0.47555491704047614 -0.5554506114672898 -0.6918870931024805
 -1.0536213052143792 -0.8450253186760804 -0.6946360737106527
 -0.993675624265732 -1.221544478625397 -1.1326692625622163
 -0.7812331442317662 -0.9433793955029176 -0.3886816464096275
 0.3356592004258215 -0.5638716467088891 -0.8370064172040158
 -0.20928346242563758 -0.34662916270992183 -0.6675562185968503]",1,0
38,"[-0.9756996026878277 -1.0743137293503542 -1.1294261131122183
 -0.7449338973319318 -0.29677346499807944 -0.5865634394763156
 -0.3613459557729541 -0.7065810184028082 2.3178145117254068
 0.5794021301903773 -0.830058629032652 1.4376431406278516
 0.037194573236749046 -0.29724615047440733 -0.5727516112262353
 -0.636994408605195 -0.589620242248735 -0.6602085015899599
 -0.5139714765861542 -0.42279152230376177 -0.20126949219625456
 0.07960589081573438 0.1242132248720757 0.3189171844803751
 0.8339892876867221 1.0465183890142913 1.2675098846924053
 0.7742395940977229 0.2281273028617873 -0.07896682160341384
 -0.4386169370364264 -0.6874505236407541 -1.0601584965822894
 -1.4511471051661107 -1.065483554382337 -0.6156207474217487
 -0.5851254655598699 -0.28479145312293574 -0.4168789968856967
 -0.914273243903516 -0.8101836143667839 -0.6102245123337909
 -0.47555491704047614 -0.5554506114672898 -0.6918870931024805
 -1.0536213052143792 -0.8450253186760804 -0.6946360737106527
 -0.993675624265732 -1.221544478625397 -1.1326692625622163
 -0.7812331442317662 -0.9433793955029176 -0.3886816464096275
 0.3356592004258215 -0.5638716467088891 -0.8370064172040158
 -0.20928346242563758 -0.34662916270992183 -0.6675562185968503]",1,0
40,"[-0.7821260614549439 0.5619677274889243 0.6612220140595212
 0.06552845400167563 0.6650223786979567 2.408478179863457
 1.6623317250821037 0.8673844131405731 1.3924410976668016
 1.7136923032390137 0.5088610951897745 -0.9077748332217626
 0.3909438808190042 1.5172692291551515 1.6666781174836733
 2.347114841037845 1.9639499837569967 1.6285407168842332
 0.3718110805107364 -0.4642474525670664 -0.4651286357093344
 -0.4800691781998617 0.2467625568076008 0.668087042321143
 0.5260802296165675 0.2991528134971094 0.4983996600711732
 -0.1891588226808546 -1.579955142258941 -1.4274726572183347
 0.5720849157355286 1.10071684469913 -0.6254218456762948
 0.1491903723786443 1.8121689844847155 1.3141223938543 0.5203660822663736
 1.1662239832084562 0.9178416210644524 -0.11075895615301556
 -1.3306530361243254 -0.9375870656223771 0.20832829940239428
 0.47526080784807423 0.04920016530746938 -0.6829592242030557
 -0.8203679210611277 -0.9096350907189074 -0.9572341771182691
 0.6494287101552741 4.831905392670905 0.7497518510389696
 -0.8016562202932315 1.2962437173365415 0.5053714309010384
 -1.0372779046155733 -0.7105817404846758 4.51760125260477
 0.5211008515746541 0.2393078786636609]",1,0
40,"[-0.7821260614549439 0.5619677274889243 0.6612220140595212
 0.06552845400167563 0.6650223786979567 2.408478179863457
 1.6623317250821037 0.8673844131405731 1.3924410976668016
 1.7136923032390137 0.5088610951897745 -0.9077748332217626
 0.3909438808190042 1.5172692291551515 1.6666781174836733
 2.347114841037845 1.9639499837569967 1.6285407168842332
 0.3718110805107364 -0.4642474525670664 -0.4651286357093344
 -0.4800691781998617 0.2467625568076008 0.668087042321143
 0.5260802296165675 0.2991528134971094 0.4983996600711732
 -0.1891588226808546 -1.579955142258941 -1.4274726572183347
 0.5720849157355286 1.10071684469913 -0.6254218456762948
 0.1491903723786443 1.8121689844847155 1.3141223938543 0.5203660822663736
 1.1662239832084562 0.9178416210644524 -0.11075895615301556
 -1.3306530361243254 -0.9375870656223771 0.20832829940239428
 0.47526080784807423 0.04920016530746938 -0.6829592242030557
 -0.8203679210611277 -0.9096350907189074 -0.9572341771182691
 0.6494287101552741 4.831905392670905 0.7497518510389696
 -0.8016562202932315 1.2962437173365415 0.5053714309010384
 -1.0372779046155733 -0.7105817404846758 4.51760125260477
 0.5211008515746541 0.2393078786636609]",1,0
40,"[-0.7821260614549439 0.5619677274889243 0.6612220140595212
 0.06552845400167563 0.6650223786979567 2.408478179863457
 1.6623317250821037 0.8673844131405731 1.3924410976668016
 1.7136923032390137 0.5088610951897745 -0.9077748332217626
 0.3909438808190042 1.5172692291551515 1.6666781174836733
 2.347114841037845 1.9639499837569967 1.6285407168842332
 0.3718110805107364 -0.4642474525670664 -0.4651286357093344
 -0.4800691781998617 0.2467625568076008 0.668087042321143
 0.5260802296165675 0.2991528134971094 0.4983996600711732
 -0.1891588226808546 -1.579955142258941 -1.4274726572183347
 0.5720849157355286 1.10071684469913 -0.6254218456762948
 0.1491903723786443 1.8121689844847155 1.3141223938543 0.5203660822663736
 1.1662239832084562 0.9178416210644524 -0.11075895615301556
 -1.3306530361243254 -0.9375870656223771 0.20832829940239428
 0.47526080784807423 0.04920016530746938 -0.6829592242030557
 -0.8203679210611277 -0.9096350907189074 -0.9572341771182691
 0.6494287101552741 4.999945548538705 0.7497518510389696
 -0.8016562202932315 1.2962437173365415 0.5053714309010384
 -1.0372779046155733 -0.7105817404846758 4.433213367414688
 0.5211008515746541 0.2393078786636609]",1,0
41,"[-0.7970163338574735 -1.1573385812830026 -0.7480843823256441
 -0.8124724266097324 -1.100249005205056 -0.8852815012477365
 -1.8432151957583511 -1.0785032203749108 -0.8345677951548083
 2.794255274197068 -0.9584374025904495 -1.3965493025677242
 -1.0705262977610175 -0.6661821419847653 -0.7624534095074643
 -0.8409757035480785 -0.942646718944306 -1.1544940754305464
 -1.562496235774337 -1.8733542631359634 -1.9143670338903613
 -1.2128839508285227 -0.7228891377601727 -0.37320954440684184
 -0.023374622334591123 0.48458938486603403 0.6968666256858344
 1.0451826473552301 0.8793468934927756 0.6651451886239375
 0.5687973167720508 0.35986448375957114 0.22919712865599107
 0.521522600622525 0.48949694229276525 0.06514868246898572
 -0.985839423127835 -1.3989640203059688 -1.137946394809585
 -1.0911367966924799 -0.9283164765420153 -0.6034280579402562
 0.14628384857322446 -0.16113666070615265 -0.8515058872215465
 -0.7397656734001934 -1.0131439387780317 2.2487856685901133
 -0.6769153529070167 -0.9973369477384572 -0.08329497405391535
 -0.06481067849610124 0.4171630865100696 -1.132857015397519
 -0.7391849259172198 -1.104907370030814 0.6620290353253004
 -0.2968640418102796 -0.5170761298015348 0.12353799390699993]",1,0
41,"[-0.7970163338574735 -1.1573385812830026 -0.7480843823256441
 -0.8124724266097324 -1.100249005205056 -0.8852815012477365
 -1.8432151957583511 -1.0785032203749108 -0.8345677951548083
 2.794255274197068 -0.9584374025904495 -1.3965493025677242
 -1.0705262977610175 -0.6661821419847653 -0.7624534095074643
 -0.8409757035480785 -0.942646718944306 -1.1544940754305464
 -1.562496235774337 -1.8733542631359634 -1.9143670338903613
 -1.2128839508285227 -0.7228891377601727 -0.37320954440684184
 -0.023374622334591123 0.48458938486603403 0.6968666256858344
 1.0451826473552301 0.8793468934927756 0.6651451886239375
 0.5687973167720508 0.35986448375957114 0.22919712865599107
 0.521522600622525 0.48949694229276525 0.06514868246898572
 -0.985839423127835 -1.3989640203059688 -1.137946394809585
 -1.0911367966924799 -0.9283164765420153 -0.6034280579402562
 0.14628384857322446 -0.16113666070615265 -0.8515058872215465
 -0.7397656734001934 -1.0131439387780317 2.2487856685901133
 -0.6769153529070167 -0.9973369477384572 -0.08329497405391535
 -0.06481067849610124 0.4171630865100696 -1.132857015397519
 -0.7391849259172198 -1.104907370030814 0.6620290353253004
 -0.2968640418102796 -0.5170761298015348 0.12353799390699993]",1,0
41,"[-0.7970163338574735 -1.1573385812830026 -0.7480843823256441
 -0.8124724266097324 -1.100249005205056 -0.8852815012477365
 -1.8432151957583511 -1.0785032203749108 -0.8345677951548083
 2.794255274197068 -0.9584374025904495 -1.3965493025677242
 -1.0705262977610175 -0.6661821419847653 -0.7624534095074643
 -0.8409757035480785 -0.942646718944306 -1.1544940754305464
 -1.562496235774337 -1.8733542631359634 -1.9143670338903613
 -1.2128839508285227 -0.7228891377601727 -0.37320954440684184
 -0.023374622334591123 0.48458938486603403 0.6968666256858344
 1.0451826473552301 0.8793468934927756 0.6651451886239375
 0.5687973167720508 0.35986448375957114 0.22919712865599107
 0.521522600622525 0.48949694229276525 0.06514868246898572
 -0.985839423127835 -1.3989640203059688 -1.137946394809585
 -1.0911367966924799 -0.9283164765420153 -0.6034280579402562
 0.14628384857322446 -0.16113666070615265 -0.8515058872215465
 -0.7397656734001934 -1.0131439387780317 2.2487856685901133
 -0.6769153529070167 -0.9973369477384572 -0.08329497405391535
 -0.06481067849610124 0.4171630865100696 -1.132857015397519
 -0.7391849259172198 -1.104907370030814 0.6620290353253004
 -0.2968640418102796 -0.5170761298015348 0.12353799390699993]",1,0
43,"[3.992687955622857 3.1876286698589293 1.6726066044065222 2.080427910789394
 1.068739152595058 4.351717781702806 1.1128052152541859 3.4265356147981447
 4.287128466164832 -0.8343920365195279 1.8619576164922034
 -0.08603609654842088 -1.1877491075284705 -0.10871753846046674
 0.600079756647463 0.2316917171087959 -1.1381301620275237
 -1.4381362746733812 -0.7724215927644684 1.2812446207097878
 1.2479689059847725 -0.5488560581906053 -2.035519806770876
 -2.1550941570177375 -1.688226945688477 -0.6003658462202164
 -1.3080961762291456 -0.21527381576591542 -0.3101381070523673
 1.2222151126948075 0.26164164218429126 0.4826369812713766
 0.45547805059681107 0.9525986607007072 1.7996540509098657
 1.7851287827064675 2.068054249223114 2.7114612011198087 2.270464601997539
 1.028400540404656 0.4516123193019931 0.9325706349985781
 1.4973191935949197 1.722065183230276 2.2901973621061043 1.905284617341532
 -0.31152889755255514 -0.19456428600256406 -0.6713089764227915
 -0.3788334142572435 -0.1537753367149206 3.1738114268843014
 1.5367761706665901 -0.3465585123159733 0.4770860591551689
 -0.8154456542501967 0.4814223542976721 1.8488601531134472
 1.512792296471312 2.361755765869113]",0,1
43,"[3.992687955622857 3.1876286698589293 1.6726066044065222 2.080427910789394
 1.068739152595058 4.351717781702806 1.1128052152541859 3.4265356147981447
 4.287128466164832 -0.8343920365195279 1.8619576164922034
 -0.08603609654842088 -1.1877491075284705 -0.10871753846046674
 0.600079756647463 0.2316917171087959 -1.1381301620275237
 -1.4381362746733812 -0.7724215927644684 1.2812446207097878
 1.2479689059847725 -0.5488560581906053 -2.035519806770876
 -2.1550941570177375 -1.688226945688477 -0.6003658462202164
 -1.3080961762291456 -0.21527381576591542 -0.3101381070523673
 1.2222151126948075 0.26164164218429126 0.4826369812713766
 0.45547805059681107 0.9525986607007072 1.7996540509098657
 1.7851287827064675 2.068054249223114 2.7114612011198087 2.270464601997539
 1.028400540404656 0.4516123193019931 0.9325706349985781
 1.4973191935949197 1.722065183230276 2.2901973621061043 1.905284617341532
 -0.31152889755255514 -0.19456428600256406 -0.6713089764227915
 -0.3788334142572435 -0.1537753367149206 3.1738114268843014
 1.5367761706665901 -0.3465585123159733 0.4770860591551689
 -0.8154456542501967 0.4814223542976721 1.8488601531134472
 1.512792296471312 2.361755765869113]",0,1
43,"[3.992687955622857 3.1876286698589293 1.6726066044065222 2.080427910789394
 1.068739152595058 4.351717781702806 1.1128052152541859 3.4265356147981447
 4.287128466164832 -1.0875416567415976 1.8619576164922034
 -0.08603609654842088 -1.1877491075284705 -0.10871753846046674
 0.600079756647463 0.2316917171087959 -1.1381301620275237
 -1.4381362746733812 -0.7724215927644684 1.2812446207097878
 1.2479689059847725 -0.5488560581906053 -2.035519806770876
 -2.1550941570177375 -1.688226945688477 -0.6003658462202164
 -1.3080961762291456 -0.21527381576591542 -0.3101381070523673
 1.2222151126948075 0.26164164218429126 0.4826369812713766
 0.45547805059681107 0.9525986607007072 1.7996540509098657
 1.7851287827064675 2.068054249223114 2.7114612011198087 2.270464601997539
 1.028400540404656 0.4516123193019931 0.9325706349985781
 1.4973191935949197 1.722065183230276 2.2901973621061043 1.905284617341532
 -0.31152889755255514 -0.19456428600256406 -0.6713089764227915
 -0.3788334142572435 -0.1537753367149206 3.1738114268843014
 1.5367761706665901 -0.3465585123159733 0.4770860591551689
 -0.7725759650562368 0.4814223542976721 1.8488601531134472
 1.512792296471312 2.361755765869113]",0,1
42,"[-0.5339548547461185 -0.6384332567039502 0.2633002080213568
 2.345097585587947 -0.9379706941287701 -1.106961747088633
 -1.3353662583050223 -0.9187748765812492 -1.2867566484401105
 3.3452406111792556 -1.4514749010394135 -0.44745884826275634
 -1.1759574639423955 -1.243369738765907 -1.2025615815199158
 -1.0025820655293038 -1.0828455653699778 -1.6102827566722338
 -1.5245230552863689 -1.4512934112171765 1.2329309872369685
 -2.0770191307122396 -1.7892274805757793 -2.3050342383206535
 -2.5624908173977103 -2.0994195280557206 -0.9071036158461496
 -0.07980228913716163 0.044627731300143546 0.15539916586976785
 0.9229186908380612 0.451240960915304 0.8753603740231022
 1.8985471292089433 2.184488258336501 2.2841804133092123
 1.7883670259045983 1.381520754118666 1.299261410173157 1.7437655813977173
 1.4366235275843582 1.1274023276132383 0.67470737361267
 -0.19009757234397637 -0.5487369047258578 -0.6971608365023401
 -0.3496357847756641 0.10165658187547581 0.13881242554772807
 -0.12370070669624278 -0.5609952098673956 -0.8793732080311722
 0.9982281048697831 0.9030944657957688 -0.1593348051268948
 4.458995373537357 0.6439683672225377 1.469344309113332 3.310233040346505
 -0.03082185243521481]",1,0
42,"[-0.5339548547461185 -0.6384332567039502 0.2633002080213568
 2.345097585587947 -0.9379706941287701 -1.106961747088633
 -1.3353662583050223 -0.9187748765812492 -1.2867566484401105
 3.3452406111792556 -1.4514749010394135 -0.44745884826275634
 -1.1759574639423955 -1.243369738765907 -1.2025615815199158
 -1.0025820655293038 -1.0828455653699778 -1.6102827566722338
 -1.5245230552863689 -1.4512934112171765 1.2329309872369685
 -2.0770191307122396 -1.7892274805757793 -2.3050342383206535
 -2.5624908173977103 -2.0994195280557206 -0.9071036158461496
 -0.07980228913716163 0.044627731300143546 0.15539916586976785
 0.9229186908380612 0.451240960915304 0.8753603740231022
 1.8985471292089433 2.184488258336501 2.2841804133092123
 1.7883670259045983 1.381520754118666 1.299261410173157 1.7437655813977173
 1.4366235275843582 1.1274023276132383 0.67470737361267
 -0.19009757234397637 -0.5487369047258578 -0.6971608365023401
 -0.3496357847756641 0.10165658187547581 0.13881242554772807
 -0.12370070669624278 -0.5609952098673956 -0.8793732080311722
 0.9982281048697831 0.9030944657957688 -0.1593348051268948
 4.458995373537357 0.6439683672225377 1.469344309113332 3.310233040346505
 -0.03082185243521481]",1,0
42,"[-0.5339548547461185 -0.6384332567039502 0.2633002080213568
 2.345097585587947 -0.9379706941287701 -1.106961747088633
 -1.3353662583050223 -0.9187748765812492 -1.2867566484401105
 2.9559759088185076 -1.4514749010394135 -0.44745884826275634
 -1.1759574639423955 -1.243369738765907 -1.2025615815199158
 -1.0025820655293038 -1.0828455653699778 -1.6102827566722338
 -1.5245230552863689 -1.4512934112171765 1.5213651269742285
 -2.0770191307122396 -1.7892274805757793 -2.3050342383206535
 -2.5624908173977103 -2.0994195280557206 -0.9071036158461496
 -0.07980228913716163 0.044627731300143546 0.15539916586976785
 0.9229186908380612 0.451240960915304 0.8753603740231022
 1.8985471292089433 2.184488258336501 2.2841804133092123
 1.7883670259045983 1.381520754118666 1.299261410173157 1.7437655813977173
 1.4366235275843582 1.1274023276132383 0.67470737361267
 -0.19009757234397637 -0.5487369047258578 -0.6971608365023401
 -0.3496357847756641 0.10165658187547581 0.13881242554772807
 -0.12370070669624278 -0.5609952098673956 -0.8793732080311722
 0.9982281048697831 0.9030944657957688 -0.1593348051268948
 4.458995373537357 0.6439683672225377 1.469344309113332 3.310233040346505
 -0.03082185243521481]",1,0
44,"[-0.2609665273664106 -0.019206236039614393 -1.298542880678438
 -0.5366900987253799 -0.7855874020205504 -0.3067117816062476
 0.7886463190073802 0.03259978426275017 -0.6038072546414833
 -1.2944293179178665 -1.4128825089882966 -0.7832689640288321
 -0.32002286481199843 0.5491022954589451 0.84194954945603
 1.1406755731882852 1.0681949830115305 1.0717884871284513
 0.9522582679696789 1.1312136349949715 1.5213651269742285
 1.0211263106890383 0.6347028121229797 0.8089147429923902
 0.9205500670638735 1.0512731728955456 0.7991440803584203
 -0.06796893289549333 -1.3295801712837207 -1.5049937146133103
 -0.9810707660102218 -0.9971933513327517 -0.9353821457527784
 -1.0878856156613497 -1.117889838727021 -1.3090681633093195
 -1.0739366219101198 -0.9457572509063589 -0.9032265245888433
 -0.9086226511626546 -1.0373182962302725 -1.3493389276306857
 -1.1685008060763715 1.249058316030111 -0.7406595024166397
 -0.687219707892841 -0.4247287684212023 -0.5114887629258432
 -0.04619799843169859 0.8504423585366687 -0.04413921702002349
 3.163063500882726 -0.10721266176576918 -1.1890211941890578
 -0.5411873236961333 -0.19190958692506588 -0.3674290465321818
 -0.5887993064257526 -0.579056845107576 -0.6675562185968503]",1,0
44,"[-0.2609665273664106 -0.019206236039614393 -1.298542880678438
 -0.5366900987253799 -0.7855874020205504 -0.3067117816062476
 0.7886463190073802 0.03259978426275017 -0.6038072546414833
 -1.2944293179178665 -1.4128825089882966 -0.7832689640288321
 -0.32002286481199843 0.5491022954589451 0.84194954945603
 1.1406755731882852 1.0681949830115305 1.0717884871284513
 0.9522582679696789 1.1312136349949715 1.5213651269742285
 1.0211263106890383 0.6347028121229797 0.8089147429923902
 0.9205500670638735 1.0512731728955456 0.7991440803584203
 -0.06796893289549333 -1.3295801712837207 -1.5049937146133103
 -0.9810707660102218 -0.9971933513327517 -0.9353821457527784
 -1.0878856156613497 -1.117889838727021 -1.3090681633093195
 -1.0739366219101198 -0.9457572509063589 -0.9032265245888433
 -0.9086226511626546 -1.0373182962302725 -1.3493389276306857
 -1.1685008060763715 1.249058316030111 -0.7406595024166397
 -0.687219707892841 -0.4247287684212023 -0.5114887629258432
 -0.04619799843169859 0.8504423585366687 -0.04413921702002349
 3.163063500882726 -0.10721266176576918 -1.1890211941890578
 -0.5411873236961333 -0.19190958692506588 -0.3674290465321818
 -0.5887993064257526 -0.579056845107576 -0.6675562185968503]",1,0
44,"[-0.2609665273664106 -0.019206236039614393 -1.298542880678438
 -0.5366900987253799 -0.7855874020205504 -0.3067117816062476
 0.7886463190073802 0.03259978426275017 -0.6038072546414833
 -1.2944293179178665 -1.4128825089882966 -0.7832689640288321
 -0.32002286481199843 0.5491022954589451 0.84194954945603
 1.1406755731882852 1.0681949830115305 1.0717884871284513
 0.9522582679696789 1.1312136349949715 1.5213651269742285
 1.0211263106890383 0.6347028121229797 0.8089147429923902
 0.9205500670638735 1.0512731728955456 0.7991440803584203
 -0.06796893289549333 -1.3295801712837207 -1.5049937146133103
 -0.9810707660102218 -0.9971933513327517 -0.9353821457527784
 -1.0878856156613497 -1.117889838727021 -1.3090681633093195
 -1.0739366219101198 -0.9457572509063589 -0.9032265245888433
 -0.9086226511626546 -1.0373182962302725 -1.3493389276306857
 -1.1685008060763715 1.249058316030111 -0.7406595024166397
 -0.687219707892841 -0.4247287684212023 -0.5114887629258432
 -0.04619799843169859 0.8504423585366687 -0.04413921702002349
 3.4493111820172797 -0.10721266176576918 -1.1890211941890578
 -0.5411873236961333 -0.19190958692506588 -0.3674290465321818
 -0.5887993064257526 -0.579056845107576 -0.6675562185968503]",1,0
45,"[-0.36023501004994074 -0.12990603861647895 -0.021877086305994192
 -0.5873439956837303 -1.2170102290282374 -0.9701803188038246
 0.11099986447239107 0.07806989672955914 2.3462463889614993
 3.575669349923662 -1.1813281566815945 -0.3898304173791714
 -0.8721492350776354 -0.7079484806463153 -0.6894182171691913
 -0.3399544373543564 0.8297124091946659 0.3650436475297875
 -1.065745037962345 -1.590269482195112 -1.116034173472022
 -0.26276517095637614 0.05179771054653828 0.08489468189433233
 0.521958287741465 0.8226112935152166 0.7581519259063125 0.497991932869812
 1.0171754605768548 1.6287499601963644 1.8030558990604793
 1.4502904444846525 1.3199999099155661 1.5387411592238471
 2.0030217215011765 2.3975139244930532 2.36869663147528 1.887962830110954
 1.376341028571918 0.5622266392835849 0.04927575971968291
 -0.27833098944951473 0.3435712596367644 0.09357084421111668
 0.2474568421299602 0.20464154450222133 -0.14228948664992425
 -0.9813014297216589 -0.9600373653603815 1.3916329503327305
 6.612339478741587 0.5902871878246574 -0.8866901254190431
 0.6503556612338433 0.22251771344234342 -1.0710926373231937
 0.5175436905031979 -0.4282349108872424 -0.16068701679179836
 0.2971928210419914]",1,0
45,"[-0.36023501004994074 -0.12990603861647895 -0.021877086305994192
 -0.5873439956837303 -1.2170102290282374 -0.9701803188038246
 0.11099986447239107 0.07806989672955914 2.3462463889614993
 3.575669349923662 -1.1813281566815945 -0.3898304173791714
 -0.8721492350776354 -0.7079484806463153 -0.6894182171691913
 -0.3399544373543564 0.8297124091946659 0.3650436475297875
 -1.065745037962345 -1.590269482195112 -1.116034173472022
 -0.26276517095637614 0.05179771054653828 0.08489468189433233
 0.521958287741465 0.8226112935152166 0.7581519259063125 0.497991932869812
 1.0171754605768548 1.6287499601963644 1.8030558990604793
 1.4502904444846525 1.3199999099155661 1.5387411592238471
 2.0030217215011765 2.3975139244930532 2.36869663147528 1.887962830110954
 1.376341028571918 0.5622266392835849 0.04927575971968291
 -0.27833098944951473 0.3435712596367644 0.09357084421111668
 0.2474568421299602 0.20464154450222133 -0.14228948664992425
 -0.9813014297216589 -0.9600373653603815 1.3916329503327305
 6.612339478741587 0.5902871878246574 -0.8866901254190431
 0.6503556612338433 0.22251771344234342 -1.0710926373231937
 0.5175436905031979 -0.4282349108872424 -0.16068701679179836
 0.2971928210419914]",1,0
45,"[-0.36023501004994074 -0.12990603861647895 -0.021877086305994192
 -0.5873439956837303 -1.2170102290282374 -0.9701803188038246
 0.11099986447239107 0.07806989672955914 2.3462463889614993
 3.869882096204398 -1.1813281566815945 -0.3898304173791714
 -0.8721492350776354 -0.7079484806463153 -0.6894182171691913
 -0.3399544373543564 0.8297124091946659 0.3650436475297875
 -1.065745037962345 -1.590269482195112 -1.116034173472022
 -0.26276517095637614 0.05179771054653828 0.08489468189433233
 0.521958287741465 0.8226112935152166 0.7581519259063125 0.497991932869812
 1.0171754605768548 1.6287499601963644 1.8030558990604793
 1.4502904444846525 1.3199999099155661 1.5387411592238471
 2.0030217215011765 2.3975139244930532 2.36869663147528 1.887962830110954
 1.376341028571918 0.5622266392835849 0.04927575971968291
 -0.27833098944951473 0.3435712596367644 0.09357084421111668
 0.2474568421299602 0.20464154450222133 -0.14228948664992425
 -0.9813014297216589 -0.9600373653603815 1.3916329503327305
 6.612339478741587 0.7270473577328792 -0.8866901254190431
 0.6503556612338433 0.22251771344234342 -1.0710926373231937
 0.5175436905031979 -0.4282349108872424 -0.16068701679179836
 0.2971928210419914]",1,0
46,"[-0.7573089407840614 -0.5381115606186667 -1.2488026549236677
 -0.7815172673574071 -1.0012988155243938 -0.9025757048239768
 -0.7487930174774693 -1.1542867411529256 -0.34420164656399294
 0.02893025735358796 -0.05821078801031189 -0.35070000134710744
 -1.0760753065074058 -0.6963467199069959 -0.23650517377275693
 0.5158530322634444 0.8257376996310516 1.1309865389550608
 1.1506487619476349 0.6033414563088925 0.46910757874736814
 0.6478793198301733 0.6347028121229797 -0.790722256985127
 -2.019218878259205 -1.7609653663264242 -0.2524467333585259
 0.7668947522925494 1.1154496755687568 0.9279055168871391
 0.0409028546365133 0.20007279806672504 -0.06343312269417166
 -0.27497464866020843 -0.43937735075177514 -0.5403211942284168
 -0.3785674703567459 0.5000759874381353 0.5846587544375523
 0.1423875986375778 -0.9916630837954004 -0.6532687234928437
 0.881057457269234 0.6683335521002315 2.725580497791027
 -0.05453787995971958 0.19170617195261877 -0.2296011628483536
 0.2845782141375792 0.2087449425499094 -0.3808787275114932
 0.357191595841345 -0.263108154496424 -0.8660771661377089
 -0.39976046496678574 -0.31026115140173693 -0.8370064172040158
 -0.18008993596409034 -0.7959893486787201 -0.22377166036298315]",1,0
46,"[-0.7573089407840614 -0.5381115606186667 -1.2488026549236677
 -0.7815172673574071 -1.0012988155243938 -0.9025757048239768
 -0.7487930174774693 -1.1542867411529256 -0.34420164656399294
 0.02893025735358796 -0.05821078801031189 -0.35070000134710744
 -1.0760753065074058 -0.6963467199069959 -0.23650517377275693
 0.5158530322634444 0.8257376996310516 1.1309865389550608
 1.1506487619476349 0.6033414563088925 0.46910757874736814
 0.6478793198301733 0.6347028121229797 -0.790722256985127
 -2.019218878259205 -1.7609653663264242 -0.2524467333585259
 0.7668947522925494 1.1154496755687568 0.9279055168871391
 0.0409028546365133 0.20007279806672504 -0.06343312269417166
 -0.27497464866020843 -0.43937735075177514 -0.5403211942284168
 -0.3785674703567459 0.5000759874381353 0.5846587544375523
 0.1423875986375778 -0.9916630837954004 -0.6532687234928437
 0.881057457269234 0.6683335521002315 2.725580497791027
 -0.05453787995971958 0.19170617195261877 -0.2296011628483536
 0.2845782141375792 0.2087449425499094 -0.3808787275114932
 0.357191595841345 -0.263108154496424 -0.8660771661377089
 -0.39976046496678574 -0.31026115140173693 -0.8370064172040158
 -0.18008993596409034 -0.7959893486787201 -0.22377166036298315]",1,0
46,"[-0.7573089407840614 -0.5381115606186667 -1.2488026549236677
 -0.7815172673574071 -1.0012988155243938 -0.9025757048239768
 -0.7487930174774693 -1.1542867411529256 -0.34420164656399294
 0.02893025735358796 -0.21532691162153283 -0.35070000134710744
 -1.0760753065074058 -0.6963467199069959 -0.23650517377275693
 0.5158530322634444 0.8257376996310516 1.1309865389550608
 1.1506487619476349 0.6033414563088925 0.46910757874736814
 0.6478793198301733 0.6347028121229797 -0.790722256985127
 -2.019218878259205 -1.7609653663264242 -0.2524467333585259
 0.7668947522925494 1.1154496755687568 0.9279055168871391
 0.0409028546365133 0.20007279806672504 -0.06343312269417166
 -0.27497464866020843 -0.40923172505114463 -0.5403211942284168
 -0.3785674703567459 0.5000759874381353 0.5846587544375523
 0.1423875986375778 -0.9916630837954004 -0.6532687234928437
 0.881057457269234 0.6683335521002315 2.725580497791027
 -0.05453787995971958 0.19170617195261877 -0.2296011628483536
 0.2845782141375792 0.2087449425499094 -0.3808787275114932
 0.357191595841345 -0.263108154496424 -0.8660771661377089
 -0.39976046496678574 -0.31026115140173693 -0.8370064172040158
 -0.18008993596409034 -0.7959893486787201 -0.22377166036298315]",1,0
