idx,cf,original_class,desired_class
3,"[-1.1421703481653553 0.07871524993525963 -1.0365982450989364
 -1.0167124536327257 -0.4146945405097191 1.0290054124392258
 1.5470362232197612 0.0979568664353938 1.4110641575012757 3.17026392923793
 -1.1601534008835848 0.03715118697965801 6.737907746058688
 -0.8767141029192128 0.6405863427355484 2.7661299233168437
 3.89269711617998 2.8217808232853763 -0.449409584898439 3.3811690972712394
 -1.2489004242215356 -0.6344425149911228 -1.054959373327448
 -1.0449980944176234 -0.8245103085342845 0.5486216978837207
 1.4060827917090788 0.29289626453506784 -0.5201465989339474
 1.8923476298369433]",0,1
3,"[-1.1421703481653553 0.07871524993525963 -1.0365982450989364
 -1.0167124536327257 -0.4146945405097191 1.0290054124392258
 1.5470362232197612 0.0979568664353938 1.4110641575012757 3.17026392923793
 -1.1601534008835848 0.03715118697965801 6.737907746058688
 -0.8767141029192128 0.6405863427355484 2.7661299233168437
 3.89269711617998 2.8217808232853763 -0.449409584898439 3.3811690972712394
 -1.2489004242215356 -0.6344425149911228 -1.054959373327448
 -1.0449980944176234 -0.8245103085342845 0.5486216978837207
 1.4060827917090788 0.29289626453506784 -0.5201465989339474
 1.8923476298369433]",0,1
3,"[-1.1421703481653553 0.07871524993525963 -1.0365982450989364
 -1.0167124536327257 -0.4146945405097191 1.0290054124392258
 1.5470362232197612 0.0979568664353938 1.4110641575012757 3.17026392923793
 -1.1601534008835848 0.03715118697965801 6.737907746058688
 -0.8767141029192128 0.6405863427355484 2.7661299233168437
 3.89269711617998 2.8217808232853763 -0.449409584898439 3.3811690972712394
 -1.2489004242215356 -0.6344425149911228 -1.054959373327448
 -1.0449980944176234 -0.8245103085342845 0.5486216978837207
 1.4060827917090788 0.29289626453506784 -0.5201465989339474
 1.8923476298369433]",0,1
2,"[-0.13471000740946515 -1.5194557693242021 -0.1692351149277935
 -0.21995214180933692 0.1744003861683323 -0.5985044061758594
 2.832173784138843 -0.2266508844735599 0.9806642606198973
 -1.1133905869558616 0.2615421003209907 -0.7564557597709102
 0.28373628704190873 0.03990556938665829 0.11115317861195155
 -0.6521863677934653 -0.3218809610590366 0.12198734929326246
 0.3253550787301422 -0.9054477373445735 -0.11180211774558191
 -1.6252568428094392 -0.12162193720575841 -0.20794396404471313
 -0.17282988105784014 -0.7234613056050655 -0.6525641315961448
 -0.26223710057213356 0.19689499585395348 -1.277007315867752]",0,1
2,"[-0.13471000740946515 -1.5194557693242021 -0.1692351149277935
 -0.21995214180933692 0.1744003861683323 -0.5985044061758594
 2.832173784138843 -0.2266508844735599 0.9806642606198973
 -1.1133905869558616 0.2615421003209907 -0.7564557597709102
 0.28373628704190873 0.03990556938665829 0.11115317861195155
 -0.6521863677934653 -0.3218809610590366 0.12198734929326246
 0.3253550787301422 -0.9054477373445735 -0.11180211774558191
 -1.6252568428094392 -0.12162193720575841 -0.20794396404471313
 -0.17282988105784014 -0.7234613056050655 -0.6525641315961448
 -0.26223710057213356 0.19689499585395348 -1.277007315867752]",0,1
2,"[-0.13471000740946515 -1.5194557693242021 -0.1692351149277935
 -0.21995214180933692 0.1744003861683323 -0.5985044061758594
 2.8748745678896404 -0.2266508844735599 0.9806642606198973
 -1.1133905869558616 0.2615421003209907 -0.7564557597709102
 0.28373628704190873 0.03990556938665829 0.11115317861195155
 -0.6521863677934653 -0.3218809610590366 0.12198734929326246
 0.3253550787301422 -0.9054477373445735 -0.11180211774558191
 -1.6252568428094392 -0.12162193720575841 -0.20794396404471313
 -0.17282988105784014 -0.7234613056050655 -0.6525641315961448
 -0.26223710057213356 0.19689499585395348 -1.277007315867752]",0,1
0,"[0.12717623501514305 -0.6197446770003571 0.2454389397023279
 -0.030297409282211637 2.6099861334422965 2.160429350513884
 1.749611510696238 1.6698056094392144 2.2109223729445455
 1.9516626777957247 0.7367104870816915 6.679880201501991
 0.4253753365297988 0.2892514789784118 1.2605112746277884
 1.0858473377429105 0.5291458516120905 1.5123892547601137 4.25101550229144
 1.9678670953582298 0.07259220222349182 -0.6612212806078341
 -1.1410558147125398 -0.11866675389943454 1.807601547896547
 1.0856424118684804 0.6566753964813248 1.4149118490374542
 0.4991318831193902 1.8442298928070138]",1,0
0,"[0.12717623501514305 -0.6197446770003571 0.2454389397023279
 -0.030297409282211637 2.6099861334422965 2.160429350513884
 1.749611510696238 1.6698056094392144 2.2109223729445455
 1.9516626777957247 0.7367104870816915 6.679880201501991
 0.4253753365297988 0.2892514789784118 1.2605112746277884
 1.0858473377429105 0.5291458516120905 1.5123892547601137 4.25101550229144
 1.9678670953582298 0.07259220222349182 -0.6612212806078341
 -1.1410558147125398 -0.11866675389943454 1.807601547896547
 1.0856424118684804 0.6566753964813248 1.4149118490374542
 0.4991318831193902 1.8442298928070138]",1,0
0,"[0.12717623501514305 -0.6197446770003571 0.2454389397023279
 -0.030297409282211637 2.6099861334422965 2.160429350513884
 1.749611510696238 1.6698056094392144 2.2109223729445455
 1.9516626777957247 0.7367104870816915 6.487391635304739
 0.4253753365297988 0.2892514789784118 1.2605112746277884
 1.0858473377429105 0.5291458516120905 1.5123892547601137
 4.573171985297505 1.9678670953582298 0.07259220222349182
 -0.6612212806078341 -1.301287992777658 -0.11866675389943454
 1.807601547896547 1.0856424118684804 0.6566753964813248
 1.4149118490374542 0.4991318831193902 1.8442298928070138]",1,0
1,"[-0.5221947538540381 -1.3679254800907128 -0.4624938476690208
 -0.5592789170659138 -0.6360471360081954 0.4596670846260163
 0.4545766371859031 -0.3777948521987305 -0.8437742403197498
 0.2578925543040419 -0.8449906953790381 -1.4610211059073064
 4.079365047893681 -0.6730853305560995 -0.48511622892582995
 1.6380580467171262 1.5592678989742057 0.2608622126216995
 -0.8684271456590432 1.5267092670774747 -0.5689463693355766
 -1.491363014725883 -0.2703390264668127 -0.5838395556815792
 -0.35479259782074324 1.9033232727547775 2.2004265454264424
 0.433882515990865 -0.45538155166278166 1.7747264948748935]",0,1
1,"[-0.5221947538540381 -1.3679254800907128 -0.4624938476690208
 -0.5592789170659138 -0.6360471360081954 0.4596670846260163
 0.4545766371859031 -0.3777948521987305 -0.8437742403197498
 0.2578925543040419 -0.8449906953790381 -1.4610211059073064
 4.079365047893681 -0.6730853305560995 -0.48511622892582995
 1.6380580467171262 1.5592678989742057 0.2608622126216995
 -0.8684271456590432 1.5267092670774747 -0.5689463693355766
 -1.491363014725883 -0.2703390264668127 -0.5838395556815792
 -0.35479259782074324 1.9033232727547775 2.2004265454264424
 0.433882515990865 -0.45538155166278166 1.7747264948748935]",0,1
1,"[-0.5221947538540381 -1.3679254800907128 -0.4624938476690208
 -0.5592789170659138 -0.5140528063156328 0.4596670846260163
 0.4545766371859031 -0.3777948521987305 -0.8437742403197498
 0.2578925543040419 -0.8449906953790381 -1.4610211059073064
 3.51568628590829 -0.6730853305560995 -0.48511622892582995
 1.6380580467171262 1.5592678989742057 0.2608622126216995
 -0.8684271456590432 1.5267092670774747 -0.5689463693355766
 -1.491363014725883 -0.2703390264668127 -0.5838395556815792
 -0.35479259782074324 1.9033232727547775 2.2004265454264424
 0.433882515990865 -0.45538155166278166 1.7747264948748935]",0,1
5,"[0.4932825126903607 0.07397992839671319 0.3967232065926432
 0.3492750997838664 -1.5292366827001282 -0.6913391908383956
 -0.7622014734838166 -0.7836758441798065 0.10843792092223704
 -1.288903413568732 -0.6898336711306461 -1.21909318253646
 -0.661157774642405 -0.5257547125341145 -1.5492393403629034
 -0.6422861757999037 -0.6258886329892104 -1.1283824023174147
 -0.03874849970855943 -0.8108283660300584 0.35110445634344656
 -0.008488868700497778 -0.7718576631387047 0.13053869600249465
 -1.3915569142605406 0.12398654055866731 -0.2570305594740634
 -0.5754909280254831 2.6872652659237573 -0.4477783143852986]",1,0
5,"[0.4932825126903607 0.07397992839671319 0.3967232065926432
 0.3492750997838664 -1.5292366827001282 -0.6913391908383956
 -0.7622014734838166 -0.7836758441798065 0.10843792092223704
 -1.288903413568732 -0.6898336711306461 -1.21909318253646
 -0.661157774642405 -0.5257547125341145 -1.5492393403629034
 -0.6422861757999037 -0.6258886329892104 -1.1283824023174147
 -0.03874849970855943 -0.8108283660300584 0.35110445634344656
 -0.008488868700497778 -0.7718576631387047 0.13053869600249465
 -1.3915569142605406 0.12398654055866731 -0.2570305594740634
 -0.5754909280254831 2.6872652659237573 -0.4477783143852986]",1,0
5,"[0.4932825126903607 0.07397992839671319 0.3967232065926432
 0.3492750997838664 -1.5292366827001282 -0.6913391908383956
 -0.7622014734838166 -0.7836758441798065 0.10843792092223704
 -1.288903413568732 -0.6898336711306461 -1.21909318253646
 -0.661157774642405 -0.5257547125341145 -1.5492393403629034
 -0.6422861757999037 -0.6258886329892104 -1.1283824023174147
 -0.03874849970855943 -0.8108283660300584 0.35110445634344656
 -0.008488868700497778 -1.0766863294947964 0.13053869600249465
 -1.3915569142605406 0.12398654055866731 -0.2570305594740634
 -0.5754909280254831 2.6872652659237573 -0.4477783143852986]",1,0
4,"[-0.629087097700817 -0.7191864293098342 -0.6859290726147179
 -0.6397703846849159 -0.8121391368999535 -1.285699394205179
 -1.1482641508132427 -1.1875432006358122 -2.2949455740525377
 -0.7923305382737816 7.2415520942621 -0.9402224674214358
 -1.0071753183577876 -0.7547868550955641 -0.7002688551973342
 -1.2719383865904237 -1.002572632040365 -1.443661407516616
 -0.7168168031616167 -0.9529570419286549 -0.7706276568017509
 -1.1549547716659476 2.4556767811321185 -0.7362209809115603
 -0.9895462609471501 -1.3489932390780375 -1.3257669522186033
 -1.4497525477300257 -1.568723554752812 -1.222473880567165]",0,1
4,"[-0.629087097700817 -0.7191864293098342 -0.6859290726147179
 -0.6397703846849159 -0.8121391368999535 -1.285699394205179
 -1.1482641508132427 -1.1875432006358122 -2.2949455740525377
 -0.7923305382737816 7.2415520942621 -0.9402224674214358
 -1.0071753183577876 -0.7547868550955641 -0.7002688551973342
 -1.2719383865904237 -1.002572632040365 -1.443661407516616
 -0.7168168031616167 -0.9529570419286549 -0.7706276568017509
 -1.1549547716659476 2.4556767811321185 -0.7362209809115603
 -0.9895462609471501 -1.3489932390780375 -1.3257669522186033
 -1.4497525477300257 -1.568723554752812 -1.222473880567165]",0,1
4,"[-0.629087097700817 -0.7191864293098342 -0.6859290726147179
 -0.6397703846849159 -0.8121391368999535 -1.285699394205179
 -1.1482641508132427 -1.1875432006358122 -2.2949455740525377
 -0.7923305382737816 7.2415520942621 -0.9402224674214358
 -1.0071753183577876 -0.7547868550955641 -0.7002688551973342
 -1.2719383865904237 -1.002572632040365 -1.443661407516616
 -0.7168168031616167 -0.9529570419286549 -0.7706276568017509
 -1.1549547716659476 2.7690099816762443 -0.7362209809115603
 -0.9895462609471501 -1.3489932390780375 -1.3257669522186033
 -1.4497525477300257 -1.568723554752812 -1.222473880567165]",0,1
7,"[-0.5088332108731911 -0.880187361620417 -0.5311536303346254
 -0.5713789416099468 0.15530607281862407 -0.37874706435751254
 -0.8047663999595286 -0.7635394889291015 -0.31434427866920517
 -0.04033655758286684 -1.0413613041934096 -0.5804565108973657
 8.942254959930814 -0.7844762069090853 -1.46663274737908
 -0.7308378930756494 -0.56424353409195 -0.7959093664204065
 -0.147382682127975 -0.7022356698378726 -0.6707474001518362
 -0.6009690579702339 -0.6919795147236162 -0.6772915993948027
 -0.7017912669965126 -0.4604183540718065 -0.5692446335633277
 -0.6267453048568095 0.5592708555854724 -0.3349689531262414]",0,1
7,"[-0.5088332108731911 -0.880187361620417 -0.5311536303346254
 -0.5713789416099468 0.15530607281862407 -0.37874706435751254
 -0.8047663999595286 -0.7635394889291015 -0.31434427866920517
 -0.04033655758286684 -1.0413613041934096 -0.5804565108973657
 8.942254959930814 -0.7844762069090853 -1.46663274737908
 -0.7308378930756494 -0.56424353409195 -0.7959093664204065
 -0.147382682127975 -0.7022356698378726 -0.6707474001518362
 -0.6009690579702339 -0.6919795147236162 -0.6772915993948027
 -0.7017912669965126 -0.4604183540718065 -0.5692446335633277
 -0.6267453048568095 0.5592708555854724 -0.3349689531262414]",0,1
7,"[-0.5088332108731911 -0.8644496766910419 -0.5311536303346254
 -0.5713789416099468 0.15530607281862407 -0.37874706435751254
 -0.8047663999595286 -0.7635394889291015 -0.31434427866920517
 -0.04033655758286684 -1.0413613041934096 -0.5804565108973657
 8.364875022833218 -0.7844762069090853 -1.46663274737908
 -0.7308378930756494 -0.56424353409195 -0.7959093664204065
 -0.147382682127975 -0.7022356698378726 -0.6707474001518362
 -0.6009690579702339 -0.6919795147236162 -0.6772915993948027
 -0.7017912669965126 -0.4604183540718065 -0.5692446335633277
 -0.6267453048568095 0.5592708555854724 -0.3349689531262414]",0,1
9,"[0.5173332900558859 -0.25749257930154534 0.482063049453847
 0.4247687311781589 -0.5617914729815495 -0.31601105753478304
 -0.18667061209975425 0.25201211443777477 0.287453807235731
 2.3454412155674564 0.5282182357479145 0.3402715294959885
 0.45769565654716954 0.465155307768297 -0.2515648614897467
 -0.07907525349950843 -0.23557782260287197 0.6477279033223451
 0.11644318946203497 -0.09499489443965592 0.5182118088154196
 -0.052004362827653215 0.43744415760894456 0.4131428144479813
 -0.71871803134655 -0.3626125453030889 -0.3314564032224787
 0.30611372560904904 -0.19169528777303763 -0.6589617157944345]",1,0
9,"[0.5173332900558859 -0.25749257930154534 0.482063049453847
 0.4247687311781589 -0.5617914729815495 -0.31601105753478304
 -0.18667061209975425 0.25201211443777477 0.287453807235731
 2.3454412155674564 0.5282182357479145 0.3402715294959885
 0.45769565654716954 0.465155307768297 -0.2515648614897467
 -0.07907525349950843 -0.23557782260287197 0.6477279033223451
 0.11644318946203497 -0.09499489443965592 0.5182118088154196
 -0.052004362827653215 0.43744415760894456 0.4131428144479813
 -0.71871803134655 -0.3626125453030889 -0.3314564032224787
 0.30611372560904904 -0.19169528777303763 -0.6589617157944345]",1,0
9,"[0.5173332900558859 -0.25749257930154534 0.482063049453847
 0.4247687311781589 -0.5617914729815495 -0.31601105753478304
 -0.18667061209975425 0.25201211443777477 0.287453807235731
 2.4190998649401627 0.5282182357479145 0.3402715294959885
 0.45769565654716954 0.465155307768297 -0.2515648614897467
 -0.07907525349950843 -0.23557782260287197 0.6477279033223451
 0.11644318946203497 -0.09499489443965592 0.5182118088154196
 -0.052004362827653215 0.43744415760894456 0.4131428144479813
 -0.71871803134655 -0.3626125453030889 -0.3314564032224787
 0.30611372560904904 -0.19169528777303763 -0.6589617157944345]",1,0
10,"[-0.9845041409913566 0.36046688147878 -1.0055655749675896
 -0.9062339686654681 0.3681723068283403 -0.8969537334308094
 -1.094219958047197 -1.0823246792836347 -0.7714061160653582
 -0.12024483636596192 -0.554071274913303 0.8839936438846564
 -0.5694251016519258 -0.6141530833473056 0.04319048165707857
 -0.9182815281537497 -0.8613729107767453 -0.9858703401875185
 0.8362938707687134 -0.667102738716871 -0.9588635251035136
 0.3864979241459936 1.6549506538663623 -0.8746327707411112
 -0.2363052473704808 -0.9767844252109985 2.8052757205369274
 -1.2262305949011472 0.06428085144156681 -0.7150990756626854]",0,1
10,"[-0.9845041409913566 0.36046688147878 -1.0055655749675896
 -0.9062339686654681 0.3681723068283403 -0.8969537334308094
 -1.094219958047197 -1.0823246792836347 -0.7714061160653582
 -0.12024483636596192 -0.554071274913303 0.8839936438846564
 -0.5694251016519258 -0.6141530833473056 0.04319048165707857
 -0.9182815281537497 -0.8613729107767453 -0.9858703401875185
 0.8362938707687134 -0.667102738716871 -0.9588635251035136
 0.3864979241459936 1.6549506538663623 -0.8746327707411112
 -0.2363052473704808 -0.9767844252109985 2.8052757205369274
 -1.2262305949011472 0.06428085144156681 -0.7150990756626854]",0,1
10,"[-0.9845041409913566 0.36046688147878 -1.0055655749675896
 -0.9062339686654681 0.3681723068283403 -0.8969537334308094
 -1.094219958047197 -1.0823246792836347 -0.7714061160653582
 -0.12024483636596192 -0.554071274913303 0.8839936438846564
 -0.5694251016519258 -0.6141530833473056 0.04319048165707857
 -0.9182815281537497 -0.8613729107767453 -0.9858703401875185
 0.8362938707687134 -0.667102738716871 -0.9588635251035136
 0.3864979241459936 1.7175009166668205 -0.8746327707411112
 -0.2363052473704808 -0.9767844252109985 2.9306871122519667
 -1.2262305949011472 0.06428085144156681 -0.7150990756626854]",0,1
11,"[-1.8902183186558885 -0.32378708084119734 0.939794933891212
 0.9211327814953377 0.1517700888649737 -0.07159447604044969
 0.4075502311645782 0.7903563590319217 1.1977686333830708
 -0.2943307294291338 0.8769752076633853 0.4994097093170622
 0.7680657884786873 0.7611559130670122 5.717609126413315
 -0.5306340105391807 -0.17717720259494094 0.3435258217457692
 0.4495084300666174 0.009605423216052681 1.0713947687226402
 0.1789624906164811 -1.7737586380892099 0.9638997043729922
 0.2545709187806068 -0.3808372301668251 0.06126864649400202
 0.5528396656566943 1.172996779726514 0.06333898117706456]",1,0
11,"[-1.8902183186558885 -0.32378708084119734 0.939794933891212
 0.9211327814953377 0.1517700888649737 -0.07159447604044969
 0.4075502311645782 0.7903563590319217 1.1977686333830708
 -0.2943307294291338 0.8769752076633853 0.4994097093170622
 0.7680657884786873 0.7611559130670122 5.717609126413315
 -0.5306340105391807 -0.17717720259494094 0.3435258217457692
 0.4495084300666174 0.009605423216052681 1.0713947687226402
 0.1789624906164811 -1.7737586380892099 0.9638997043729922
 0.2545709187806068 -0.3808372301668251 0.06126864649400202
 0.5528396656566943 1.172996779726514 0.06333898117706456]",1,0
11,"[-1.8902183186558885 -0.32378708084119734 0.939794933891212
 0.9211327814953377 0.1517700888649737 -0.07159447604044969
 0.4075502311645782 0.7903563590319217 1.1977686333830708
 -0.2943307294291338 0.8769752076633853 0.4994097093170622
 0.7680657884786873 0.7611559130670122 6.709324022282773
 -0.5306340105391807 -0.17717720259494094 0.3435258217457692
 0.4495084300666174 0.009605423216052681 1.0713947687226402
 0.1789624906164811 -1.7737586380892099 0.9638997043729922
 0.2545709187806068 -0.3808372301668251 0.06126864649400202
 0.5528396656566943 1.172996779726514 0.06333898117706456]",1,0
12,"[-1.649641750577938 -1.2874250139354213 -1.6467781215565427
 -1.3089543507723047 -0.3687267491122722 -1.2055568652582243
 -1.202199821103855 -1.3433694774734959 -0.3638593110537883
 0.7073766224589533 -0.7829971522083636 -0.8034394128609416
 8.942254959930814 -0.7844762069090853 0.8932874203633362
 -0.9972080587690882 -1.0875779789407978 -2.004120677377808
 0.8565881685833295 -0.13252325268254367 -1.5539193618370446
 -1.6018254228948168 -1.5548140344548802 1.7110351174243656
 -0.7441081778716064 -1.2211774492337009 3.8981601964036128
 -1.8586126769518376 -0.5278567236090861 -0.3274839718104752]",0,1
12,"[-1.649641750577938 -1.2874250139354213 -1.6467781215565427
 -1.3089543507723047 -0.3687267491122722 -1.2055568652582243
 -1.202199821103855 -1.3433694774734959 -0.3638593110537883
 0.7073766224589533 -0.7829971522083636 -0.8034394128609416
 8.942254959930814 -0.7844762069090853 0.8932874203633362
 -0.9972080587690882 -1.0875779789407978 -2.004120677377808
 0.8565881685833295 -0.13252325268254367 -1.5539193618370446
 -1.6018254228948168 -1.5548140344548802 1.7110351174243656
 -0.7441081778716064 -1.2211774492337009 3.8981601964036128
 -1.8586126769518376 -0.5278567236090861 -0.3274839718104752]",0,1
12,"[-1.649641750577938 -1.2874250139354213 -1.6467781215565427
 -1.3089543507723047 -0.3687267491122722 -1.2055568652582243
 -1.202199821103855 -1.3433694774734959 -0.3638593110537883
 0.7073766224589533 -0.7829971522083636 -0.8034394128609416
 8.568636436830866 -0.7844762069090853 0.8932874203633362
 -0.9972080587690882 -1.0875779789407978 -2.004120677377808
 0.8565881685833295 -0.13252325268254367 -1.5539193618370446
 -1.6018254228948168 -1.5548140344548802 1.9575556652273256
 -0.7441081778716064 -1.2211774492337009 4.294144290470869
 -1.8586126769518376 -0.5278567236090861 -0.3274839718104752]",0,1
13,"[0.6536210284605284 0.5309384568664557 0.6798963215411832
 0.5865407984516432 -0.46702710302373607 0.3273049893063848
 -0.03293043856849944 0.4778789426113442 1.1063562659038395
 -1.0905596501606913 1.344870608912443 6.959662009196358
 1.4163733841212447 0.9919738813014555 5.19627025510326 1.8520121959113196
 0.41721132993022275 1.548761242774704 0.8995643286613405
 0.8412178723643007 0.5835181304711332 0.10532088517052496
 0.6357336099570172 0.4693424970933906 -0.8625955283218688
 0.09178959729940021 -0.3408181445744806 0.38541849205293477
 0.20460512052909133 -0.5220934860204122]",1,0
13,"[0.6536210284605284 0.5309384568664557 0.6798963215411832
 0.5865407984516432 -0.46702710302373607 0.3273049893063848
 -0.03293043856849944 0.4778789426113442 1.1063562659038395
 -1.0905596501606913 1.344870608912443 6.959662009196358
 1.4163733841212447 0.9919738813014555 5.19627025510326 1.8520121959113196
 0.41721132993022275 1.548761242774704 0.8995643286613405
 0.8412178723643007 0.5835181304711332 0.10532088517052496
 0.6357336099570172 0.4693424970933906 -0.8625955283218688
 0.09178959729940021 -0.3408181445744806 0.38541849205293477
 0.20460512052909133 -0.5220934860204122]",1,0
13,"[0.6536210284605284 0.5309384568664557 0.6798963215411832
 0.5865407984516432 -0.46702710302373607 0.3273049893063848
 -0.03293043856849944 0.4778789426113442 1.1063562659038395
 -1.0905596501606913 1.344870608912443 6.718847350990111
 1.4163733841212447 0.9919738813014555 5.598929503030218
 1.8520121959113196 0.41721132993022275 1.548761242774704
 0.8995643286613405 0.8412178723643007 0.5835181304711332
 0.10532088517052496 0.6357336099570172 0.4693424970933906
 -0.8625955283218688 0.09178959729940021 -0.3408181445744806
 0.38541849205293477 0.20460512052909133 -0.5220934860204122]",1,0
14,"[-0.31642699194898904 -0.17935977391552757 -0.2875471698035536
 -0.39329814560320087 -0.4260096891613989 0.09884438642592495
 -0.03775365969889172 -0.1759460863121463 0.11605561821217315
 -0.06744829502713172 4.514446059326891 -0.5994015323046364
 -0.6473741087526439 -0.6058936396097094 -1.0562281740549015
 0.10737836237923573 0.1028213255541946 0.1021480831034857
 -0.4923857449764496 0.08985223179924903 -0.4248883068597379
 -0.18589819091120957 -0.3694837526408486 -0.47192190195629286
 -0.807583544184247 0.27403644593676196 0.29671644149685056
 0.20771707094719036 -0.2934689334848694 0.20234577704130513]",0,1
14,"[-0.31642699194898904 -0.17935977391552757 -0.2875471698035536
 -0.39329814560320087 -0.4260096891613989 0.09884438642592495
 -0.03775365969889172 -0.1759460863121463 0.11605561821217315
 -0.06744829502713172 4.514446059326891 -0.5994015323046364
 -0.6473741087526439 -0.6058936396097094 -1.0562281740549015
 0.10737836237923573 0.1028213255541946 0.1021480831034857
 -0.4923857449764496 0.08985223179924903 -0.4248883068597379
 -0.18589819091120957 -0.3694837526408486 -0.47192190195629286
 -0.807583544184247 0.27403644593676196 0.29671644149685056
 0.20771707094719036 -0.2934689334848694 0.20234577704130513]",0,1
14,"[-0.31642699194898904 -0.17935977391552757 -0.2875471698035536
 -0.39329814560320087 -0.4260096891613989 0.09884438642592495
 -0.03775365969889172 -0.1759460863121463 0.11605561821217315
 -0.06744829502713172 4.571643788558465 -0.5994015323046364
 -0.6473741087526439 -0.6058936396097094 -1.0562281740549015
 0.10737836237923573 0.1028213255541946 0.1021480831034857
 -0.4923857449764496 0.08985223179924903 -0.4248883068597379
 -0.18589819091120957 -0.3694837526408486 -0.47192190195629286
 -0.807583544184247 0.27403644593676196 0.29671644149685056
 0.20771707094719036 -0.2934689334848694 0.20234577704130513]",0,1
15,"[0.004250039591347191 -0.6978774823863748 -0.07691292128703697
 -0.1344628379656257 -0.5200668623284826 -0.6982292725125682
 -0.7987373735465384 -0.6453900310123151 -0.9313777591540124
 -0.7495225317828385 -0.4976190540372138 -1.0288851676074624
 7.118108961030648 -0.5041015762490652 -0.3893676779673071
 -0.5218338398782371 -0.6135596132097584 -0.6350459830649671
 -0.5281992117081253 -0.623985050522915 -0.20015772939742982
 -1.0160399250292582 -0.34469757109733984 -0.3616099534494466
 -0.507133476971081 -0.7082740682186187 -0.8454160034473845
 -0.6879862078329212 -0.6311723942559446 -0.8733529663388986]",0,1
15,"[0.004250039591347191 -0.6978774823863748 -0.07691292128703697
 -0.1344628379656257 -0.5200668623284826 -0.6982292725125682
 -0.7987373735465384 -0.6453900310123151 -0.9313777591540124
 -0.7495225317828385 -0.4976190540372138 -1.0288851676074624
 7.118108961030648 -0.5041015762490652 -0.3893676779673071
 -0.5218338398782371 -0.6135596132097584 -0.6350459830649671
 -0.5281992117081253 -0.623985050522915 -0.20015772939742982
 -1.0160399250292582 -0.34469757109733984 -0.3616099534494466
 -0.507133476971081 -0.7082740682186187 -0.8454160034473845
 -0.6879862078329212 -0.6311723942559446 -0.8733529663388986]",0,1
15,"[0.004250039591347191 -0.6978774823863748 -0.07691292128703697
 -0.1344628379656257 -0.5200668623284826 -0.6982292725125682
 -0.7987373735465384 -0.6453900310123151 -0.9313777591540124
 -0.7495225317828385 -0.4976190540372138 -1.0288851676074624
 7.466812434554893 -0.5041015762490652 -0.3893676779673071
 -0.5218338398782371 -0.6135596132097584 -0.6350459830649671
 -0.5281992117081253 -0.623985050522915 -0.20015772939742982
 -1.0160399250292582 -0.34469757109733984 -0.3616099534494466
 -0.507133476971081 -0.7082740682186187 -0.8454160034473845
 -0.6879862078329212 -0.6311723942559446 -0.8733529663388986]",0,1
17,"[-0.928385660471798 -0.23618363237808584 -0.9582407530172858
 -0.8649360588086599 -0.6692853851725031 -1.0728321340610047
 -0.9129271338085762 -0.8161851406086554 0.7445156446318851
 -0.38993527725890914 5.918086703850257 1.4447662775398682
 -0.576079285184914 9.483237503415523 -0.09573878836117015
 -0.6703367197816615 -0.641137683769059 -0.36341336348327424
 1.6982046367777057 -0.32056428175063045 -0.9588635251035136
 -0.07878312844436448 -0.9783976125597202 -0.872545353957139
 -0.930302585722019 -1.0601319839878187 -1.0640594727233896
 -0.9476358875973478 0.51301010753464 -0.7840678320722512]",0,1
17,"[-0.928385660471798 -0.23618363237808584 -0.9582407530172858
 -0.8649360588086599 -0.6692853851725031 -1.0728321340610047
 -0.9129271338085762 -0.8161851406086554 0.7445156446318851
 -0.38993527725890914 5.918086703850257 1.4447662775398682
 -0.576079285184914 9.483237503415523 -0.09573878836117015
 -0.6703367197816615 -0.641137683769059 -0.36341336348327424
 1.6982046367777057 -0.32056428175063045 -0.9588635251035136
 -0.07878312844436448 -0.9783976125597202 -0.872545353957139
 -0.930302585722019 -1.0601319839878187 -1.0640594727233896
 -0.9476358875973478 0.51301010753464 -0.7840678320722512]",0,1
17,"[-0.928385660471798 -0.23618363237808584 -0.9582407530172858
 -0.8649360588086599 -0.6692853851725031 -1.0728321340610047
 -0.9129271338085762 -0.8161851406086554 0.7445156446318851
 -0.38993527725890914 6.042686384039498 1.4447662775398682
 -0.576079285184914 10.203870909407252 -0.09573878836117015
 -0.6703367197816615 -0.641137683769059 -0.36341336348327424
 1.6982046367777057 -0.32056428175063045 -0.9588635251035136
 -0.07878312844436448 -0.9783976125597202 -0.872545353957139
 -0.930302585722019 -1.0601319839878187 -1.0640594727233896
 -0.9476358875973478 0.51301010753464 -0.7840678320722512]",0,1
16,"[1.5021603914036739 -0.9251729162366096 -0.2751341017510146
 -0.2988653453573781 -0.8496205668086413 -0.9120031223507127
 -0.7760682342336943 -0.6291353827978906 -0.3943301002135317
 -0.4712704895917028 6.7552510817732605 -0.31333170905484936
 -0.2481230967733563 -0.30721429580150333 0.4442079421421862
 -0.7253377864125596 -0.5658657735366147 -0.5085706611051406
 0.013777918164564657 -0.35968959140810924 -0.3250080502098231
 -0.8419779485206353 -0.3749917929838507 -0.40576684695655385
 -0.604462371983797 -0.8893059378650648 -0.8936289714101945
 -0.7640600393476119 -0.3227674072503959 -0.6557538666591056]",0,1
16,"[1.5021603914036739 -0.9251729162366096 -0.2751341017510146
 -0.2988653453573781 -0.8496205668086413 -0.9120031223507127
 -0.7760682342336943 -0.6291353827978906 -0.3943301002135317
 -0.4712704895917028 6.7552510817732605 -0.31333170905484936
 -0.2481230967733563 -0.30721429580150333 0.4442079421421862
 -0.7253377864125596 -0.5658657735366147 -0.5085706611051406
 0.013777918164564657 -0.35968959140810924 -0.3250080502098231
 -0.8419779485206353 -0.3749917929838507 -0.40576684695655385
 -0.604462371983797 -0.8893059378650648 -0.8936289714101945
 -0.7640600393476119 -0.3227674072503959 -0.6557538666591056]",0,1
16,"[1.5021603914036739 -0.9251729162366096 -0.2751341017510146
 -0.2988653453573781 -0.8496205668086413 -0.9120031223507127
 -0.7760682342336943 -0.6291353827978906 -0.3943301002135317
 -0.4712704895917028 6.931769815853598 -0.31333170905484936
 -0.2481230967733563 -0.30721429580150333 0.4442079421421862
 -0.7253377864125596 -0.5658657735366147 -0.5085706611051406
 0.013777918164564657 -0.35968959140810924 -0.3250080502098231
 -0.8419779485206353 -0.3749917929838507 -0.40576684695655385
 -0.604462371983797 -0.8893059378650648 -0.8936289714101945
 -0.7640600393476119 -0.3227674072503959 -0.6557538666591056]",0,1
18,"[-0.703911738393562 -0.4421701193048612 -0.7200650097591992
 -0.7007965954287344 -0.3029574475743864 -0.6799161606943727
 -0.6726101409867794 -0.8516057173147148 -0.46669822446792214
 -0.4455856856971365 4.008595801513835 -0.8199215814852671
 -0.6141031910877032 -0.6235286681305228 -0.36045537042296893
 -0.6741867944458245 -0.4386822010748984 -0.8324466816532453
 -0.0662054908695104 -0.7070265240816453 -0.588154110999022
 2.0990667465350357 -0.5774122755891746 -0.6071222813489631
 0.12762018615532536 -0.3316305810347374 -0.2869881318004696
 -0.5619797455943026 0.4374508857182805 -0.5295784673361791]",0,1
18,"[-0.703911738393562 -0.4421701193048612 -0.7200650097591992
 -0.7007965954287344 -0.3029574475743864 -0.6799161606943727
 -0.6726101409867794 -0.8516057173147148 -0.46669822446792214
 -0.4455856856971365 4.008595801513835 -0.8199215814852671
 -0.6141031910877032 -0.6235286681305228 -0.36045537042296893
 -0.6741867944458245 -0.4386822010748984 -0.8324466816532453
 -0.0662054908695104 -0.7070265240816453 -0.588154110999022
 2.0990667465350357 -0.5774122755891746 -0.6071222813489631
 0.12762018615532536 -0.3316305810347374 -0.2869881318004696
 -0.5619797455943026 0.4374508857182805 -0.5295784673361791]",0,1
18,"[-0.703911738393562 -0.4421701193048612 -0.7200650097591992
 -0.7007965954287344 -0.3029574475743864 -0.6799161606943727
 -0.6726101409867794 -0.8516057173147148 -0.46669822446792214
 -0.4455856856971365 4.18566770541811 -0.8199215814852671
 -0.6141031910877032 -0.6235286681305228 -0.36045537042296893
 -0.6741867944458245 -0.4386822010748984 -0.8324466816532453
 -0.0662054908695104 -0.7070265240816453 -0.588154110999022
 2.4158824741476255 -0.5774122755891746 -0.6071222813489631
 0.12762018615532536 -0.3316305810347374 -0.2869881318004696
 -0.5619797455943026 0.4374508857182805 -0.5295784673361791]",0,1
19,"[-0.29237621458346386 0.9192348230272733 -0.32323474045460193
 -0.35463067586466057 -1.1431072349615725 -0.7466411621705703
 -0.6358330798675381 -0.7746993966584079 -0.16960803016042214
 -1.1405023244001264 -0.04080629737732722 -0.29249218550685185
 -0.16019281437315608 -0.1467132134411894 -0.9169234195230899
 0.029276847763360554 0.006135854652175482 -0.33927558961904586
 0.7216907772273518 -0.25708546302063945 -0.4498583710222167
 -0.04530967142347555 2.244194658286964 -0.4764178765679255
 -1.6970850107787179 -0.773882933728069 -0.7803519010509712
 -0.9618813734215274 -0.4183729532221165 -1.1438815767516135]",0,1
19,"[-0.29237621458346386 0.9192348230272733 -0.32323474045460193
 -0.35463067586466057 -1.1431072349615725 -0.7466411621705703
 -0.6358330798675381 -0.7746993966584079 -0.16960803016042214
 -1.1405023244001264 -0.04080629737732722 -0.29249218550685185
 -0.16019281437315608 -0.1467132134411894 -0.9169234195230899
 0.029276847763360554 0.006135854652175482 -0.33927558961904586
 0.7216907772273518 -0.25708546302063945 -0.4498583710222167
 -0.04530967142347555 2.244194658286964 -0.4764178765679255
 -1.6970850107787179 -0.773882933728069 -0.7803519010509712
 -0.9618813734215274 -0.4183729532221165 -1.1438815767516135]",0,1
19,"[-0.29237621458346386 0.9192348230272733 -0.32323474045460193
 -0.35463067586466057 -1.1431072349615725 -0.7466411621705703
 -0.6358330798675381 -0.7746993966584079 -0.16960803016042214
 -1.1405023244001264 -0.04080629737732722 -0.29249218550685185
 -0.16019281437315608 -0.1467132134411894 -0.9169234195230899
 0.029276847763360554 0.029976725455758205 -0.33927558961904586
 0.7216907772273518 -0.25708546302063945 -0.4498583710222167
 -0.04530967142347555 2.13942516026773 -0.4764178765679255
 -1.6970850107787179 -0.773882933728069 -0.7803519010509712
 -0.9618813734215274 -0.4183729532221165 -1.1438815767516135]",0,1
21,"[-0.5061609022770217 -0.9157022731595167 -0.532705263841193
 -0.5553332568885118 0.2762367240334465 -0.5406639837005685
 -0.4600266696647384 -0.5257849329569232 -0.33338852189404494
 0.3449355008356278 -0.8210937429836386 -0.8483391135961731
 6.083048453361445 -0.6436192069517025 0.7254458428007492
 -0.335930234665802 -0.3299921582823603 -0.1326165668088719
 0.7539228972858597 0.3972653791080108 -0.6937966901479702
 -1.11813396894297 1.239676240463842 -0.6700659259118215
 0.6142646612189029 -0.3935945095714404 -0.36749910742768616
 -0.30776391093806815 0.6872589251927755 0.6006537113446111]",0,1
21,"[-0.5061609022770217 -0.9157022731595167 -0.532705263841193
 -0.5553332568885118 0.2762367240334465 -0.5406639837005685
 -0.4600266696647384 -0.5257849329569232 -0.33338852189404494
 0.3449355008356278 -0.8210937429836386 -0.8483391135961731
 6.083048453361445 -0.6436192069517025 0.7254458428007492
 -0.335930234665802 -0.3299921582823603 -0.1326165668088719
 0.7539228972858597 0.3972653791080108 -0.6937966901479702
 -1.11813396894297 1.239676240463842 -0.6700659259118215
 0.6142646612189029 -0.3935945095714404 -0.36749910742768616
 -0.30776391093806815 0.6872589251927755 0.6006537113446111]",0,1
21,"[-0.5061609022770217 -0.9157022731595167 -0.532705263841193
 -0.5553332568885118 0.2762367240334465 -0.5406639837005685
 -0.4600266696647384 -0.5257849329569232 -0.33338852189404494
 0.3449355008356278 -0.8210937429836386 -0.8483391135961731
 6.9620896793397655 -0.6436192069517025 0.7254458428007492
 -0.335930234665802 -0.3299921582823603 -0.1326165668088719
 0.7539228972858597 0.3972653791080108 -0.6937966901479702
 -1.11813396894297 1.239676240463842 -0.6700659259118215
 0.6142646612189029 -0.3935945095714404 -0.36749910742768616
 -0.30776391093806815 0.6872589251927755 0.6006537113446111]",0,1
20,"[0.22872396166958267 0.1000241968587191 0.16785726437396095
 0.10990504902147497 -0.04412342216722332 -0.38545582809289103
 -0.40721239828694256 -0.08448336426978799 -0.7599795701304547
 -0.9692702984363507 -0.2652298503080372 -0.11630348641923471
 -0.3612442168341544 -0.1232742514831464 -0.8136651782933103
 -0.19292746142546718 -0.45360680396581415 -0.3893697367482323
 1.1170591800112726 -0.5193847328672063 0.5297364538134864
 1.03923033605333 -1.7737586380892099 0.4275941614139437
 0.3222779761807564 0.504882454210754 -0.05809355574402239
 0.40451038027090724 0.7751543464893565 0.09114034034991238]",1,0
20,"[0.22872396166958267 0.1000241968587191 0.16785726437396095
 0.10990504902147497 -0.04412342216722332 -0.38545582809289103
 -0.40721239828694256 -0.08448336426978799 -0.7599795701304547
 -0.9692702984363507 -0.2652298503080372 -0.11630348641923471
 -0.3612442168341544 -0.1232742514831464 -0.8136651782933103
 -0.19292746142546718 -0.45360680396581415 -0.3893697367482323
 1.1170591800112726 -0.5193847328672063 0.5297364538134864
 1.03923033605333 -1.7737586380892099 0.4275941614139437
 0.3222779761807564 0.504882454210754 -0.05809355574402239
 0.40451038027090724 0.7751543464893565 0.09114034034991238]",1,0
20,"[0.22872396166958267 0.1000241968587191 0.16785726437396095
 0.10990504902147497 -0.04412342216722332 -0.38545582809289103
 -0.40721239828694256 -0.08448336426978799 -0.7599795701304547
 -0.9692702984363507 -0.2652298503080372 -0.11630348641923471
 -0.3612442168341544 -0.1232742514831464 -0.8136651782933103
 -0.19292746142546718 -0.45360680396581415 -0.3893697367482323
 1.6764885045569242 -0.5193847328672063 0.5297364538134864
 1.03923033605333 -1.7737586380892099 0.4275941614139437
 0.3222779761807564 0.504882454210754 -0.05809355574402239
 0.40451038027090724 0.7751543464893565 0.09114034034991238]",1,0
22,"[1.495398236253912 0.44807032994189144 1.432438572226343 1.49456872727777
 -0.3602403876235131 0.0698335162188826 -0.020631224685999136
 0.5453236023667174 -0.7599795701304547 -0.9578548300387651
 0.45583471327489217 -0.5581013856367866 0.49999725186402283
 0.579001694421649 7.734208381605564 -0.38928126929777296
 -0.3170142427250423 0.4113099812275061 -0.6547401274933791
 7.107443159734537 1.3364616036781831 -0.040288652870342
 -1.7737586380892099 1.248109528036919 -0.04587914843255873
 -0.2064877449704155 -0.15171096926404173 0.7334783003344342
 -0.501642299713614 -0.9225399864139379]",1,0
22,"[1.495398236253912 0.44807032994189144 1.432438572226343 1.49456872727777
 -0.3602403876235131 0.0698335162188826 -0.020631224685999136
 0.5453236023667174 -0.7599795701304547 -0.9578548300387651
 0.45583471327489217 -0.5581013856367866 0.49999725186402283
 0.579001694421649 7.734208381605564 -0.38928126929777296
 -0.3170142427250423 0.4113099812275061 -0.6547401274933791
 7.107443159734537 1.3364616036781831 -0.040288652870342
 -1.7737586380892099 1.248109528036919 -0.04587914843255873
 -0.2064877449704155 -0.15171096926404173 0.7334783003344342
 -0.501642299713614 -0.9225399864139379]",1,0
22,"[1.495398236253912 0.44807032994189144 1.432438572226343 1.49456872727777
 -0.3602403876235131 0.0698335162188826 -0.020631224685999136
 0.5453236023667174 -0.7599795701304547 -0.9578548300387651
 0.45583471327489217 -0.5581013856367866 0.49999725186402283
 0.579001694421649 7.577556826291823 -0.38928126929777296
 -0.3170142427250423 0.4113099812275061 -0.6547401274933791
 7.906521943703953 1.3364616036781831 -0.040288652870342
 -1.7737586380892099 1.248109528036919 -0.04587914843255873
 -0.2064877449704155 -0.15171096926404173 0.7334783003344342
 -0.501642299713614 -0.9225399864139379]",1,0
23,"[0.006922348187516605 -0.7618043231567532 0.06855271995365111
 -0.11131496492486707 1.3865356854794746 1.0090604391718838
 0.8356111064868956 0.8214100153221654 1.2929898495072696
 0.7701616986456725 -0.06885924149366597 -0.49728786691944765
 -0.08414500256757765 -0.11880968730066194 0.07210278920141677
 -0.0279242615327733 -0.11066538536368625 0.09718826655604172
 2.611273882696595 0.061107106336611386 0.2800358121886992
 0.1270786322341033 -1.588303295991259 0.14820145340533758
 -0.8162308198251569 1.0716701534729496 0.785399340071351
 1.1182532782658807 1.003374036873462 1.1705815743879995]",1,0
23,"[0.006922348187516605 -0.7618043231567532 0.06855271995365111
 -0.11131496492486707 1.3865356854794746 1.0090604391718838
 0.8356111064868956 0.8214100153221654 1.2929898495072696
 0.7701616986456725 -0.06885924149366597 -0.49728786691944765
 -0.08414500256757765 -0.11880968730066194 0.07210278920141677
 -0.0279242615327733 -0.11066538536368625 0.09718826655604172
 2.611273882696595 0.061107106336611386 0.2800358121886992
 0.1270786322341033 -1.588303295991259 0.14820145340533758
 -0.8162308198251569 1.0716701534729496 0.785399340071351
 1.1182532782658807 1.003374036873462 1.1705815743879995]",1,0
23,"[0.006922348187516605 -0.7618043231567532 0.06855271995365111
 -0.11131496492486707 1.3865356854794746 1.0090604391718838
 0.8356111064868956 0.8214100153221654 1.2929898495072696
 0.7701616986456725 -0.06885924149366597 -0.49728786691944765
 -0.08414500256757765 -0.11880968730066194 0.07210278920141677
 -0.0279242615327733 -0.11066538536368625 0.09718826655604172
 3.6911270803112055 0.061107106336611386 0.2800358121886992
 0.1270786322341033 -1.6910104319614352 0.14820145340533758
 -0.8162308198251569 1.0716701534729496 0.785399340071351
 1.1182532782658807 1.003374036873462 1.1705815743879995]",1,0
24,"[1.0197273061357461 -0.6552595885394559 0.9514321851904676
 0.9263936617318739 0.6227631514911234 0.013624955192737627
 0.5546584756415435 0.758817489362143 0.5654997583183913
 -0.021786421436791395 0.9223447839503035 4.844213121474062
 0.8217745555663769 0.9814821554726172 0.4915189908511031
 -0.28202918936752186 -0.0032731341268800135 0.642768086774901
 0.06152920714013219 4.6542865523064245 0.9407821254112131
 -0.28631856197387695 -1.7737586380892099 0.8771916225772178
 0.6988984829690904 -0.25812435208433476 0.11509865926801315
 0.5998350828086264 -0.062165193230707835 -0.0024219260971730223]",1,0
24,"[1.0197273061357461 -0.6552595885394559 0.9514321851904676
 0.9263936617318739 0.6227631514911234 0.013624955192737627
 0.5546584756415435 0.758817489362143 0.5654997583183913
 -0.021786421436791395 0.9223447839503035 4.844213121474062
 0.8217745555663769 0.9814821554726172 0.4915189908511031
 -0.28202918936752186 -0.0032731341268800135 0.642768086774901
 0.06152920714013219 4.6542865523064245 0.9407821254112131
 -0.28631856197387695 -1.7737586380892099 0.8771916225772178
 0.6988984829690904 -0.25812435208433476 0.11509865926801315
 0.5998350828086264 -0.062165193230707835 -0.0024219260971730223]",1,0
24,"[1.0197273061357461 -0.6552595885394559 0.9514321851904676
 0.9263936617318739 0.6227631514911234 0.013624955192737627
 0.5546584756415435 0.758817489362143 0.5654997583183913
 -0.021786421436791395 0.9223447839503035 5.105234394673504
 0.8217745555663769 0.9814821554726172 0.4915189908511031
 -0.28202918936752186 -0.0032731341268800135 0.642768086774901
 0.06152920714013219 4.772556043722931 0.9407821254112131
 -0.28631856197387695 -1.751745833982773 0.8771916225772178
 0.6988984829690904 -0.25812435208433476 0.11509865926801315
 0.5998350828086264 -0.062165193230707835 -0.0024219260971730223]",1,0
26,"[-0.6691717266433592 0.5522474037899151 -0.6603271197563569
 -0.6847509107072993 0.3257404993845428 -0.14049529278217562
 -0.5546823843486874 -0.6587333989495292 -1.0151724293433075
 0.7601731637977854 -0.5249793328667295 0.8423145967886609
 7.70451622603814 -0.5570066618115053 1.7073378457675616
 0.30868226624832235 -0.07367832602533003 -0.12765675026142764
 -0.13663864210847237 0.6455913240769068 -0.7245290768094825
 0.3463297757209264 -0.7561481847195894 -0.7220907749892861
 0.48308223750611257 -0.22957234579781466 -0.6263512558105394
 -0.6552362765051684 -1.0274728025580744 0.3322636670221151]",0,1
26,"[-0.6691717266433592 0.5522474037899151 -0.6603271197563569
 -0.6847509107072993 0.3257404993845428 -0.14049529278217562
 -0.5546823843486874 -0.6587333989495292 -1.0151724293433075
 0.7601731637977854 -0.5249793328667295 0.8423145967886609
 7.70451622603814 -0.5570066618115053 1.7073378457675616
 0.30868226624832235 -0.07367832602533003 -0.12765675026142764
 -0.13663864210847237 0.6455913240769068 -0.7245290768094825
 0.3463297757209264 -0.7561481847195894 -0.7220907749892861
 0.48308223750611257 -0.22957234579781466 -0.6263512558105394
 -0.6552362765051684 -1.0274728025580744 0.3322636670221151]",0,1
26,"[-0.6691717266433592 0.5522474037899151 -0.6603271197563569
 -0.6847509107072993 0.3257404993845428 -0.14049529278217562
 -0.5546823843486874 -0.6587333989495292 -1.0151724293433075
 0.7601731637977854 -0.5249793328667295 0.8423145967886609
 7.968469923444758 -0.5570066618115053 1.7073378457675616
 0.30868226624832235 -0.07367832602533003 -0.12765675026142764
 -0.13663864210847237 0.6455913240769068 -0.7245290768094825
 0.3463297757209264 -0.7561481847195894 -0.7220907749892861
 0.48308223750611257 -0.22957234579781466 -0.6263512558105394
 -0.6552362765051684 -1.0274728025580744 0.3322636670221151]",0,1
27,"[-0.01712842917800859 0.9594850561049194 0.02045208125006379
 -0.14866721460427335 1.45725536455247 0.7008199432220573
 0.32555547194790896 0.8471263244375233 0.5159847259338081
 0.6074912739800852 -0.3074824328042511 0.131876294016011
 -0.3403310685876203 -0.2514072435204484 -0.03378384362330267
 -0.16707696010894524 -0.33648111606101927 -0.046646413319839576
 -0.11156921539629967 -0.20238987707089873 -0.008080312762978195
 -1.885332967529973 -1.1644791819104023 -0.12460786320766341
 1.3124936906579505 0.42530133030577255 -0.0009869334968106902
 0.5117186756487531 0.5962794540261385 0.2408399666652487]",1,0
27,"[-0.01712842917800859 0.9594850561049194 0.02045208125006379
 -0.14866721460427335 1.45725536455247 0.7008199432220573
 0.32555547194790896 0.8471263244375233 0.5159847259338081
 0.6074912739800852 -0.3074824328042511 0.131876294016011
 -0.3403310685876203 -0.2514072435204484 -0.03378384362330267
 -0.16707696010894524 -0.33648111606101927 -0.046646413319839576
 -0.11156921539629967 -0.20238987707089873 -0.008080312762978195
 -1.885332967529973 -1.1644791819104023 -0.12460786320766341
 1.3124936906579505 0.42530133030577255 -0.0009869334968106902
 0.5117186756487531 0.5962794540261385 0.2408399666652487]",1,0
27,"[-0.01712842917800859 0.9594850561049194 0.02045208125006379
 -0.14866721460427335 1.45725536455247 0.7008199432220573
 0.32555547194790896 0.8471263244375233 0.5159847259338081
 0.6074912739800852 -0.3074824328042511 0.131876294016011
 -0.3403310685876203 -0.2514072435204484 -0.03378384362330267
 -0.16707696010894524 -0.33648111606101927 -0.046646413319839576
 -0.11156921539629967 -0.20238987707089873 -0.008080312762978195
 -1.885332967529973 -1.1644791819104023 -0.12460786320766341
 1.3124936906579505 0.42530133030577255 -0.0009869334968106902
 0.5117186756487531 0.5962794540261385 0.2408399666652487]",1,0
28,"[-1.0593287816841017 -1.010408703930448 -1.026512627306249
 -0.9625253871964041 0.290380659848045 -0.042583605833407354
 -0.5854304190549384 -0.9622343678487079 0.16557065059675632
 0.868620113574843 -1.0330493207515314 -1.275738796544199
 7.762630819637682 -0.8238313401776851 -0.8707388243548613
 0.2635813916109859 -0.1930751491526555 -0.8979162600795085
 -0.9328913857760591 0.37570653501103257 -1.0395360400899833
 -1.2152069943035477 -0.9373627120043554 -0.9146148306802738
 -0.024720692995011836 0.7181112671164672 0.15863075655482226
 -0.6887205112259203 -0.5448189978943911 1.2507778027712155]",0,1
28,"[-1.0593287816841017 -1.010408703930448 -1.026512627306249
 -0.9625253871964041 0.290380659848045 -0.042583605833407354
 -0.5854304190549384 -0.9622343678487079 0.16557065059675632
 0.868620113574843 -1.0330493207515314 -1.275738796544199
 7.762630819637682 -0.8238313401776851 -0.8707388243548613
 0.2635813916109859 -0.1930751491526555 -0.8979162600795085
 -0.9328913857760591 0.37570653501103257 -1.0395360400899833
 -1.2152069943035477 -0.9373627120043554 -0.9146148306802738
 -0.024720692995011836 0.7181112671164672 0.15863075655482226
 -0.6887205112259203 -0.5448189978943911 1.2507778027712155]",0,1
28,"[-1.0593287816841017 -1.010408703930448 -1.026512627306249
 -0.9625253871964041 0.290380659848045 -0.042583605833407354
 -0.5854304190549384 -0.9622343678487079 0.16557065059675632
 0.868620113574843 -1.0330493207515314 -1.275738796544199 7.94347208335942
 -0.8238313401776851 -0.8707388243548613 0.2635813916109859
 -0.1930751491526555 -0.8979162600795085 -0.9328913857760591
 0.37570653501103257 -1.0395360400899833 -1.2152069943035477
 -0.9373627120043554 -0.9146148306802738 -0.024720692995011836
 0.7181112671164672 0.15863075655482226 -0.6887205112259203
 -0.5448189978943911 1.2507778027712155]",0,1
29,"[-0.6397763320854952 -0.8233635031578588 -0.5439546067638065
 -0.6526595412644293 -0.10282075579780936 0.7588416836361426
 0.6595635352275764 -0.16769745886005033 1.0073262011346733
 1.5649636858275304 -0.1883440034706643 -0.008316864397791621
 5.601679187206765 -0.3641374891281794 0.16559843307856265
 2.6715280887116992 2.526771503772262 2.4944329311540607
 1.4785487074900954 2.353930099835597 -0.6861135934825923
 -0.9340299553280798 -0.4680776747805848 -0.6777733109603347
 -0.6890961937339847 0.8171320548761007 0.8752720570505695
 0.11225762985732798 0.4574972098736415 1.0048427023960202]",0,1
29,"[-0.6397763320854952 -0.8233635031578588 -0.5439546067638065
 -0.6526595412644293 -0.10282075579780936 0.7588416836361426
 0.6595635352275764 -0.16769745886005033 1.0073262011346733
 1.5649636858275304 -0.1883440034706643 -0.008316864397791621
 5.601679187206765 -0.3641374891281794 0.16559843307856265
 2.6715280887116992 2.526771503772262 2.4944329311540607
 1.4785487074900954 2.353930099835597 -0.6861135934825923
 -0.9340299553280798 -0.4680776747805848 -0.6777733109603347
 -0.6890961937339847 0.8171320548761007 0.8752720570505695
 0.11225762985732798 0.4574972098736415 1.0048427023960202]",0,1
29,"[-0.6397763320854952 -0.8233635031578588 -0.5439546067638065
 -0.6526595412644293 -0.10282075579780936 0.7588416836361426
 0.6595635352275764 -0.16769745886005033 1.0073262011346733
 1.5649636858275304 -0.1883440034706643 -0.008316864397791621
 6.04421396662268 -0.3641374891281794 0.16559843307856265
 2.6715280887116992 2.526771503772262 2.4944329311540607
 1.4785487074900954 2.353930099835597 -0.6861135934825923
 -0.9340299553280798 -0.4680776747805848 -0.6777733109603347
 -0.6890961937339847 0.8171320548761007 0.8752720570505695
 0.11225762985732798 0.4574972098736415 1.0048427023960202]",0,1
30,"[-0.9684702894143397 -0.006520537758578214 -0.9671626456800482
 -0.8878208878375918 0.6227631514911234 -0.7517180644568028
 -1.1418372086569952 -1.1594008246227787 0.4664696935492249
 -0.28576912813094535 -0.5156283514946166 1.4296102604140515
 8.767220981989043 6.272591480195418 2.289338841789956 -0.8303898236775747
 -0.9806075099596042 -1.1829403843393005 2.685462536347562
 -0.7058288105207021 -1.031852943424605 -0.1390353510819647
 -1.0439432926414443 -0.909797715024953 0.36459488705585014
 -1.0625011930201045 -1.353992602394889 -1.5616603848230648
 0.5515607309103338 -1.0364186307181043]",0,1
30,"[-0.9684702894143397 -0.006520537758578214 -0.9671626456800482
 -0.8878208878375918 0.6227631514911234 -0.7517180644568028
 -1.1418372086569952 -1.1594008246227787 0.4664696935492249
 -0.28576912813094535 -0.5156283514946166 1.4296102604140515
 8.767220981989043 6.272591480195418 2.289338841789956 -0.8303898236775747
 -0.9806075099596042 -1.1829403843393005 2.685462536347562
 -0.7058288105207021 -1.031852943424605 -0.1390353510819647
 -1.0439432926414443 -0.909797715024953 0.36459488705585014
 -1.0625011930201045 -1.353992602394889 -1.5616603848230648
 0.5515607309103338 -1.0364186307181043]",0,1
30,"[-0.9684702894143397 -0.006520537758578214 -0.9671626456800482
 -0.8878208878375918 0.6227631514911234 -0.7517180644568028
 -1.1418372086569952 -1.1594008246227787 0.4664696935492249
 -0.28576912813094535 -0.5156283514946166 1.4296102604140515
 8.942254959930814 6.560907649286819 2.289338841789956 -0.8303898236775747
 -0.9806075099596042 -1.1829403843393005 2.685462536347562
 -0.7058288105207021 -1.031852943424605 -0.1390353510819647
 -1.0439432926414443 -0.909797715024953 0.36459488705585014
 -1.0625011930201045 -1.353992602394889 -1.5616603848230648
 0.5515607309103338 -1.0364186307181043]",0,1
31,"[-0.7600302189131212 1.9752115261231553 -0.779802899762042
 -0.7426205933091962 -0.8644716994139705 -0.811371666320034
 -0.7132457790103346 -0.8714994658756522 -0.7714061160653582
 -0.17732217835388783 -0.8841262840845479 0.9351452016842874
 -0.7842601700026853 5.758221250352047 0.20314688443484621
 -0.013623984208739837 -0.13337673758899282 -0.48873139491536377
 -0.2966054601766233 0.22798852916136797 -0.8186470109603639
 1.8861087986818235 -0.8192152466469627 -0.7691379378895857
 -0.5494503878461748 -0.5223822826085096 -0.5687765464957275
 -0.8135520880357406 -0.7514503391881086 -0.14249800500652346]",0,1
31,"[-0.7600302189131212 1.9752115261231553 -0.779802899762042
 -0.7426205933091962 -0.8644716994139705 -0.811371666320034
 -0.7132457790103346 -0.8714994658756522 -0.7714061160653582
 -0.17732217835388783 -0.8841262840845479 0.9351452016842874
 -0.7842601700026853 5.758221250352047 0.20314688443484621
 -0.013623984208739837 -0.13337673758899282 -0.48873139491536377
 -0.2966054601766233 0.22798852916136797 -0.8186470109603639
 1.8861087986818235 -0.8192152466469627 -0.7691379378895857
 -0.5494503878461748 -0.5223822826085096 -0.5687765464957275
 -0.8135520880357406 -0.7514503391881086 -0.14249800500652346]",0,1
31,"[-0.7600302189131212 1.9752115261231553 -0.779802899762042
 -0.7426205933091962 -0.8644716994139705 -0.811371666320034
 -0.7132457790103346 -0.8714994658756522 -0.7714061160653582
 -0.17732217835388783 -0.8841262840845479 0.9351452016842874
 -0.7842601700026853 6.129229346730217 0.20314688443484621
 -0.013623984208739837 -0.13337673758899282 -0.48873139491536377
 -0.2966054601766233 0.22798852916136797 -0.8186470109603639
 1.8861087986818235 -0.8192152466469627 -0.7691379378895857
 -0.5494503878461748 -0.5223822826085096 -0.5687765464957275
 -0.8135520880357406 -0.7514503391881086 -0.14249800500652346]",0,1
32,"[-0.10531461285160112 0.07871524993525963 -0.09242925635271058
 -0.21600648163193487 0.15035569528351433 0.20582197031439428
 0.2206504123618761 0.10741852733632747 0.5045581799989044
 0.3392277666368355 -0.8217864082704617 -1.0618495048561134
 -0.8175310876676259 -0.6045542703549641 -1.0321971651868802
 -0.5592345651872477 -0.4386822010748984 -0.7967360025116473
 -0.5628188962154118 3.713269684165022 -0.8888664360034075
 0.5873386662713278 -1.3037366412526428 0.06631048726488406
 0.9062513462570505 0.8140946073988113 0.9085062388501763 0.84068659571228
 2.8044591609858656 0.8925679826595176]",1,0
32,"[-0.10531461285160112 0.07871524993525963 -0.09242925635271058
 -0.21600648163193487 0.15035569528351433 0.20582197031439428
 0.2206504123618761 0.10741852733632747 0.5045581799989044
 0.3392277666368355 -0.8217864082704617 -1.0618495048561134
 -0.8175310876676259 -0.6045542703549641 -1.0321971651868802
 -0.5592345651872477 -0.4386822010748984 -0.7967360025116473
 -0.5628188962154118 3.713269684165022 -0.8888664360034075
 0.5873386662713278 -1.3037366412526428 0.06631048726488406
 0.9062513462570505 0.8140946073988113 0.9085062388501763 0.84068659571228
 2.8044591609858656 0.8925679826595176]",1,0
32,"[-0.10531461285160112 0.07871524993525963 -0.09242925635271058
 -0.21600648163193487 0.15035569528351433 0.20582197031439428
 0.2206504123618761 0.10741852733632747 0.5045581799989044
 0.3392277666368355 -0.8217864082704617 -1.0618495048561134
 -0.8175310876676259 -0.6045542703549641 -1.0321971651868802
 -0.5592345651872477 -0.4386822010748984 -0.7967360025116473
 -0.5628188962154118 4.583040035514904 -0.9398288250229723
 0.5873386662713278 -1.0827122694420641 0.06631048726488406
 0.9062513462570505 0.8140946073988113 0.9085062388501763 0.84068659571228
 2.8044591609858656 0.8925679826595176]",1,0
33,"[2.7695813050319256 -1.7633248285593501 -1.4171363625845765
 -1.1861127972491874 0.4106041142721378 -0.8037563128906853
 -0.8457637795678632 -0.8397179895161058 -0.009636387071769031
 0.965651594954316 -0.5859338781071692 -0.44443125719316245
 8.875516563774244 -0.6875951641491739 1.0562476992496066
 -0.6499863251282294 -0.4435489194088927 0.3451790939282505
 0.04004112710112691 -0.3045947676047207 -1.3679884225348953
 -1.832792276338951 -1.3683668688442625 -1.1044091874999131
 -0.058574221695087816 -0.9524848453926836 -1.0014294230784966
 -0.9441112313109531 -0.7468242643830254 -0.36758208600208325]",0,1
33,"[2.7695813050319256 -1.7633248285593501 -1.4171363625845765
 -1.1861127972491874 0.4106041142721378 -0.8037563128906853
 -0.8457637795678632 -0.8397179895161058 -0.009636387071769031
 0.965651594954316 -0.5859338781071692 -0.44443125719316245
 8.875516563774244 -0.6875951641491739 1.0562476992496066
 -0.6499863251282294 -0.4435489194088927 0.3451790939282505
 0.04004112710112691 -0.3045947676047207 -1.3679884225348953
 -1.832792276338951 -1.3683668688442625 -1.1044091874999131
 -0.058574221695087816 -0.9524848453926836 -1.0014294230784966
 -0.9441112313109531 -0.7468242643830254 -0.36758208600208325]",0,1
33,"[2.889858596462645 -1.7633248285593501 -1.4171363625845765
 -1.1861127972491874 0.4106041142721378 -0.8037563128906853
 -0.8457637795678632 -0.8397179895161058 -0.009636387071769031
 0.965651594954316 -0.5859338781071692 -0.44443125719316245
 8.942254959930814 -0.6875951641491739 1.0562476992496066
 -0.6499863251282294 -0.4435489194088927 0.3451790939282505
 0.04004112710112691 -0.3045947676047207 -1.3679884225348953
 -1.832792276338951 -1.3683668688442625 -1.1044091874999131
 -0.058574221695087816 -0.9524848453926836 -1.0014294230784966
 -0.9441112313109531 -0.7468242643830254 -0.36758208600208325]",0,1
34,"[-0.32711622633366716 0.7913811414865165 -0.37560237130124996
 -0.3988220698515635 -0.2923494957134373 -0.7575202384982113
 -0.8435933300591867 -0.7506813343714226 -0.5847725324619293
 -0.6096830439124213 -0.3480033520834072 0.23607391175599995
 -0.5228458169210091 6.527568179907101 -0.3473134124482696
 -0.2831292107001398 -0.4318687954073065 -0.5055947711766742
 0.111668060564478 -0.45830134125910177 -0.3845520493665032
 0.41495036261374896 -0.4746873231921871 -0.4382020923690473
 -0.5155968591461 -0.7283212215687285 -0.925458892007001
 -0.805034168676953 -0.45075547685769896 -0.8059881344969972]",0,1
34,"[-0.32711622633366716 0.7913811414865165 -0.37560237130124996
 -0.3988220698515635 -0.2923494957134373 -0.7575202384982113
 -0.8435933300591867 -0.7506813343714226 -0.5847725324619293
 -0.6096830439124213 -0.3480033520834072 0.23607391175599995
 -0.5228458169210091 6.527568179907101 -0.3473134124482696
 -0.2831292107001398 -0.4318687954073065 -0.5055947711766742
 0.111668060564478 -0.45830134125910177 -0.3845520493665032
 0.41495036261374896 -0.4746873231921871 -0.4382020923690473
 -0.5155968591461 -0.7283212215687285 -0.925458892007001
 -0.805034168676953 -0.45075547685769896 -0.8059881344969972]",0,1
34,"[-0.32711622633366716 0.7913811414865165 -0.37560237130124996
 -0.3988220698515635 -0.2923494957134373 -0.7575202384982113
 -0.8435933300591867 -0.7506813343714226 -0.5847725324619293
 -0.6096830439124213 -0.3480033520834072 0.23607391175599995
 -0.5228458169210091 6.527568179907101 -0.3473134124482696
 -0.2831292107001398 -0.4318687954073065 -0.5055947711766742
 0.111668060564478 -0.45830134125910177 -0.3845520493665032
 0.41495036261374896 -0.4746873231921871 -0.4382020923690473
 -0.5155968591461 -0.7283212215687285 -0.925458892007001
 -0.805034168676953 -0.45075547685769896 -0.8059881344969972]",0,1
35,"[0.041662359937719926 -1.0364529723924538 0.022391623133272854
 -0.10605408468833101 -0.9111466876021471 0.006372237640977042
 -0.4178234847738057 -0.4263161901522363 0.24174762349611534
 -0.45842808764441967 -0.7435152308594425 -1.3541711851702998
 4.021215347958727 -0.5942857727352501 -1.0040358266696674
 0.3262826075702097 0.09471012833087085 -0.09459130661180001
 -0.7192043676103949 -0.2103746341438536 -0.18094998773398438
 -1.221901685707726 -0.0169691706887204 -0.31231480324333033
 -0.8541321461468497 0.5534816138473838 0.17594997805602572
 0.16659608093924955 0.030356302870956794 -0.05267822921732151]",0,1
35,"[0.041662359937719926 -1.0364529723924538 0.022391623133272854
 -0.10605408468833101 -0.9111466876021471 0.006372237640977042
 -0.4178234847738057 -0.4263161901522363 0.24174762349611534
 -0.45842808764441967 -0.7435152308594425 -1.3541711851702998
 4.021215347958727 -0.5942857727352501 -1.0040358266696674
 0.3262826075702097 0.09471012833087085 -0.09459130661180001
 -0.7192043676103949 -0.2103746341438536 -0.18094998773398438
 -1.221901685707726 -0.0169691706887204 -0.31231480324333033
 -0.8541321461468497 0.5534816138473838 0.17594997805602572
 0.16659608093924955 0.030356302870956794 -0.05267822921732151]",0,1
35,"[0.041662359937719926 -1.0364529723924538 0.022391623133272854
 -0.10605408468833101 -0.9111466876021471 0.006372237640977042
 -0.4178234847738057 -0.4263161901522363 0.24174762349611534
 -0.45842808764441967 -0.7435152308594425 -1.3541711851702998
 4.052393369705399 -0.5942857727352501 -1.0040358266696674
 0.3262826075702097 0.09471012833087085 -0.09459130661180001
 -0.7192043676103949 -0.2103746341438536 -0.18094998773398438
 -1.221901685707726 -0.0169691706887204 -0.31231480324333033
 -0.8541321461468497 0.5534816138473838 0.17594997805602572
 0.16659608093924955 0.030356302870956794 -0.05267822921732151]",0,1
36,"[-0.5943470859506143 -0.6481566062316366 -0.6304581747549353
 -0.6100464113484871 -0.7612209679673969 -0.99631596388993
 -0.8445579742852652 -0.79216707832167 -0.07057796539125584
 -0.5740097051699681 -0.9603194656350977 -1.0305902195341168
 -0.9743796995166317 -0.7407234779207381 -1.0907727493026822
 -0.9679474913214506 -0.6800714304410129 3.0912340990027705
 -0.46015362491794165 -0.8355811129562186 -0.5785502401672993
 -0.7465785960111014 -0.6388269254136466 -0.5928315049048447
 -0.4775116393585157 -0.7283212215687285 1.6285442047646155
 -0.4118881320653184 0.5176361823397236 -0.6044282804938472]",0,1
36,"[-0.5943470859506143 -0.6481566062316366 -0.6304581747549353
 -0.6100464113484871 -0.7612209679673969 -0.99631596388993
 -0.8445579742852652 -0.79216707832167 -0.07057796539125584
 -0.5740097051699681 -0.9603194656350977 -1.0305902195341168
 -0.9743796995166317 -0.7407234779207381 -1.0907727493026822
 -0.9679474913214506 -0.6800714304410129 3.0912340990027705
 -0.46015362491794165 -0.8355811129562186 -0.5785502401672993
 -0.7465785960111014 -0.6388269254136466 -0.5928315049048447
 -0.4775116393585157 -0.7283212215687285 1.6285442047646155
 -0.4118881320653184 0.5176361823397236 -0.6044282804938472]",0,1
36,"[-0.5943470859506143 -0.6481566062316366 -0.6304581747549353
 -0.6100464113484871 -0.7612209679673969 -0.99631596388993
 -0.8445579742852652 -0.79216707832167 -0.07057796539125584
 -0.5740097051699681 -0.9603194656350977 -1.0305902195341168
 -0.9743796995166317 -0.7407234779207381 -1.0907727493026822
 -0.9679474913214506 -0.6800714304410129 3.7380120357040263
 -0.46015362491794165 -0.8355811129562186 -0.5785502401672993
 -0.7465785960111014 -0.6388269254136466 -0.5928315049048447
 -0.4775116393585157 -0.7283212215687285 1.2675691989479867
 -0.4118881320653184 0.5176361823397236 -0.6044282804938472]",0,1
37,"[0.6094098670143248 -1.815413365483362 -1.207277930821344
 -1.0606408036078019 0.23804809733402807 -0.6133724771569687
 -0.9703234652602447 -0.8659195120109988 -0.06676911674628831
 0.4862019222557435 -0.8844726167279594 -1.2573621257791467
 -0.8641103723985428 -0.7728683400346258 -0.41715353197095667
 -0.686837039770931 -0.8119270525033637 -0.8585683821364513
 -0.0662054908695104 -0.5429397662324232 -1.147099393405276
 3.685873314275786 2.7519220215669757 -0.9765950521120681
 0.02182790896759087 -0.6475251186728314 -1.013225217182019
 -0.8752335730476519 0.004141878975485492 -0.3948488036523765]",0,1
37,"[0.6094098670143248 -1.815413365483362 -1.207277930821344
 -1.0606408036078019 0.23804809733402807 -0.6133724771569687
 -0.9703234652602447 -0.8659195120109988 -0.06676911674628831
 0.4862019222557435 -0.8844726167279594 -1.2573621257791467
 -0.8641103723985428 -0.7728683400346258 -0.41715353197095667
 -0.686837039770931 -0.8119270525033637 -0.8585683821364513
 -0.0662054908695104 -0.5429397662324232 -1.147099393405276
 3.685873314275786 2.7519220215669757 -0.9765950521120681
 0.02182790896759087 -0.6475251186728314 -1.013225217182019
 -0.8752335730476519 0.004141878975485492 -0.3948488036523765]",0,1
37,"[0.6203127269902695 -1.815413365483362 -1.207277930821344
 -1.0606408036078019 0.23804809733402807 -0.6133724771569687
 -0.9703234652602447 -0.8659195120109988 -0.06676911674628831
 0.4862019222557435 -0.8844726167279594 -1.2573621257791467
 -0.8641103723985428 -0.7728683400346258 -0.41715353197095667
 -0.686837039770931 -0.8119270525033637 -0.8585683821364513
 -0.0662054908695104 -0.5429397662324232 -1.147099393405276
 3.5208126506106874 3.1529080467089337 -0.9765950521120681
 0.02182790896759087 -0.6475251186728314 -1.013225217182019
 -0.8752335730476519 0.004141878975485492 -0.3948488036523765]",0,1
39,"[-0.21755157389071886 0.3225843091704075 -0.27474619337437256
 -0.31938277827986894 -0.4168161308819091 -0.7216192866169963
 -1.025911088788016 -0.8833871936742609 -1.1446732832722173
 -0.5611673032226849 -0.6496590844949016 0.5524557692574197
 -0.7124900476111705 -0.5453987949370459 0.22379853268080194
 -0.6769368477773694 -0.8506661304419579 -0.3442354061664901
 -0.8720084923322106 -0.3217619953115737 -0.38839359769919213
 0.614117431888039 -0.4556845840088303 -0.461163676992743
 -0.21514679193293393 -0.73075117955056 3.4740607708805924
 -0.6891610932617195 -1.0922378498292398 -0.4509861635206275]",0,1
39,"[-0.21755157389071886 0.3225843091704075 -0.27474619337437256
 -0.31938277827986894 -0.4168161308819091 -0.7216192866169963
 -1.025911088788016 -0.8833871936742609 -1.1446732832722173
 -0.5611673032226849 -0.6496590844949016 0.5524557692574197
 -0.7124900476111705 -0.5453987949370459 0.22379853268080194
 -0.6769368477773694 -0.8506661304419579 -0.3442354061664901
 -0.8720084923322106 -0.3217619953115737 -0.38839359769919213
 0.614117431888039 -0.4556845840088303 -0.461163676992743
 -0.21514679193293393 -0.73075117955056 3.4740607708805924
 -0.6891610932617195 -1.0922378498292398 -0.4509861635206275]",0,1
39,"[-0.21755157389071886 0.3225843091704075 -0.27474619337437256
 -0.31938277827986894 -0.4168161308819091 -0.7216192866169963
 -1.025911088788016 -0.8833871936742609 -1.1446732832722173
 -0.5611673032226849 -0.6496590844949016 0.5524557692574197
 -0.7124900476111705 -0.5453987949370459 0.22379853268080194
 -0.6769368477773694 -0.8506661304419579 -0.3442354061664901
 -0.8720084923322106 -0.3217619953115737 -0.38839359769919213
 0.614117431888039 -0.4556845840088303 -0.461163676992743
 -0.21514679193293393 -0.73075117955056 3.4740607708805924
 -0.6891610932617195 -1.0922378498292398 -0.4509861635206275]",0,1
38,"[-0.882956414336917 -2.1705624808743536 -0.8977270462611595
 -0.8304772932593486 -0.7513202128971774 -0.8985855948799556
 -1.0373662389726976 -1.127279698897558 0.058922888537653886
 -0.1830299125526801 2.4873673320750123 -1.6125812771654715
 -0.9786573889306954 -0.8273806687027602 -1.0021584041018532
 -0.7005873064286555 -0.7621567463410492 5.872182826036092
 0.04601003822307301 -0.7102204269108273 -0.9627050734362026
 0.8161343262020914 -0.9249696212326008 -0.8588968596003967
 -1.0403265539972624 -0.6621048665638204 -1.026846550849182
 -1.1661645773538336 0.702679174543053 -0.5488255621481509]",0,1
38,"[-0.882956414336917 -2.1705624808743536 -0.8977270462611595
 -0.8304772932593486 -0.7513202128971774 -0.8985855948799556
 -1.0373662389726976 -1.127279698897558 0.058922888537653886
 -0.1830299125526801 2.4873673320750123 -1.6125812771654715
 -0.9786573889306954 -0.8273806687027602 -1.0021584041018532
 -0.7005873064286555 -0.7621567463410492 5.872182826036092
 0.04601003822307301 -0.7102204269108273 -0.9627050734362026
 0.8161343262020914 -0.9249696212326008 -0.8588968596003967
 -1.0403265539972624 -0.6621048665638204 -1.026846550849182
 -1.1661645773538336 0.702679174543053 -0.5488255621481509]",0,1
38,"[-0.882956414336917 -2.1705624808743536 -0.8977270462611595
 -0.8304772932593486 -0.7513202128971774 -0.8985855948799556
 -1.0373662389726976 -1.127279698897558 0.058922888537653886
 -0.1830299125526801 3.127012774726004 -1.6125812771654715
 -0.9786573889306954 -0.8273806687027602 -1.0021584041018532
 -0.7005873064286555 -0.7621567463410492 5.872182826036092
 0.04601003822307301 -0.7102204269108273 -0.9627050734362026
 0.7228846335248437 -0.9249696212326008 -0.8588968596003967
 -1.0403265539972624 -0.6621048665638204 -1.026846550849182
 -1.1661645773538336 0.702679174543053 -0.5488255621481509]",0,1
40,"[0.7204287433647651 -0.134374219299335 0.7070499079061111
 0.596536470901062 -0.488950203536365 0.1913165352108731
 0.04701445166775304 0.4732694155057613 -1.1865706183668643
 -1.052032444318842 -0.1710273713000848 -0.7259542753052044
 -0.037090419012875804 -0.12885495671125188 -0.2639558504373203
 -0.024624197534919363 -0.20735085626570526 0.21953040805966464
 1.1328850041418943 -0.4283585022355209 0.589280452970167
 -0.1289933139756982 -1.7737586380892099 0.3794230048607357
 0.18263217029294707 0.4277312882876041 0.22556720722163592
 0.9890158810980666 -0.009736345439764375 -0.317325782881934]",1,0
40,"[0.7204287433647651 -0.134374219299335 0.7070499079061111
 0.596536470901062 -0.488950203536365 0.1913165352108731
 0.04701445166775304 0.4732694155057613 -1.1865706183668643
 -1.052032444318842 -0.1710273713000848 -0.7259542753052044
 -0.037090419012875804 -0.12885495671125188 -0.2639558504373203
 -0.024624197534919363 -0.20735085626570526 0.21953040805966464
 1.1328850041418943 -0.4283585022355209 0.589280452970167
 -0.1289933139756982 -1.7737586380892099 0.3794230048607357
 0.18263217029294707 0.4277312882876041 0.22556720722163592
 0.9890158810980666 -0.009736345439764375 -0.317325782881934]",1,0
40,"[0.7204287433647651 -0.134374219299335 0.7070499079061111
 0.596536470901062 -0.488950203536365 0.1913165352108731
 0.04701445166775304 0.4732694155057613 -1.1865706183668643
 -1.052032444318842 -0.1710273713000848 -0.7259542753052044
 -0.037090419012875804 -0.8050643659787112 -0.2639558504373203
 -0.024624197534919363 -0.20735085626570526 0.21953040805966464
 0.8110679732506425 -0.4283585022355209 0.589280452970167
 -0.1289933139756982 -1.5737520364929818 0.3794230048607357
 0.18263217029294707 0.4277312882876041 0.22556720722163592
 0.9890158810980666 -0.009736345439764375 -0.317325782881934]",1,0
41,"[0.11648700063046492 0.5972329584061077 0.07941415449962254
 -0.037399597601535155 -0.4260096891613989 -0.07340765542838991
 -0.5540794817073884 -0.5517438487620488 -0.34481506782894855
 0.12661466773181518 -0.8349470487201022 -1.3560656873110266
 -0.8660115676936823 -0.6020987600545976 -1.3153124884132574
 -0.6703367197816615 -0.5120074239737451 -1.0106694229247395
 -0.7371662735032469 -0.46149524408828363 0.08603762138790348
 0.2375410404030372 -0.027985251374724567 -0.047534012722530695
 -0.15590311670780332 0.3542250593372015 0.2826738294688476
 -0.0581007573184272 0.371143813512088 0.7011663175849088]",1,0
41,"[0.11648700063046492 0.5972329584061077 0.07941415449962254
 -0.037399597601535155 -0.4260096891613989 -0.07340765542838991
 -0.5540794817073884 -0.5517438487620488 -0.34481506782894855
 0.12661466773181518 -0.8349470487201022 -1.3560656873110266
 -0.8660115676936823 -0.6020987600545976 -1.3153124884132574
 -0.6703367197816615 -0.5120074239737451 -1.0106694229247395
 -0.7371662735032469 -0.46149524408828363 0.08603762138790348
 0.2375410404030372 -0.027985251374724567 -0.047534012722530695
 -0.15590311670780332 0.3542250593372015 0.2826738294688476
 -0.0581007573184272 0.371143813512088 0.7011663175849088]",1,0
41,"[0.11648700063046492 0.5972329584061077 0.07941415449962254
 -0.037399597601535155 -0.4260096891613989 -0.07340765542838991
 -0.5540794817073884 -0.5517438487620488 -0.6570443359068625
 0.12661466773181518 -0.8349470487201022 -1.3560656873110266
 -0.8660115676936823 -0.6020987600545976 -1.3153124884132574
 -0.6703367197816615 -0.5120074239737451 -1.0106694229247395
 -0.4172589405743601 -0.46149524408828363 0.08603762138790348
 0.2375410404030372 -0.027985251374724567 -0.047534012722530695
 -0.15590311670780332 0.3542250593372015 0.2826738294688476
 -0.0581007573184272 0.371143813512088 0.7011663175849088]",1,0
42,"[-0.7760640704901381 -0.3900815823808494 -0.8209211876860766
 -0.7555097498887094 -0.9889383345824423 -1.1194308443310668
 2.59622813613295 -1.0160930529770993 0.19223259111153218
 -0.16876057705569839 2.069885208173877 -1.0959505433892005
 -0.7823589747075459 -0.648083771134187 0.15658680475305473
 -0.9766926609157635 -0.6622267965497007 -0.6815029313926942
 0.003033878145062012 -0.437540972869419 -0.8167262367940193
 3.837611342999655 -0.8577715290479764 -0.7635179696250448
 -0.820278617446775 -1.1088526415235402 -0.9857016976071333
 -0.9339778444875675 -0.23024591114873122 -0.5627262417345755]",0,1
42,"[-0.7760640704901381 -0.3900815823808494 -0.8209211876860766
 -0.7555097498887094 -0.9889383345824423 -1.1194308443310668
 2.59622813613295 -1.0160930529770993 0.19223259111153218
 -0.16876057705569839 2.069885208173877 -1.0959505433892005
 -0.7823589747075459 -0.648083771134187 0.15658680475305473
 -0.9766926609157635 -0.6622267965497007 -0.6815029313926942
 0.003033878145062012 -0.437540972869419 -0.8167262367940193
 3.837611342999655 -0.8577715290479764 -0.7635179696250448
 -0.820278617446775 -1.1088526415235402 -0.9857016976071333
 -0.9339778444875675 -0.23024591114873122 -0.5627262417345755]",0,1
42,"[-0.7760640704901381 -0.3900815823808494 -0.8209211876860766
 -0.7555097498887094 -0.9889383345824423 -1.1194308443310668
 2.59622813613295 -1.0160930529770993 0.19223259111153218
 -0.16876057705569839 2.768427727482737 -1.0959505433892005
 -0.7823589747075459 -0.648083771134187 0.15658680475305473
 -0.9766926609157635 -0.6622267965497007 -0.6815029313926942
 0.003033878145062012 -0.437540972869419 -0.8167262367940193
 3.3946866712417307 -0.8577715290479764 -0.7635179696250448
 -0.820278617446775 -1.1088526415235402 -0.9857016976071333
 -0.9339778444875675 -0.23024591114873122 -0.5627262417345755]",0,1
43,"[-1.1421703481653553 -0.3711402962266627 -1.1657717345206677
 -1.0098733093252288 -1.0730947526793067 -1.1718317286425375
 -0.9618828282820581 -1.0738334451417713 2.111892308175378
 -0.6567718510524593 -0.9166815525652372 2.5208434934728414
 -0.8978565888872684 4.523182630433551 1.4745374473586046
 -0.7055374024254363 -0.44095333629742905 -0.1673352826409812
 -0.33003136245952036 0.3038437213544391 -1.2316134567244348
 3.2901318488092177 1.527908055688197 -1.0218759392720835
 -1.5168149704508185 -1.2524631582497814 -1.2299027207741036
 -1.532288249103107 -0.3628600555611179 -0.9220053448913825]",0,1
43,"[-1.1421703481653553 -0.3711402962266627 -1.1657717345206677
 -1.0098733093252288 -1.0730947526793067 -1.1718317286425375
 -0.9618828282820581 -1.0738334451417713 2.111892308175378
 -0.6567718510524593 -0.9166815525652372 2.5208434934728414
 -0.8978565888872684 4.523182630433551 1.4745374473586046
 -0.7055374024254363 -0.44095333629742905 -0.1673352826409812
 -0.33003136245952036 0.3038437213544391 -1.2316134567244348
 3.2901318488092177 1.527908055688197 -1.0218759392720835
 -1.5168149704508185 -1.2524631582497814 -1.2299027207741036
 -1.532288249103107 -0.3628600555611179 -0.9220053448913825]",0,1
43,"[-1.1421703481653553 -0.3711402962266627 -1.1657717345206677
 -1.0098733093252288 -1.0730947526793067 -1.1718317286425375
 -0.9618828282820581 -1.0738334451417713 2.111892308175378
 -0.6567718510524593 -0.9166815525652372 2.5208434934728414
 -0.8978565888872684 4.923463150585076 1.4745374473586046
 -0.7055374024254363 -0.44095333629742905 -0.1673352826409812
 -0.33003136245952036 0.3038437213544391 -1.2316134567244348
 3.2138631823365187 1.461027267618811 -1.0218759392720835
 -1.5168149704508185 -1.2524631582497814 -1.2299027207741036
 -1.532288249103107 -0.3628600555611179 -0.9220053448913825]",0,1
44,"[-2.1012619033305784 -1.5289264124012956 -2.0591247259268135
 -1.5291221886713395 1.4431114287378715 -0.6086582107483245
 -1.202199821103855 -1.3433694774734959 0.4283812070995454
 2.26844192582871 -0.7701828444021349 0.5619282799610552 8.942254959930814
 6.992958460234492 1.2755306551703018 -0.8413900370037543
 -1.0875779789407978 -2.004120677377808 0.7945114929150919
 0.147342482724524 -1.8097664807941343 3.3549841147554726
 -1.7737586380892099 -1.3126691543316154 1.0416654610573508
 -0.9196804126379585 -1.416482225919502 -1.8586126769518376
 -0.003568245699653228 0.49265612378854723]",0,1
44,"[-2.1012619033305784 -1.5289264124012956 -2.0591247259268135
 -1.5291221886713395 1.4431114287378715 -0.6086582107483245
 -1.202199821103855 -1.3433694774734959 0.4283812070995454
 2.26844192582871 -0.7701828444021349 0.5619282799610552 8.942254959930814
 6.992958460234492 1.2755306551703018 -0.8413900370037543
 -1.0875779789407978 -2.004120677377808 0.7945114929150919
 0.147342482724524 -1.8097664807941343 3.3549841147554726
 -1.7737586380892099 -1.3126691543316154 1.0416654610573508
 -0.9196804126379585 -1.416482225919502 -1.8586126769518376
 -0.003568245699653228 0.49265612378854723]",0,1
44,"[-2.1012619033305784 -1.5289264124012956 -2.0591247259268135
 -1.5291221886713395 1.4431114287378715 -0.6086582107483245
 -1.202199821103855 -1.3433694774734959 0.4283812070995454
 2.26844192582871 -0.7701828444021349 0.5619282799610552 8.942254959930814
 7.077539283729254 1.2755306551703018 -0.8413900370037543
 -1.0875779789407978 -2.004120677377808 0.7945114929150919
 0.147342482724524 -1.8097664807941343 3.4645892390219784
 -1.7737586380892099 -1.3126691543316154 1.0416654610573508
 -0.9196804126379585 -1.416482225919502 -1.8586126769518376
 -0.003568245699653228 0.49265612378854723]",0,1
45,"[-0.7894256134709852 0.30364302301622165 -0.7945434180744315
 -0.765505422338128 0.08034321300124851 -0.5085707085340279
 -0.8941165714000461 -0.8147295004700502 0.7673687365016925
 0.0880874618899647 -0.5949385268358706 -0.015894872960699892
 -0.5874864569557507 8.860983402142232 1.1647627236692655
 0.24158096495862685 -0.5587279199800899 -0.4705454009080686
 0.31580482093502865 -0.5824643137435496 -0.8263301076257418
 0.10029986661739201 0.8039057224037305 -0.770422502064338
 0.37305826923086916 -0.3213032596119535 -0.8716288792329899
 -0.6451028896817831 0.21694132000931363 -0.5932008085201969]",0,1
45,"[-0.7894256134709852 0.30364302301622165 -0.7945434180744315
 -0.765505422338128 0.08034321300124851 -0.5085707085340279
 -0.8941165714000461 -0.8147295004700502 0.7673687365016925
 0.0880874618899647 -0.5949385268358706 -0.015894872960699892
 -0.5874864569557507 8.860983402142232 1.1647627236692655
 0.24158096495862685 -0.5587279199800899 -0.4705454009080686
 0.31580482093502865 -0.5824643137435496 -0.8263301076257418
 0.10029986661739201 0.8039057224037305 -0.770422502064338
 0.37305826923086916 -0.3213032596119535 -0.8716288792329899
 -0.6451028896817831 0.21694132000931363 -0.5932008085201969]",0,1
45,"[-0.7894256134709852 0.30364302301622165 -0.7945434180744315
 -0.765505422338128 0.08034321300124851 -0.5085707085340279
 -0.8941165714000461 -0.8147295004700502 0.7673687365016925
 0.0880874618899647 -0.5949385268358706 -0.015894872960699892
 -0.5874864569557507 8.860983402142232 1.1647627236692655
 0.24158096495862685 -0.5587279199800899 -0.4705454009080686
 0.31580482093502865 -0.5824643137435496 -0.8263301076257418
 0.10029986661739201 0.9581121080127925 -0.770422502064338
 0.37305826923086916 -0.3213032596119535 -0.8716288792329899
 -0.6451028896817831 0.21694132000931363 -0.5932008085201969]",0,1
46,"[0.030973125553042276 -0.18646275622334682 0.006099471314315723
 -0.09868885235718061 -0.4719774805588458 -0.19978625876781894
 -0.485951483240597 -0.1742478394837738 0.23412992620618028
 -0.5369094328778161 -0.5499152831923638 -0.49899291884610203
 -0.47293944042359815 -0.48289489638226435 -0.548573111717949
 -0.2743290400391963 -0.5892260215397871 -0.041686596772395314
 -0.5628188962154118 -0.3656781592128255 -0.21168237439549667
 -0.07041476418914211 -0.15742419943527175 -0.3097456748938261
 -0.10512282365769052 0.19081038505903342 1.3492764277520983
 0.32814282739901734 0.042692502351179086 0.006132338263703743]",0,1
46,"[0.030973125553042276 -0.18646275622334682 0.006099471314315723
 -0.09868885235718061 -0.4719774805588458 -0.19978625876781894
 -0.485951483240597 -0.1742478394837738 0.23412992620618028
 -0.5369094328778161 -0.5499152831923638 -0.49899291884610203
 -0.47293944042359815 -0.48289489638226435 -0.548573111717949
 -0.2743290400391963 -0.5892260215397871 -0.041686596772395314
 -0.5628188962154118 -0.3656781592128255 -0.21168237439549667
 -0.07041476418914211 -0.15742419943527175 -0.3097456748938261
 -0.10512282365769052 0.19081038505903342 1.3492764277520983
 0.32814282739901734 0.042692502351179086 0.006132338263703743]",0,1
46,"[0.030973125553042276 -0.18646275622334682 0.006099471314315723
 -0.09868885235718061 -0.4719774805588458 -0.19978625876781894
 -0.485951483240597 -0.1742478394837738 0.23412992620618028
 -0.5369094328778161 -0.5499152831923638 -0.49899291884610203
 -0.47293944042359815 -0.48289489638226435 -0.548573111717949
 -0.2743290400391963 -0.5892260215397871 -0.041686596772395314
 -0.5628188962154118 -0.3656781592128255 -0.21168237439549667
 -0.07041476418914211 -0.15742419943527175 -0.3097456748938261
 -0.10512282365769052 0.19081038505903342 1.4464268610306403
 0.32814282739901734 0.042692502351179086 0.006132338263703743]",0,1
47,"[0.46923173532483553 1.9396966145840555 0.44327221178966353
 0.35059031984300043 -0.8517421571808313 -0.12598985767865448
 -0.08670935417237376 -0.05706880832605724 -0.8666273321895571
 -0.828003877016235 0.03434788624298771 -0.2583911469737646
 0.12308528460262394 0.045709502823887964 7.068227306680481
 0.6144881967161152 0.44706053571205423 0.5700241107457199
 2.58703660811753 0.06430100916579341 0.31268897301655635
 1.2568078066891084 0.32728335074890486 0.19476690474010525
 -0.8414370728843219 0.22968971276833738 0.17641806512362576
 0.2238717455931674 -1.1045740493094616 -0.3424539344420083]",1,0
47,"[0.46923173532483553 1.9396966145840555 0.44327221178966353
 0.35059031984300043 -0.8517421571808313 -0.12598985767865448
 -0.08670935417237376 -0.05706880832605724 -0.8666273321895571
 -0.828003877016235 0.03434788624298771 -0.2583911469737646
 0.12308528460262394 0.045709502823887964 7.068227306680481
 0.6144881967161152 0.44706053571205423 0.5700241107457199
 2.58703660811753 0.06430100916579341 0.31268897301655635
 1.2568078066891084 0.32728335074890486 0.19476690474010525
 -0.8414370728843219 0.22968971276833738 0.17641806512362576
 0.2238717455931674 -1.1045740493094616 -0.3424539344420083]",1,0
47,"[0.46923173532483553 1.9396966145840555 0.44327221178966353
 0.35059031984300043 -0.8517421571808313 -0.12598985767865448
 -0.08670935417237376 -0.05706880832605724 -0.8666273321895571
 -0.828003877016235 0.03434788624298771 -0.2583911469737646
 0.12308528460262394 0.045709502823887964 6.0368974624068725
 0.6144881967161152 0.44706053571205423 0.5700241107457199
 3.6974538084072686 0.06430100916579341 0.31268897301655635
 1.2568078066891084 0.32728335074890486 0.19476690474010525
 -0.8414370728843219 0.22968971276833738 0.17641806512362576
 0.2238717455931674 -1.1045740493094616 -0.3424539344420083]",1,0
48,"[-0.2522915856409217 -0.7736426270031197 -0.3065546802590033
 -0.32990453875294107 -2.0023513356984677 -1.0164422550960657
 2.6247443552776537 -1.0185191198747747 -0.017254084361705148
 -0.9878204345824262 -1.0077670377824852 -1.2033688147684252
 -0.8431972241520087 -0.7248742750729186 -1.3085537671691263
 -0.71433757308638 -0.7662447897416045 -1.2052595588027992
 -0.8087380344395839 -0.6531294138392001 -0.4248883068597379
 -0.805157145797657 -0.3749917929838507 -0.45570427925004614
 -1.6903143050387024 -0.4312588582898286 1.826511949377481
 -0.9448455347039519 -0.3937005542616719 -0.40768020019369056]",0,1
48,"[-0.2522915856409217 -0.7736426270031197 -0.3065546802590033
 -0.32990453875294107 -2.0023513356984677 -1.0164422550960657
 2.6247443552776537 -1.0185191198747747 -0.017254084361705148
 -0.9878204345824262 -1.0077670377824852 -1.2033688147684252
 -0.8431972241520087 -0.7248742750729186 -1.3085537671691263
 -0.71433757308638 -0.7662447897416045 -1.2052595588027992
 -0.8087380344395839 -0.6531294138392001 -0.4248883068597379
 -0.805157145797657 -0.3749917929838507 -0.45570427925004614
 -1.6903143050387024 -0.4312588582898286 1.826511949377481
 -0.9448455347039519 -0.3937005542616719 -0.40768020019369056]",0,1
48,"[-0.2522915856409217 -0.7736426270031197 -0.3065546802590033
 -0.32990453875294107 -2.0023513356984677 -1.0164422550960657
 2.8363680141855534 -1.0185191198747747 -0.017254084361705148
 -0.9878204345824262 -1.0077670377824852 -1.2033688147684252
 -0.8431972241520087 -0.7248742750729186 -1.3085537671691263
 -0.71433757308638 -0.7662447897416045 -1.2052595588027992
 -0.8087380344395839 -0.6531294138392001 -0.4248883068597379
 -0.805157145797657 -0.3749917929838507 -0.45570427925004614
 -1.6903143050387024 -0.4312588582898286 1.826511949377481
 -0.9448455347039519 -0.3937005542616719 -0.40768020019369056]",0,1
49,"[-0.7493409845284436 1.9539025791996958 -0.7766996327489074
 -0.7231553364340128 -0.6417047103340349 -0.8929647387773411
 -0.9167857107128901 -0.7666933758960796 0.1389087100819815
 -0.7566571995313284 0.5528078534301374 2.7121882096862753
 0.44343669183362383 6.567704516423601 0.271860550416845
 -0.5823350131722249 -0.6122618216540265 -0.048299685502320895
 0.06391677158891047 0.060707868482963764 -0.7206875284767935
 1.1245876514565967 -0.7594530089253908 -0.6986474788000582
 -1.2561427994602408 -1.0590385028959945 -1.1579109297772088
 -1.0439764927588093 -0.8177574113943015 -0.9738655725791955]",0,1
49,"[-0.7493409845284436 1.9539025791996958 -0.7766996327489074
 -0.7231553364340128 -0.6417047103340349 -0.8929647387773411
 -0.9167857107128901 -0.7666933758960796 0.1389087100819815
 -0.7566571995313284 0.5528078534301374 2.7121882096862753
 0.44343669183362383 6.567704516423601 0.271860550416845
 -0.5823350131722249 -0.6122618216540265 -0.048299685502320895
 0.06391677158891047 0.060707868482963764 -0.7206875284767935
 1.1245876514565967 -0.7594530089253908 -0.6986474788000582
 -1.2561427994602408 -1.0590385028959945 -1.1579109297772088
 -1.0439764927588093 -0.8177574113943015 -0.9738655725791955]",0,1
49,"[-0.7493409845284436 1.9539025791996958 -0.7766996327489074
 -0.7231553364340128 -0.6417047103340349 -0.8929647387773411
 -0.9167857107128901 -0.7666933758960796 0.1389087100819815
 -0.7566571995313284 0.5528078534301374 2.7121882096862753
 0.44343669183362383 6.765233924949133 0.271860550416845
 -0.5823350131722249 -0.6122618216540265 -0.048299685502320895
 0.06391677158891047 0.060707868482963764 -0.7206875284767935
 1.1245876514565967 -0.7594530089253908 -0.6986474788000582
 -1.2561427994602408 -1.0590385028959945 -1.1579109297772088
 -1.0439764927588093 -0.8177574113943015 -0.9738655725791955]",0,1
50,"[1.4816717447210868 -0.30247813391773787 -1.1642201010141002
 -1.0272342141057977 0.7217707021933178 -0.7700311762749983
 -0.9252263476910765 -0.9115295696872945 -1.2779829858460956
 0.5304368622963862 -1.0320103228212965 0.6661258977010438
 8.942254959930814 -0.8130494176769854 0.7817685198351741
 -0.9226816134842214 -0.5009761957500248 -0.48327559671317516
 -0.24169147785472095 -0.1652607566816586 -1.2085641667283005
 -0.34657078461147717 -1.2133155331887557 -1.0072640217842772
 0.31804628509324745 -1.0156637529203025 -1.0222124888799409
 -0.8999061670524164 -1.1122841739846003 -0.3306918209458034]",0,1
50,"[1.4816717447210868 -0.30247813391773787 -1.1642201010141002
 -1.0272342141057977 0.7217707021933178 -0.7700311762749983
 -0.9252263476910765 -0.9115295696872945 -1.2779829858460956
 0.5304368622963862 -1.0320103228212965 0.6661258977010438
 8.942254959930814 -0.8130494176769854 0.7817685198351741
 -0.9226816134842214 -0.5009761957500248 -0.48327559671317516
 -0.24169147785472095 -0.1652607566816586 -1.2085641667283005
 -0.34657078461147717 -1.2133155331887557 -1.0072640217842772
 0.31804628509324745 -1.0156637529203025 -1.0222124888799409
 -0.8999061670524164 -1.1122841739846003 -0.3306918209458034]",0,1
50,"[1.819757911625182 -0.30247813391773787 -1.1642201010141002
 -1.0272342141057977 0.7217707021933178 -0.7700311762749983
 -0.9252263476910765 -0.9115295696872945 -1.2779829858460956
 0.5304368622963862 -1.0320103228212965 0.6661258977010438
 8.942254959930814 -0.8130494176769854 0.7817685198351741
 -0.9226816134842214 -0.5009761957500248 -0.48327559671317516
 -0.24169147785472095 -0.1652607566816586 -1.2085641667283005
 -0.34657078461147717 -1.2133155331887557 -1.0072640217842772
 0.31804628509324745 -1.0156637529203025 -1.0222124888799409
 -0.8999061670524164 -1.1122841739846003 -0.3306918209458034]",0,1
51,"[0.6268979424988342 0.5167324922508163 0.5712819760814689
 0.5352472161454165 0.04710496383694077 -0.3499175120892639
 -0.10961965454173721 0.24012438663916572 0.18842374246656465
 1.9077172433200476 -0.09067819802859602 -0.8962700177565679
 -0.16494580261100483 -0.024160926631992718 -0.8636046185971674
 -0.7742887357140588 -0.4231087024061168 -0.3715143971774331
 3.562809758585982 -0.8607330977360262 0.8120902562661302
 0.45511851103881557 -1.7737586380892099 0.6957469328934679
 0.9316414927821063 -0.09045725133796187 0.40390837997727275
 1.0551031864679716 0.43436683584822533 -0.47611431508070173]",1,0
51,"[0.6268979424988342 0.5167324922508163 0.5712819760814689
 0.5352472161454165 0.04710496383694077 -0.3499175120892639
 -0.10961965454173721 0.24012438663916572 0.18842374246656465
 1.9077172433200476 -0.09067819802859602 -0.8962700177565679
 -0.16494580261100483 -0.024160926631992718 -0.8636046185971674
 -0.7742887357140588 -0.4231087024061168 -0.3715143971774331
 3.562809758585982 -0.8607330977360262 0.8120902562661302
 0.45511851103881557 -1.7737586380892099 0.6957469328934679
 0.9316414927821063 -0.09045725133796187 0.40390837997727275
 1.0551031864679716 0.43436683584822533 -0.47611431508070173]",1,0
51,"[0.6268979424988342 0.5167324922508163 0.5712819760814689
 0.5352472161454165 0.04710496383694077 -0.3499175120892639
 -0.10961965454173721 0.24012438663916572 0.18842374246656465
 2.106723355866192 -0.09067819802859602 -0.8962700177565679
 -0.16494580261100483 -0.024160926631992718 -0.8636046185971674
 -0.7742887357140588 -0.4231087024061168 -0.3715143971774331
 3.562809758585982 -0.8607330977360262 0.8120902562661302
 0.45511851103881557 -1.7132752245465541 0.6957469328934679
 0.9316414927821063 -0.09045725133796187 0.40390837997727275
 1.0551031864679716 0.43436683584822533 -0.47611431508070173]",1,0
52,"[-1.286475012358507 0.32968729147822756 -1.3065824752416537
 -1.098256097299035 -1.0907746724475555 -1.271556594979246
 -1.1724164306236824 -1.218208686222428 -0.714273386390839
 0.300700560794987 -0.9052525753326549 0.2455464224596351 8.10174233738863
 6.289883896907686 -0.40138318240131776 -1.1242605226864626
 -1.020287486776104 -1.4210115786166209 -0.6547401274933791
 -0.5269702520865135 -1.1989602958965782 0.38984526984808243
 -1.2364493026293641 -1.005818887087681 -0.8964490570219436
 -1.2189297381005069 -1.35867347307089 -1.4798589868429823
 -0.9025687828208274 -0.21360532750630817]",0,1
52,"[-1.286475012358507 0.32968729147822756 -1.3065824752416537
 -1.098256097299035 -1.0907746724475555 -1.271556594979246
 -1.1724164306236824 -1.218208686222428 -0.714273386390839
 0.300700560794987 -0.9052525753326549 0.2455464224596351 8.10174233738863
 6.289883896907686 -0.40138318240131776 -1.1242605226864626
 -1.020287486776104 -1.4210115786166209 -0.6547401274933791
 -0.5269702520865135 -1.1989602958965782 0.38984526984808243
 -1.2364493026293641 -1.005818887087681 -0.8964490570219436
 -1.2189297381005069 -1.35867347307089 -1.4798589868429823
 -0.9025687828208274 -0.21360532750630817]",0,1
52,"[-1.286475012358507 0.32968729147822756 -1.3065824752416537
 -1.098256097299035 -1.0907746724475555 -1.271556594979246
 -1.1724164306236824 -1.218208686222428 -0.714273386390839
 0.300700560794987 -0.9052525753326549 0.2455464224596351
 8.942254959930814 5.779708532358046 -0.40138318240131776
 -1.1242605226864626 -1.020287486776104 -1.4210115786166209
 -0.6547401274933791 -0.5269702520865135 -1.1989602958965782
 0.38984526984808243 -1.2364493026293641 -1.005818887087681
 -0.8964490570219436 -1.2189297381005069 -1.35867347307089
 -1.4798589868429823 -0.9025687828208274 -0.21360532750630817]",0,1
53,"[-1.0406226215109158 0.3462609168631406 -0.9687142791866152
 -0.930434017753534 1.8462135994539453 0.22758012296967628
 0.056660893928537764 0.0319678468186259 0.2950715045256671
 0.9157089207148809 -0.7268912639756862 0.4103681087028898
 -0.6388187299245163 -0.659245181590398 3.2407545981695955
 -0.4673827839136481 -0.24563570715979333 -0.2896774241446041
 -0.7597929632396272 -0.27584964214208324 -0.8666663651189768
 1.4609958945165324 -0.7600038129596909 -0.7847132785084564
 2.416965064497897 -0.010876127432980493 0.4666320470356855
 0.23268338630915456 0.04577655222123423 0.6124158248408167]",1,0
53,"[-1.0406226215109158 0.3462609168631406 -0.9687142791866152
 -0.930434017753534 1.8462135994539453 0.22758012296967628
 0.056660893928537764 0.0319678468186259 0.2950715045256671
 0.9157089207148809 -0.7268912639756862 0.4103681087028898
 -0.6388187299245163 -0.659245181590398 3.2407545981695955
 -0.4673827839136481 -0.24563570715979333 -0.2896774241446041
 -0.7597929632396272 -0.27584964214208324 -0.8666663651189768
 1.4609958945165324 -0.7600038129596909 -0.7847132785084564
 2.416965064497897 -0.010876127432980493 0.4666320470356855
 0.23268338630915456 0.04577655222123423 0.6124158248408167]",1,0
53,"[-1.0406226215109158 0.3462609168631406 -0.9687142791866152
 -0.930434017753534 1.8462135994539453 0.22758012296967628
 0.056660893928537764 0.0319678468186259 0.2950715045256671
 0.9157089207148809 -0.7268912639756862 0.4103681087028898
 -0.6388187299245163 -0.659245181590398 3.9921650119054126
 -0.4673827839136481 -0.24563570715979333 -0.2896774241446041
 -0.7597929632396272 -0.27584964214208324 -0.8666663651189768
 1.4609958945165324 -0.7600038129596909 -0.7847132785084564
 2.416965064497897 -0.010876127432980493 0.4666320470356855
 0.23268338630915456 0.04577655222123423 0.6124158248408167]",1,0
54,"[-0.4801728026756065 0.3723051853251465 1.382010483262904
 1.5287644488152545 -0.9224618362538268 -0.46723021848899216
 -0.1119106845786735 0.11760800830656377 -1.3351157155206148
 5.016715942547311 0.8343762925237599 -0.32280421975848494
 0.9401239626888088 0.8258920937130361 0.4378247054116181
 0.28558181826334494 0.2935966842467689 0.7584971395485984
 2.5929325869346367 0.08066976116535078 1.3191746361810825
 -0.07376210989123094 1.2911904107742553 1.199938371483711
 -0.4648165660959872 -0.24597456217517727 0.06173673356160233
 0.26352412881511006 -1.0737335506089067 -0.7129605095724664]",1,0
54,"[-0.4801728026756065 0.3723051853251465 1.382010483262904
 1.5287644488152545 -0.9224618362538268 -0.46723021848899216
 -0.1119106845786735 0.11760800830656377 -1.3351157155206148
 5.016715942547311 0.8343762925237599 -0.32280421975848494
 0.9401239626888088 0.8258920937130361 0.4378247054116181
 0.28558181826334494 0.2935966842467689 0.7584971395485984
 2.5929325869346367 0.08066976116535078 1.3191746361810825
 -0.07376210989123094 1.2911904107742553 1.199938371483711
 -0.4648165660959872 -0.24597456217517727 0.06173673356160233
 0.26352412881511006 -1.0737335506089067 -0.7129605095724664]",1,0
54,"[-0.9151466995325912 0.3723051853251465 1.382010483262904
 1.5287644488152545 -0.9224618362538268 -0.46723021848899216
 -0.1119106845786735 0.11760800830656377 -1.3351157155206148
 5.016715942547311 0.8343762925237599 -0.32280421975848494
 0.9401239626888088 0.8258920937130361 0.4378247054116181
 0.28558181826334494 0.2935966842467689 0.7584971395485984
 2.1962639845392724 0.08066976116535078 1.3191746361810825
 -0.07376210989123094 1.2911904107742553 1.199938371483711
 -0.4648165660959872 -0.24597456217517727 0.06173673356160233
 0.26352412881511006 -1.0737335506089067 -0.7129605095724664]",1,0
57,"[-1.3834798143994587 -0.3308900631490175 -1.3725268992707655
 -1.1461301074515131 -0.5045085329324238 -0.8461847105684851
 -0.8467284237939416 -0.976062949165457 1.6015065897496732
 0.2636002885028361 -0.23856223676534483 0.2625969417261789
 6.454756073929094 5.518123685484812 0.2658527981998395
 -0.3436303839941276 -0.20702640837677233 -0.37019177943144815
 -0.03994228193294857 0.07268500409239591 -1.1931979733975444
 -0.16581411669867596 -1.2100107089829548 -0.9915281106435625
 -0.4394264195709314 -0.7131339841822817 -0.818735040594179
 -0.8952066253372232 0.36960178857706044 0.03393369743655156]",0,1
57,"[-1.3834798143994587 -0.3308900631490175 -1.3725268992707655
 -1.1461301074515131 -0.5045085329324238 -0.8461847105684851
 -0.8467284237939416 -0.976062949165457 1.6015065897496732
 0.2636002885028361 -0.23856223676534483 0.2625969417261789
 6.454756073929094 5.518123685484812 0.2658527981998395
 -0.3436303839941276 -0.20702640837677233 -0.37019177943144815
 -0.03994228193294857 0.07268500409239591 -1.1931979733975444
 -0.16581411669867596 -1.2100107089829548 -0.9915281106435625
 -0.4394264195709314 -0.7131339841822817 -0.818735040594179
 -0.8952066253372232 0.36960178857706044 0.03393369743655156]",0,1
57,"[-1.3834798143994587 -0.3308900631490175 -1.3725268992707655
 -1.1461301074515131 -0.5045085329324238 -0.8461847105684851
 -0.8467284237939416 -0.976062949165457 1.6015065897496732
 0.2636002885028361 -0.23856223676534483 0.2625969417261789
 6.454756073929094 6.329914547705244 0.2658527981998395
 -0.3436303839941276 -0.20702640837677233 -0.37019177943144815
 -0.03994228193294857 0.07268500409239591 -1.1931979733975444
 -0.16581411669867596 -1.2100107089829548 -0.9915281106435625
 -0.4394264195709314 -0.7131339841822817 -0.818735040594179
 -0.8952066253372232 0.36960178857706044 0.03393369743655156]",0,1
58,"[2.5168798405875314 -1.9172227785621132 -1.6498813885696775
 -1.3160565390916283 0.06549208039591933 -1.0249641982193844
 -0.9536833523603911 -1.1541605201238 -0.5124044082075377
 1.3680468559691894 -1.006381707208839 -1.1969275074899532
 5.023085747791555 -0.8522929368410233 1.245491894085275
 -0.8573403463267147 -0.4448467109646244 -1.0548117901969927
 0.11524940723764542 -0.3764575812613144 -1.506860394761604
 -1.8763077704661069 3.1529080467089337 -1.1686373962375238
 1.6721874330962478 -0.8972033013060171 -0.8697565309625894
 -1.209635338219371 0.4405349355883365 0.3023237417590483]",0,1
58,"[2.5168798405875314 -1.9172227785621132 -1.6498813885696775
 -1.3160565390916283 0.06549208039591933 -1.0249641982193844
 -0.9536833523603911 -1.1541605201238 -0.5124044082075377
 1.3680468559691894 -1.006381707208839 -1.1969275074899532
 5.023085747791555 -0.8522929368410233 1.245491894085275
 -0.8573403463267147 -0.4448467109646244 -1.0548117901969927
 0.11524940723764542 -0.3764575812613144 -1.506860394761604
 -1.8763077704661069 3.1529080467089337 -1.1686373962375238
 1.6721874330962478 -0.8972033013060171 -0.8697565309625894
 -1.209635338219371 0.4405349355883365 0.3023237417590483]",0,1
58,"[2.577196199055574 -1.9172227785621132 -1.6498813885696775
 -1.3160565390916283 0.06549208039591933 -1.0249641982193844
 -0.9536833523603911 -1.1541605201238 -0.5124044082075377
 1.3680468559691894 -1.006381707208839 -1.1969275074899532
 5.520702906317312 -0.8522929368410233 1.245491894085275
 -0.8573403463267147 -0.4448467109646244 -1.0548117901969927
 0.11524940723764542 -0.3764575812613144 -1.506860394761604
 -1.8763077704661069 3.1529080467089337 -1.1686373962375238
 1.6721874330962478 -0.8972033013060171 -0.8697565309625894
 -1.209635338219371 0.4405349355883365 0.3023237417590483]",0,1
59,"[-0.5275393710463775 -0.08228568237532316 -0.5509369575433591
 -0.567170237420718 -0.37014114269373255 -0.5515430600282095
 -0.9855166118209804 -0.8363214958593603 0.16557065059675632
 0.16942267422275836 -0.27700516018403126 -0.8375404513940288
 8.578928901625693 -0.44650869829501655 -0.3315430628786304
 -0.6884870717698579 -0.8583231006207755 -0.9291631043284068
 0.2740224430814072 -0.540145101256889 -0.5574217243375097
 1.2149807934342656 -0.5418854153768115 -0.6034291593465505
 -0.524060241321119 -0.6463101396819155 -1.0828765728409133
 -0.9210541047707862 0.5839432545459161 -0.3878984638591642]",0,1
59,"[-0.5275393710463775 -0.08228568237532316 -0.5509369575433591
 -0.567170237420718 -0.37014114269373255 -0.5515430600282095
 -0.9855166118209804 -0.8363214958593603 0.16557065059675632
 0.16942267422275836 -0.27700516018403126 -0.8375404513940288
 8.578928901625693 -0.44650869829501655 -0.3315430628786304
 -0.6884870717698579 -0.8583231006207755 -0.9291631043284068
 0.2740224430814072 -0.540145101256889 -0.5574217243375097
 1.2149807934342656 -0.5418854153768115 -0.6034291593465505
 -0.524060241321119 -0.6463101396819155 -1.0828765728409133
 -0.9210541047707862 0.5839432545459161 -0.3878984638591642]",0,1
59,"[-0.5275393710463775 -0.08228568237532316 -0.5509369575433591
 -0.567170237420718 -0.37014114269373255 -0.5515430600282095
 -1.017221904424729 -0.8363214958593603 0.16557065059675632
 0.16942267422275836 -0.27700516018403126 -0.8375404513940288
 8.942254959930814 -0.44650869829501655 -0.3315430628786304
 -0.6884870717698579 -0.8583231006207755 -0.9291631043284068
 0.2740224430814072 -0.540145101256889 -0.5574217243375097
 0.5388202118362491 -0.5418854153768115 -0.6034291593465505
 -0.524060241321119 -0.6463101396819155 -1.0828765728409133
 -0.9210541047707862 0.5839432545459161 -0.3878984638591642]",0,1
60,"[3.2887487584371193 -1.3773961231678056 -0.9943162320449768
 -0.8949230761569155 -1.6869415670329078 -0.8813603906945241
 -0.6589845412934211 -0.9864950368254608 -0.4857424676927619
 -0.20728778289754785 2.072546663681055 -0.7619498159790187
 0.07793189634306179 -0.3942732973599491 -0.47009684838331656
 0.42528452750582585 0.37405976070214053 0.4278427030523202
 1.3233570183195011 0.4391853537410238 -1.004962105095782
 -1.8060135107222397 2.711890188629828 -0.8818584442240924
 -1.9103622415891905 -0.8868759798832334 -0.8543096577317865
 -1.282625095483466 -0.5525291225695299 -0.7712364355309363]",0,1
60,"[3.2887487584371193 -1.3773961231678056 -0.9943162320449768
 -0.8949230761569155 -1.6869415670329078 -0.8813603906945241
 -0.6589845412934211 -0.9864950368254608 -0.4857424676927619
 -0.20728778289754785 2.072546663681055 -0.7619498159790187
 0.07793189634306179 -0.3942732973599491 -0.47009684838331656
 0.42528452750582585 0.37405976070214053 0.4278427030523202
 1.3233570183195011 0.4391853537410238 -1.004962105095782
 -1.8060135107222397 2.711890188629828 -0.8818584442240924
 -1.9103622415891905 -0.8868759798832334 -0.8543096577317865
 -1.282625095483466 -0.5525291225695299 -0.7712364355309363]",0,1
60,"[3.063151412662973 -1.3773961231678056 -0.9943162320449768
 -0.8949230761569155 -1.6869415670329078 -0.8813603906945241
 -0.6589845412934211 -0.9864950368254608 -0.4857424676927619
 -0.20728778289754785 2.172148686908109 -0.7619498159790187
 0.07793189634306179 -0.3942732973599491 -0.47009684838331656
 0.42528452750582585 0.37405976070214053 0.4278427030523202
 1.3233570183195011 0.4391853537410238 -1.004962105095782
 -1.8060135107222397 3.1529080467089337 -0.8818584442240924
 -1.9103622415891905 -0.8868759798832334 -0.8543096577317865
 -1.282625095483466 -0.5525291225695299 -0.7712364355309363]",0,1
61,"[0.9261965052698142 -0.309581116225558 0.8428178397307533
 0.8316978174742244 -0.7576849840137475 -0.44547206583371013
 -0.21717748574948564 0.0671458168349176 -0.748553024195551
 -1.1462100585989188 -0.6538150762158408 -1.3937662799114954
 -0.6411952240434406 -0.3924874716869553 3.1955544077249085
 -0.9326368065444139 -0.6294575597674729 -0.8932870979685605
 -1.1036022438637128 -1.0555611703161245 0.7602293537748283
 -0.041962325721386716 -1.241646505867172 0.6539985972140211
 -0.4394264195709314 -0.16457096978382232 0.23960981924963884
 0.4485685838508439 0.4189465864979479 -0.8140077573353187]",1,0
61,"[0.9261965052698142 -0.309581116225558 0.8428178397307533
 0.8316978174742244 -0.7576849840137475 -0.44547206583371013
 -0.21717748574948564 0.0671458168349176 -0.748553024195551
 -1.1462100585989188 -0.6538150762158408 -1.3937662799114954
 -0.6411952240434406 -0.3924874716869553 3.1955544077249085
 -0.9326368065444139 -0.6294575597674729 -0.8932870979685605
 -1.1036022438637128 -1.0555611703161245 0.7602293537748283
 -0.041962325721386716 -1.241646505867172 0.6539985972140211
 -0.4394264195709314 -0.16457096978382232 0.23960981924963884
 0.4485685838508439 0.4189465864979479 -0.8140077573353187]",1,0
61,"[0.9261965052698142 -0.309581116225558 0.8428178397307533
 0.8316978174742244 -0.7576849840137475 -0.44547206583371013
 -0.21717748574948564 0.0671458168349176 -0.748553024195551
 -1.1462100585989188 -0.6538150762158408 -1.3937662799114954
 -0.6411952240434406 -0.3924874716869553 4.242704669001066
 -0.9326368065444139 -0.6294575597674729 -0.8932870979685605
 -1.1036022438637128 -1.0555611703161245 0.7602293537748283
 -0.041962325721386716 -1.1438648678858205 0.6539985972140211
 -0.4394264195709314 -0.16457096978382232 0.23960981924963884
 0.4485685838508439 0.4189465864979479 -0.8140077573353187]",1,0
62,"[-0.34849469510302294 -1.3087339608588808 -0.36512884513192057
 -0.4169721066676132 0.08458639374562855 -0.5069388470848816
 -0.3986511807804962 -0.18346689369493985 0.25698301807598756
 -0.6596257181518554 -0.6115624937196269 -0.8009765600779964
 5.464395572153055 -0.5121377917775372 0.626693415733724
 -0.6345860264715779 -0.31312086805784695 0.1699322425852229
 -0.01606663744516459 -0.5712856538414128 -0.43065062935877163
 -1.2302700499629478 -0.4163020955563657 -0.4680682094320361
 0.4323019444559998 -0.5728039107315129 -0.2977541343552718
 0.0329528634134418 0.06582287637659524 -0.6423878285952362]",0,1
62,"[-0.34849469510302294 -1.3087339608588808 -0.36512884513192057
 -0.4169721066676132 0.08458639374562855 -0.5069388470848816
 -0.3986511807804962 -0.18346689369493985 0.25698301807598756
 -0.6596257181518554 -0.6115624937196269 -0.8009765600779964
 5.464395572153055 -0.5121377917775372 0.626693415733724
 -0.6345860264715779 -0.31312086805784695 0.1699322425852229
 -0.01606663744516459 -0.5712856538414128 -0.43065062935877163
 -1.2302700499629478 -0.4163020955563657 -0.4680682094320361
 0.4323019444559998 -0.5728039107315129 -0.2977541343552718
 0.0329528634134418 0.06582287637659524 -0.6423878285952362]",0,1
62,"[-0.34849469510302294 -1.3087339608588808 -0.36512884513192057
 -0.4169721066676132 0.08458639374562855 -0.5069388470848816
 -0.3986511807804962 -0.18346689369493985 0.25698301807598756
 -0.6596257181518554 -0.6115624937196269 -0.8009765600779964
 5.781372624175876 -0.5121377917775372 0.626693415733724
 -0.6345860264715779 -0.31312086805784695 0.1699322425852229
 -0.01606663744516459 -0.5712856538414128 -0.43065062935877163
 -1.2302700499629478 -0.4163020955563657 -0.4680682094320361
 0.4323019444559998 -0.5728039107315129 -0.2977541343552718
 0.0329528634134418 0.06582287637659524 -0.6423878285952362]",0,1
63,"[-0.3859070154493952 0.14974507301345813 -0.3193556566881838
 -0.4422243318029861 0.9905054826707004 0.6826881493426558
 0.5401888122503665 0.6392123913067511 1.136827055063584
 1.5649636858275304 -0.19353899312183814 -0.531957256094753
 -0.034713924893951524 -0.28645407235295095 -0.5177833816057964
 -0.19182744009284927 0.03241613365574457 0.20134441405236922
 3.291213540994441 0.10941488662798825 -0.18094998773398438
 -1.084376123620263 -0.04175535223222958 -0.2541882743357929
 0.9993485501822571 0.6925967083072366 0.9735703412465901
 1.1534998411298303 1.003374036873462 1.4058238443120998]",1,0
63,"[-0.3859070154493952 0.14974507301345813 -0.3193556566881838
 -0.4422243318029861 0.9905054826707004 0.6826881493426558
 0.5401888122503665 0.6392123913067511 1.136827055063584
 1.5649636858275304 -0.19353899312183814 -0.531957256094753
 -0.034713924893951524 -0.28645407235295095 -0.5177833816057964
 -0.19182744009284927 0.03241613365574457 0.20134441405236922
 3.291213540994441 0.10941488662798825 -0.18094998773398438
 -1.084376123620263 -0.04175535223222958 -0.2541882743357929
 0.9993485501822571 0.6925967083072366 0.9735703412465901
 1.1534998411298303 1.003374036873462 1.4058238443120998]",1,0
63,"[-0.3859070154493952 0.14974507301345813 -0.3193556566881838
 -0.4422243318029861 0.9905054826707004 0.6826881493426558
 0.5401888122503665 0.6392123913067511 1.136827055063584
 1.5649636858275304 -0.19353899312183814 -0.531957256094753
 -0.034713924893951524 -0.28645407235295095 -0.5177833816057964
 -0.19182744009284927 0.03241613365574457 0.20134441405236922
 2.9196457323250966 0.10941488662798825 -0.18094998773398438
 -1.4052111286556919 -0.04175535223222958 -0.2541882743357929
 0.9993485501822571 0.6925967083072366 0.9735703412465901
 1.1534998411298303 1.003374036873462 1.4058238443120998]",1,0
64,"[-0.3565116208915312 -0.23618363237808584 -0.3403027090268431
 -0.4385417156374109 0.6581229910276211 0.09884438642592495
 -0.16761888863470464 -0.03790287983442247 -0.04391602487647996
 -0.21299551709634115 -0.8065477719603518 0.22849590319309168
 -0.7856860664740399 -0.607456237073579 -0.5072698152260372
 -0.36123072531601497 -0.01560215390633205 0.25590239607425525
 -0.8099318166639731 -0.505810645843183 -0.49019462851545137
 0.09862619376634729 0.7105814019429475 -0.5258735972958856
 0.3815216514058881 -0.08863478285158811 0.19280111248962917
 0.2752729831030935 -0.4137468784170329 -0.4140958984643483]",0,1
64,"[-0.3565116208915312 -0.23618363237808584 -0.3403027090268431
 -0.4385417156374109 0.6581229910276211 0.09884438642592495
 -0.16761888863470464 -0.03790287983442247 -0.04391602487647996
 -0.21299551709634115 -0.8065477719603518 0.22849590319309168
 -0.7856860664740399 -0.607456237073579 -0.5072698152260372
 -0.36123072531601497 -0.01560215390633205 0.25590239607425525
 -0.8099318166639731 -0.505810645843183 -0.49019462851545137
 0.09862619376634729 0.7105814019429475 -0.5258735972958856
 0.3815216514058881 -0.08863478285158811 0.19280111248962917
 0.2752729831030935 -0.4137468784170329 -0.4140958984643483]",0,1
64,"[-0.3565116208915312 -0.23618363237808584 -0.3403027090268431
 -0.4385417156374109 0.6581229910276211 0.09884438642592495
 -0.16761888863470464 -0.03790287983442247 -0.04391602487647996
 -0.21299551709634115 -0.8065477719603518 0.22849590319309168
 -0.7856860664740399 -0.607456237073579 -0.5072698152260372
 -0.36123072531601497 -0.01560215390633205 0.25590239607425525
 -0.8099318166639731 -0.505810645843183 -0.49019462851545137
 0.09862619376634729 0.8514474742507473 -0.5258735972958856
 0.3815216514058881 -0.08863478285158811 0.19280111248962917
 0.2752729831030935 -0.4137468784170329 -0.4140958984643483]",0,1
65,"[-0.3698731638723783 -0.26933088314791187 -0.3659046618852041
 -0.4569547964652872 0.7712744775444141 0.08252577193446357
 -0.6956410218844027 -0.5786731913262446 -0.3600504624088197
 0.12661466773181518 -0.8543416767511511 -1.145397049262177
 -0.8189569841389805 -0.6793357204115777 -0.893643379682194
 -0.6439362077988305 -0.5979861145409767 -0.7858244061072701
 -0.7633743099127949 -0.7760946727627048 -0.3845520493665032
 1.6157988666155285 -0.3557136517833436 -0.45425914455344996
 1.210933104557725 0.2479143976320736 -0.17417914850884622
 0.23708920666714814 0.9000583662266036 0.10931815211677504]",0,1
65,"[-0.3698731638723783 -0.26933088314791187 -0.3659046618852041
 -0.4569547964652872 0.7712744775444141 0.08252577193446357
 -0.6956410218844027 -0.5786731913262446 -0.3600504624088197
 0.12661466773181518 -0.8543416767511511 -1.145397049262177
 -0.8189569841389805 -0.6793357204115777 -0.893643379682194
 -0.6439362077988305 -0.5979861145409767 -0.7858244061072701
 -0.7633743099127949 -0.7760946727627048 -0.3845520493665032
 1.6157988666155285 -0.3557136517833436 -0.45425914455344996
 1.210933104557725 0.2479143976320736 -0.17417914850884622
 0.23708920666714814 0.9000583662266036 0.10931815211677504]",0,1
65,"[-0.3698731638723783 -0.26933088314791187 -0.3659046618852041
 -0.4569547964652872 0.7712744775444141 0.08252577193446357
 -0.6956410218844027 -0.5786731913262446 -0.3600504624088197
 0.12661466773181518 -0.8543416767511511 -1.145397049262177
 -0.8189569841389805 -0.6793357204115777 -0.893643379682194
 -0.6439362077988305 -0.5979861145409767 -0.7858244061072701
 -0.7633743099127949 -0.7760946727627048 -0.3845520493665032
 1.6345440015072348 -0.3557136517833436 -0.45425914455344996
 1.210933104557725 0.2479143976320736 -0.17417914850884622
 0.23708920666714814 0.9000583662266036 0.10931815211677504]",0,1
66,"[-1.36931657883976 -0.39481690391939583 -1.402007935895545
 -1.148760547569781 -1.9160733272294124 -1.5558631230082625
 -1.202199821103855 -1.3433694774734959 -0.6266698675565764
 0.31211602919257164 -0.3206430732538916 6.959662009196358
 -0.44489680982029095 -0.5538814668837662 -1.9074515663018476
 -1.0671144144569598 -1.0875779789407978 -2.004120677377808
 2.155423228718764 -0.8156192202738313 -1.4183127056931217
 -0.9675034123489693 2.924439527063959 -1.1222325154246002
 -2.6496386745770786 -1.4840989028678684 3.6602372438763005
 -1.8586126769518376 -1.5810597542330342 -1.0166368943835777]",0,1
66,"[-1.36931657883976 -0.39481690391939583 -1.402007935895545
 -1.148760547569781 -1.9160733272294124 -1.5558631230082625
 -1.202199821103855 -1.3433694774734959 -0.6266698675565764
 0.31211602919257164 -0.3206430732538916 6.959662009196358
 -0.44489680982029095 -0.5538814668837662 -1.9074515663018476
 -1.0671144144569598 -1.0875779789407978 -2.004120677377808
 2.155423228718764 -0.8156192202738313 -1.4183127056931217
 -0.9675034123489693 2.924439527063959 -1.1222325154246002
 -2.6496386745770786 -1.4840989028678684 3.6602372438763005
 -1.8586126769518376 -1.5810597542330342 -1.0166368943835777]",0,1
66,"[-1.36931657883976 -0.39481690391939583 -1.402007935895545
 -1.148760547569781 -1.9160733272294124 -1.5558631230082625
 -1.202199821103855 -1.3433694774734959 -0.6266698675565764
 0.31211602919257164 -0.3206430732538916 6.959662009196358
 -0.44489680982029095 -0.5538814668837662 -1.9074515663018476
 -1.0671144144569598 -1.0875779789407978 -2.004120677377808
 2.155423228718764 -0.8156192202738313 -1.4183127056931217
 -0.9675034123489693 3.1529080467089337 -1.1222325154246002
 -2.6496386745770786 -1.4840989028678684 3.5144357286165664
 -1.8586126769518376 -1.5810597542330342 -1.0166368943835777]",0,1
68,"[-0.6371040234893253 0.0005824445492418876 -0.63782843391113
 -0.6668639179030766 -0.854570944343751 -0.14230847217011586
 -0.3786348130893682 -0.5915313458839235 -0.13913724100067876
 0.029583186352341227 -0.2849708109824977 -0.3246987218992118
 6.410190850038677 -0.4058811642344085 -0.0987426644696729
 0.4153843355122642 5.471295631609041 0.3154201946435855
 0.8912078530906162 0.36732254008442994 -0.7475783668056165
 -0.5926006937150116 -0.7349422293990319 -0.7248204738606345
 -1.2180575796726565 -0.33892045498023193 -0.5252444492089186
 -0.7388000026284482 -0.3844484046515056 -0.3723938597050758]",0,1
68,"[-0.6371040234893253 0.0005824445492418876 -0.63782843391113
 -0.6668639179030766 -0.854570944343751 -0.14230847217011586
 -0.3786348130893682 -0.5915313458839235 -0.13913724100067876
 0.029583186352341227 -0.2849708109824977 -0.3246987218992118
 6.410190850038677 -0.4058811642344085 -0.0987426644696729
 0.4153843355122642 5.471295631609041 0.3154201946435855
 0.8912078530906162 0.36732254008442994 -0.7475783668056165
 -0.5926006937150116 -0.7349422293990319 -0.7248204738606345
 -1.2180575796726565 -0.33892045498023193 -0.5252444492089186
 -0.7388000026284482 -0.3844484046515056 -0.3723938597050758]",0,1
68,"[-0.6371040234893253 0.0005824445492418876 -0.63782843391113
 -0.6668639179030766 -0.854570944343751 -0.14230847217011586
 -0.3786348130893682 -0.5915313458839235 -0.13913724100067876
 0.029583186352341227 -0.2849708109824977 -0.3246987218992118
 6.410190850038677 -0.4058811642344085 -0.0987426644696729
 0.4153843355122642 5.726223843604925 0.3154201946435855
 0.8912078530906162 0.36732254008442994 -0.7475783668056165
 -0.5926006937150116 -0.7349422293990319 -0.7248204738606345
 -1.2180575796726565 -0.33892045498023193 -0.5252444492089186
 -0.7388000026284482 -0.3844484046515056 -0.3723938597050758]",0,1
69,"[1.1613596617327284 -0.9346435593137029 1.1415072897449663
 1.1368288711933168 -0.682722124196372 0.1677452031676509
 0.23632588103565122 1.001909392509207 -0.29149118679939684
 3.2107732727633604 1.9170121358283887 4.959158784049003
 1.8084949137437591 1.6250490823777426 0.9811507965370394
 0.24268098629124477 0.3218236505839356 2.6151218004752024
 1.3878212584365168 -0.14729505326751022 0.8985250937516339
 -1.472952613364394 0.875333364877604 0.7904835407814436
 -0.9049124391969626 -0.4251839633352498 -0.35673310487288395
 0.751101581766409 -0.7576184389282197 -1.181306483330448]",1,0
69,"[1.1613596617327284 -0.9346435593137029 1.1415072897449663
 1.1368288711933168 -0.682722124196372 0.1677452031676509
 0.23632588103565122 1.001909392509207 -0.29149118679939684
 3.2107732727633604 1.9170121358283887 4.959158784049003
 1.8084949137437591 1.6250490823777426 0.9811507965370394
 0.24268098629124477 0.3218236505839356 2.6151218004752024
 1.3878212584365168 -0.14729505326751022 0.8985250937516339
 -1.472952613364394 0.875333364877604 0.7904835407814436
 -0.9049124391969626 -0.4251839633352498 -0.35673310487288395
 0.751101581766409 -0.7576184389282197 -1.181306483330448]",1,0
69,"[1.1613596617327284 -0.9346435593137029 1.1415072897449663
 1.1368288711933168 -0.682722124196372 0.1677452031676509
 0.23632588103565122 1.001909392509207 -0.29149118679939684
 3.211314676911302 1.9170121358283887 5.299087524172045 1.8084949137437591
 1.6250490823777426 0.9811507965370394 0.24268098629124477
 0.3218236505839356 2.6151218004752024 1.3878212584365168
 -0.14729505326751022 0.8985250937516339 -1.472952613364394
 0.875333364877604 0.7904835407814436 -0.9049124391969626
 -0.4251839633352498 -0.35673310487288395 0.751101581766409
 -0.7576184389282197 -1.181306483330448]",1,0
70,"[-0.6477932578740034 -1.147733028548298 -0.7084277584599442
 -0.6531856292880829 -1.2258492594769774 -1.36566060521334
 -1.0752285248462774 -1.0745612652110739 -1.0342166725681474
 -0.6767489207482333 -1.1469927604339443 -1.0171392543349547
 -1.1450119772553986 7.198627708557639 -1.3246996012523282
 -1.1664463407923613 -0.8769139646566336 -1.3821596823283084
 -0.32645001578635297 -0.9465692362702909 -0.7975184951305743
 3.2253811411445485 -0.8528142927392748 -0.7375055450863126
 -1.2730695638102782 -1.1774989545102799 -1.124255469616762
 -1.2635332072654935 -0.051371018685513116 -0.8968771933313083]",0,1
70,"[-0.6477932578740034 -1.147733028548298 -0.7084277584599442
 -0.6531856292880829 -1.2258492594769774 -1.36566060521334
 -1.0752285248462774 -1.0745612652110739 -1.0342166725681474
 -0.6767489207482333 -1.1469927604339443 -1.0171392543349547
 -1.1450119772553986 7.198627708557639 -1.3246996012523282
 -1.1664463407923613 -0.8769139646566336 -1.3821596823283084
 -0.32645001578635297 -0.9465692362702909 -0.7975184951305743
 3.2253811411445485 -0.8528142927392748 -0.7375055450863126
 -1.2730695638102782 -1.1774989545102799 -1.124255469616762
 -1.2635332072654935 -0.051371018685513116 -0.8968771933313083]",0,1
70,"[-0.6477932578740034 -1.147733028548298 -0.7084277584599442
 -0.6531856292880829 -1.2258492594769774 -1.36566060521334
 -1.0752285248462774 -1.0745612652110739 -1.0342166725681474
 -0.6767489207482333 -1.1469927604339443 -1.0171392543349547
 -1.1450119772553986 7.929806685288545 -1.3246996012523282
 -1.1664463407923613 -0.8769139646566336 -1.3821596823283084
 -0.32645001578635297 -0.9465692362702909 -0.7975184951305743
 3.2253811411445485 -0.8528142927392748 -0.7375055450863126
 -1.2730695638102782 -1.1774989545102799 -1.124255469616762
 -1.2635332072654935 -0.051371018685513116 -0.8968771933313083]",0,1
71,"[-0.6798609610280368 -0.9441142023907958 -0.6998937741738239
 -0.6868552628019138 -1.1169409537045645 -0.6657733614684394
 -0.738688270473154 -0.9420980125980031 -0.5733459865270256
 -1.0762903146637106 -0.7213499416811008 -0.7121244096778969
 8.866434777886829 -0.6291093733586283 -0.2992513947122269
 -0.22097800540722515 -0.4007217980697433 -0.9405706823875284
 0.037653562652348635 -0.8008474196888649 -0.7687068826354064
 -1.1750388458784813 1.1584723328983628 -0.7322067178654597
 -1.0233997896472249 -0.6475251186728314 -0.7503943287245649
 -1.1514785094938547 -0.6974794664621375 -1.1519011995899349]",0,1
71,"[-0.6798609610280368 -0.9441142023907958 -0.6998937741738239
 -0.6868552628019138 -1.1169409537045645 -0.6657733614684394
 -0.738688270473154 -0.9420980125980031 -0.5733459865270256
 -1.0762903146637106 -0.7213499416811008 -0.7121244096778969
 8.866434777886829 -0.6291093733586283 -0.2992513947122269
 -0.22097800540722515 -0.4007217980697433 -0.9405706823875284
 0.037653562652348635 -0.8008474196888649 -0.7687068826354064
 -1.1750388458784813 1.1584723328983628 -0.7322067178654597
 -1.0233997896472249 -0.6475251186728314 -0.7503943287245649
 -1.1514785094938547 -0.6974794664621375 -1.1519011995899349]",0,1
71,"[-0.6798609610280368 -0.9441142023907958 -0.6998937741738239
 -0.6868552628019138 -1.1169409537045645 -0.6657733614684394
 -0.738688270473154 -0.9420980125980031 -0.5733459865270256
 -1.0762903146637106 -0.7213499416811008 -0.7121244096778969
 8.85098088477345 -0.6291093733586283 -0.2992513947122269
 -0.22097800540722515 -0.4007217980697433 -0.9405706823875284
 0.037653562652348635 -0.8008474196888649 -0.7687068826354064
 -1.1750388458784813 1.2560869951577898 -0.7322067178654597
 -1.0233997896472249 -0.6475251186728314 -0.7503943287245649
 -1.1514785094938547 -0.6974794664621375 -1.1519011995899349]",0,1
72,"[-0.44737011316129316 -0.29063983007137134 -0.4225392848749117
 -0.5003570584167099 1.3582478138502765 0.25115145501289826
 0.27611745536138776 0.4373636254201671 1.1825332388031986
 0.7830041005929547 -0.5519932790528334 -0.6018643850875816
 -0.6031713181406513 -0.496735045347966 -0.09799169544254746
 -0.15277668278491177 -0.14505686159057898 0.0046050243370835105
 5.9784621367771225 -0.03510921639249454 -0.32308727604347864
 0.22415165759468125 -0.3309274702398348 -0.3906732179032154
 1.8964670607342446 0.8809184518991774 0.9267616344865804
 1.2078382922117523 1.4891118914072015 1.7800729101004413]",1,0
72,"[-0.44737011316129316 -0.29063983007137134 -0.4225392848749117
 -0.5003570584167099 1.3582478138502765 0.25115145501289826
 0.27611745536138776 0.4373636254201671 1.1825332388031986
 0.7830041005929547 -0.5519932790528334 -0.6018643850875816
 -0.6031713181406513 -0.496735045347966 -0.09799169544254746
 -0.15277668278491177 -0.14505686159057898 0.0046050243370835105
 5.9784621367771225 -0.03510921639249454 -0.32308727604347864
 0.22415165759468125 -0.3309274702398348 -0.3906732179032154
 1.8964670607342446 0.8809184518991774 0.9267616344865804
 1.2078382922117523 1.4891118914072015 1.7800729101004413]",1,0
72,"[-0.44737011316129316 -0.29063983007137134 -0.4225392848749117
 -0.5003570584167099 1.3582478138502765 0.25115145501289826
 0.27611745536138776 0.4373636254201671 1.1825332388031986
 0.7830041005929547 -0.5519932790528334 -0.6018643850875816
 -0.6031713181406513 -0.496735045347966 -0.09799169544254746
 -0.15277668278491177 -0.14505686159057898 0.0046050243370835105
 6.063367965717039 -0.03510921639249454 -0.32308727604347864
 0.22415165759468125 -0.3309274702398348 -0.3906732179032154
 1.8964670607342446 0.8809184518991774 0.9267616344865804
 1.2078382922117523 1.4891118914072015 1.7800729101004413]",1,0
73,"[-0.35116700369919235 -2.1184739439503417 -0.3476729681830379
 -0.435648231507316 2.2988195455211153 -0.0824735523680907
 -0.37296752826115726 0.24715998064242403 2.2299666161693854
 0.5889411378340087 -0.12600412765657812 -0.37395577755811554
 5.767460120922099 -0.3092233496836214 2.480835943707002
 0.12387868236850502 -0.7105695320007103 -0.641989726231389
 0.690652439393233 0.9713694126534647 -0.6284903684922567
 -2.3633465701200427 -0.6459873778595494 -0.6377912510211722
 0.47885054641860364 -0.812154771941915 -1.01678267889578
 -0.7708156305632022 -0.345897781275812 -0.6787434521289608]",0,1
73,"[-0.35116700369919235 -2.1184739439503417 -0.3476729681830379
 -0.435648231507316 2.2988195455211153 -0.0824735523680907
 -0.37296752826115726 0.24715998064242403 2.2299666161693854
 0.5889411378340087 -0.12600412765657812 -0.37395577755811554
 5.767460120922099 -0.3092233496836214 2.480835943707002
 0.12387868236850502 -0.7105695320007103 -0.641989726231389
 0.690652439393233 0.9713694126534647 -0.6284903684922567
 -2.3633465701200427 -0.6459873778595494 -0.6377912510211722
 0.47885054641860364 -0.812154771941915 -1.01678267889578
 -0.7708156305632022 -0.345897781275812 -0.6787434521289608]",0,1
73,"[-0.35116700369919235 -2.1184739439503417 -0.3476729681830379
 -0.435648231507316 2.2988195455211153 -0.0824735523680907
 -0.37296752826115726 0.24715998064242403 2.2299666161693854
 0.5889411378340087 -0.12600412765657812 -0.37395577755811554
 6.2394482606557435 -0.3092233496836214 2.480835943707002
 0.12387868236850502 -0.7105695320007103 -0.641989726231389
 0.690652439393233 0.9713694126534647 -0.6284903684922567
 -2.3633465701200427 -0.6459873778595494 -0.6377912510211722
 0.47885054641860364 -0.812154771941915 -1.01678267889578
 -0.7708156305632022 -0.345897781275812 -0.6787434521289608]",0,1
74,"[-1.1662211255308805 -1.1619389931639375 -1.1397818732856648
 -1.0290755221885854 0.11075267500263654 -0.14412165155805606
 -0.43832217457797296 -0.8052678395691167 0.40933696387470564
 0.9799209304512977 -0.4117285584711396 -0.15987703565595707
 8.942254959930814 -0.5744184621231945 0.21441141984173112
 0.6892896473341364 0.6199912605133164 0.08561536127867188
 0.20000794516927786 0.438786115887376 -1.0030413309294373
 -0.8436516213716795 -0.9200123849238993 -0.90289318258566
 -0.04587914843255873 0.17015574221346563 -0.04077433424281891
 -0.4913397591878041 0.1321299485827877 0.6338014857430075]",0,1
74,"[-1.1662211255308805 -1.1619389931639375 -1.1397818732856648
 -1.0290755221885854 0.11075267500263654 -0.14412165155805606
 -0.43832217457797296 -0.8052678395691167 0.40933696387470564
 0.9799209304512977 -0.4117285584711396 -0.15987703565595707
 8.942254959930814 -0.5744184621231945 0.21441141984173112
 0.6892896473341364 0.6199912605133164 0.08561536127867188
 0.20000794516927786 0.438786115887376 -1.0030413309294373
 -0.8436516213716795 -0.9200123849238993 -0.90289318258566
 -0.04587914843255873 0.17015574221346563 -0.04077433424281891
 -0.4913397591878041 0.1321299485827877 0.6338014857430075]",0,1
74,"[-1.1662211255308805 -1.1619389931639375 -1.1397818732856648
 -1.0290755221885854 0.11075267500263654 -0.14412165155805606
 -0.43832217457797296 -0.8052678395691167 0.40933696387470564
 0.9799209304512977 -0.4117285584711396 -0.15987703565595707
 8.942254959930814 -0.5744184621231945 0.21441141984173112
 0.6892896473341364 0.6199912605133164 0.08561536127867188
 0.20000794516927786 0.438786115887376 -1.0030413309294373
 -0.8436516213716795 -0.9200123849238993 -0.90289318258566
 -0.04587914843255873 0.17015574221346563 -0.04077433424281891
 -0.4913397591878041 0.1321299485827877 0.6338014857430075]",0,1
75,"[-0.49012705070000473 0.5522474037899151 -0.5765389104017201
 -0.5219266673865078 -2.4104038839496513 -1.6294782061586328
 -1.1829672268464155 -1.2984387185285495 -1.6093528179583065
 -1.418754366591262 -0.9468124925420457 -0.13145950354505126
 -0.9815091818734047 -0.7179542005900679 -1.2672504706772145
 -1.3137391972299062 -1.0358285406559924 -1.6979346691822543
 -0.454184713795996 -1.1029507035441117 -0.6438565618230129
 0.40323465265643776 0.38280931632251725 -0.6324924238003193
 -2.2230842129561332 -1.4413923913371798 2.912813263658254
 -1.722634374636293 -0.9858381293123253 -1.399440224532795]",0,1
75,"[-0.49012705070000473 0.5522474037899151 -0.5765389104017201
 -0.5219266673865078 -2.4104038839496513 -1.6294782061586328
 -1.1829672268464155 -1.2984387185285495 -1.6093528179583065
 -1.418754366591262 -0.9468124925420457 -0.13145950354505126
 -0.9815091818734047 -0.7179542005900679 -1.2672504706772145
 -1.3137391972299062 -1.0358285406559924 -1.6979346691822543
 -0.454184713795996 -1.1029507035441117 -0.6438565618230129
 0.40323465265643776 0.38280931632251725 -0.6324924238003193
 -2.2230842129561332 -1.4413923913371798 2.912813263658254
 -1.722634374636293 -0.9858381293123253 -1.399440224532795]",0,1
75,"[-0.49012705070000473 0.5522474037899151 -0.5765389104017201
 -0.5219266673865078 -2.4104038839496513 -1.6294782061586328
 -1.1829672268464155 -1.2984387185285495 -1.6093528179583065
 -1.418754366591262 -0.9468124925420457 -0.13145950354505126
 -0.9815091818734047 -0.7179542005900679 -1.2672504706772145
 -1.3137391972299062 -1.0358285406559924 -1.6979346691822543
 -0.454184713795996 -1.1029507035441117 -0.6438565618230129
 0.40323465265643776 0.22971724399340987 -0.6324924238003193
 -2.2230842129561332 -1.4413923913371798 3.229190841496006
 -1.722634374636293 -0.9858381293123253 -1.399440224532795]",0,1
76,"[-0.06255767531288957 -0.9938350785455349 -0.16264067252488223
 -0.1576107110063846 -1.4436658710218035 -1.3435398166804702
 -1.0277197967119132 -0.8879967207798442 -0.7066556891009029
 -1.3887887620476012 -0.451903145106884 -0.5681422469826399
 8.54143425593492 -0.39293392810520383 -0.6615939503003623
 -1.1064401770980516 -0.914809478084002 -0.9585913491765756
 -0.5962447984983088 -1.132294685787221 -0.17134611690226167
 -0.8135255100528793 -0.3061412886963256 -0.25996881312217784
 -1.3830935320855222 -1.2193549807473274 -1.1943281036364963
 -1.0049115522512655 -0.6234622695808059 -1.4785671698709015]",0,1
76,"[-0.06255767531288957 -0.9938350785455349 -0.16264067252488223
 -0.1576107110063846 -1.4436658710218035 -1.3435398166804702
 -1.0277197967119132 -0.8879967207798442 -0.7066556891009029
 -1.3887887620476012 -0.451903145106884 -0.5681422469826399
 8.54143425593492 -0.39293392810520383 -0.6615939503003623
 -1.1064401770980516 -0.914809478084002 -0.9585913491765756
 -0.5962447984983088 -1.132294685787221 -0.17134611690226167
 -0.8135255100528793 -0.3061412886963256 -0.25996881312217784
 -1.3830935320855222 -1.2193549807473274 -1.1943281036364963
 -1.0049115522512655 -0.6234622695808059 -1.4785671698709015]",0,1
76,"[-0.06255767531288957 -0.9938350785455349 -0.16264067252488223
 -0.1576107110063846 -1.4436658710218035 -1.3435398166804702
 -1.0277197967119132 -0.8879967207798442 -0.7066556891009029
 -1.3887887620476012 -0.451903145106884 -0.5681422469826399
 8.942254959930814 -0.39293392810520383 -0.6615939503003623
 -1.1064401770980516 -0.914809478084002 -0.9585913491765756
 -0.5962447984983088 -1.132294685787221 -0.17134611690226167
 -0.8135255100528793 -0.3061412886963256 -0.25996881312217784
 -1.3830935320855222 -1.2193549807473274 -1.1943281036364963
 -1.0049115522512655 -0.6234622695808059 -1.4785671698709015]",0,1
77,"[0.07640237168792326 2.3493019276683325 -0.0063135967382232806
 -0.01398868054894968 -0.9472137239293755 -1.1459032633949928
 -0.637159465678396 -0.678869754200234 0.1312910127920454
 -1.3331383536093737 0.07486880552214385 0.7873740347075762
 -0.05847886608319475 -0.02505383946848958 2.8504031972070143
 -0.6527363784597743 -0.2800271833866861 -0.501792245156967
 1.3818523473145716 -0.7908664733476714 -0.01768418359470023
 1.7237625321305106 -0.12988399772026174 -0.11449192033148982
 -0.8033518530967376 -1.0505336499595843 -0.692351532342153
 -0.8930037151582264 0.4605812597436966 -1.227285654270158]",1,0
77,"[0.07640237168792326 2.3493019276683325 -0.0063135967382232806
 -0.01398868054894968 -0.9472137239293755 -1.1459032633949928
 -0.637159465678396 -0.678869754200234 0.1312910127920454
 -1.3331383536093737 0.07486880552214385 0.7873740347075762
 -0.05847886608319475 -0.02505383946848958 2.8504031972070143
 -0.6527363784597743 -0.2800271833866861 -0.501792245156967
 1.3818523473145716 -0.7908664733476714 -0.01768418359470023
 1.7237625321305106 -0.12988399772026174 -0.11449192033148982
 -0.8033518530967376 -1.0505336499595843 -0.692351532342153
 -0.8930037151582264 0.4605812597436966 -1.227285654270158]",1,0
77,"[0.07640237168792326 2.3493019276683325 -0.0063135967382232806
 -0.01398868054894968 -0.9472137239293755 -1.1459032633949928
 -0.637159465678396 -0.678869754200234 0.1312910127920454
 -1.3331383536093737 0.07486880552214385 0.7873740347075762
 -0.05847886608319475 -0.02505383946848958 2.713746926060243
 -0.6527363784597743 -0.2800271833866861 -0.501792245156967
 1.3818523473145716 -0.7908664733476714 -0.01768418359470023
 1.7237625321305106 -0.14190348782444204 -0.11449192033148982
 -0.8033518530967376 -1.0505336499595843 -0.692351532342153
 -0.8930037151582264 0.4605812597436966 -1.227285654270158]",1,0
78,"[-0.3939239412379039 -0.8280988246964052 -0.4178843843552101
 -0.450641740181444 -1.79938585675897 -0.6527184698752703
 -0.22646218642549076 -0.6640707461244147 -1.5065139045441727
 -0.5782905058190627 -0.9786750957359118 -0.13524850782650538
 6.470126381522209 -0.7108108978980927 -0.32816370225656505
 0.36093327954767535 5.910528140587956 -0.2880241519621228
 -0.9376665146736158 0.13776077423697794 -0.5939164334980555
 -0.6461582249484341 -0.6286370507790933 -0.595079492210661
 -1.3238498568603911 -0.11232687317444526 0.13194979370161658
 -0.540097504482934 -1.3667182882641777 -0.445105106772525]",0,1
78,"[-0.3939239412379039 -0.8280988246964052 -0.4178843843552101
 -0.450641740181444 -1.79938585675897 -0.6527184698752703
 -0.22646218642549076 -0.6640707461244147 -1.5065139045441727
 -0.5782905058190627 -0.9786750957359118 -0.13524850782650538
 6.470126381522209 -0.7108108978980927 -0.32816370225656505
 0.36093327954767535 5.910528140587956 -0.2880241519621228
 -0.9376665146736158 0.13776077423697794 -0.5939164334980555
 -0.6461582249484341 -0.6286370507790933 -0.595079492210661
 -1.3238498568603911 -0.11232687317444526 0.13194979370161658
 -0.540097504482934 -1.3667182882641777 -0.445105106772525]",0,1
78,"[-0.3939239412379039 -0.8280988246964052 -0.4178843843552101
 -0.450641740181444 -1.79938585675897 -0.6527184698752703
 -0.22646218642549076 -0.6640707461244147 -1.5065139045441727
 -0.5782905058190627 -0.9786750957359118 -0.13524850782650538
 6.266070976267881 -0.7108108978980927 -0.32816370225656505
 0.36093327954767535 6.472938730482718 -0.2880241519621228
 -0.9376665146736158 0.13776077423697794 -0.5939164334980555
 -0.6461582249484341 -0.6286370507790933 -0.595079492210661
 -1.3238498568603911 -0.11232687317444526 0.13194979370161658
 -0.540097504482934 -1.3667182882641777 -0.445105106772525]",0,1
79,"[-0.10798692144777054 -1.114585777778472 -0.11260049193808584
 -0.22284562593943183 0.2196609807750495 -0.1296162164545349
 -0.17883287776286677 -0.0012692696795254842 -0.3562416137638522
 -0.210141649996944 -0.7130379582392226 -0.8941860654017681
 2.9617150663422045 -0.564819649130853 -0.4081419036454487
 -0.17422709877096187 -0.07724725280359246 0.4642146910669108
 -0.6439960874738762 -0.4802594232097276 -0.2885133410492774
 -1.1315233517513252 -0.17119430029277677 -0.37863042876491343
 -0.09242775039516261 0.011600983898961033 0.035991944843597
 0.48968957385878475 -0.3751962550413393 -0.41569982303201275]",0,1
79,"[-0.10798692144777054 -1.114585777778472 -0.11260049193808584
 -0.22284562593943183 0.2196609807750495 -0.1296162164545349
 -0.17883287776286677 -0.0012692696795254842 -0.3562416137638522
 -0.210141649996944 -0.7130379582392226 -0.8941860654017681
 2.9617150663422045 -0.564819649130853 -0.4081419036454487
 -0.17422709877096187 -0.07724725280359246 0.4642146910669108
 -0.6439960874738762 -0.4802594232097276 -0.2885133410492774
 -1.1315233517513252 -0.17119430029277677 -0.37863042876491343
 -0.09242775039516261 0.011600983898961033 0.035991944843597
 0.48968957385878475 -0.3751962550413393 -0.41569982303201275]",0,1
79,"[-0.10798692144777054 -1.114585777778472 -0.11260049193808584
 -0.22284562593943183 0.2196609807750495 -0.1296162164545349
 -0.17883287776286677 -0.0012692696795254842 -0.3562416137638522
 -0.210141649996944 -0.7130379582392226 -0.8941860654017681
 2.9951340361276046 -0.564819649130853 -0.4081419036454487
 -0.17422709877096187 -0.07724725280359246 0.4642146910669108
 -0.6439960874738762 -0.4802594232097276 -0.2885133410492774
 -1.1315233517513252 -0.17119430029277677 -0.37863042876491343
 -0.09242775039516261 0.011600983898961033 0.035991944843597
 0.48968957385878475 -0.3751962550413393 -0.41569982303201275]",0,1
80,"[2.527684107962985 -0.9962027393148081 -1.3139527343978485
 -1.1353453029666143 -0.11837908519386822 -0.45435664483461696
 -0.9212471902585029 -0.7572317149951459 -1.639823607118051
 0.9456745252585419 -0.6811753550453563 0.008733654868751781
 8.518134843823303 -0.6978636617688879 0.7280742343956891
 -0.3144798186797517 -0.7430143208940053 -0.8797302660722133
 -0.2022966644498778 -0.09459565658600812 -1.1739902317340993
 -0.6059900765233674 -1.1152724150833204 -1.005497746043993
 0.3434364316183033 -0.28728384786631267 -1.0216975931055807
 -0.8999061670524164 -0.666638967761583 0.4001631403865717]",0,1
80,"[2.527684107962985 -0.9962027393148081 -1.3139527343978485
 -1.1353453029666143 -0.11837908519386822 -0.45435664483461696
 -0.9212471902585029 -0.7572317149951459 -1.639823607118051
 0.9456745252585419 -0.6811753550453563 0.008733654868751781
 8.518134843823303 -0.6978636617688879 0.7280742343956891
 -0.3144798186797517 -0.7430143208940053 -0.8797302660722133
 -0.2022966644498778 -0.09459565658600812 -1.1739902317340993
 -0.6059900765233674 -1.1152724150833204 -1.005497746043993
 0.3434364316183033 -0.28728384786631267 -1.0216975931055807
 -0.8999061670524164 -0.666638967761583 0.4001631403865717]",0,1
80,"[2.4567293936332257 -0.9962027393148081 -1.3139527343978485
 -1.1353453029666143 -0.11837908519386822 -0.45435664483461696
 -0.9212471902585029 -0.7572317149951459 -1.639823607118051
 0.9456745252585419 -0.6811753550453563 0.008733654868751781
 8.942254959930814 -0.6978636617688879 0.7280742343956891
 -0.3144798186797517 -0.7430143208940053 -0.8797302660722133
 -0.2022966644498778 -0.09459565658600812 -1.1739902317340993
 -0.6059900765233674 -1.1152724150833204 -1.005497746043993
 0.3434364316183033 -0.28728384786631267 -1.0216975931055807
 -0.8999061670524164 -0.666638967761583 0.4001631403865717]",0,1
81,"[-0.9497641292411537 -1.6212651824029536 -0.9559133027574347
 -0.8859795797548042 0.1234822172357757 -0.6014054931965639
 -0.8085043963355827 -0.6749880471639536 -0.1848434247402944
 0.05954879089600324 -0.8868969452318405 -1.2922209651685246
 7.793780374981762 -0.7440719010576015 -0.12052076625631727
 -0.820489631684013 -0.6716357853287563 -0.5411401231000241
 -0.35987591806925007 -0.3648796835055299 -0.9665466217688915
 -1.7457612880846396 1.6343858103479947 -0.8754356233503313
 0.08530327528023157 -0.7343961165233073 -0.8196712147293792
 -0.5735817392036859 -0.3104312077701744 -0.2344563468859444]",0,1
81,"[-0.9497641292411537 -1.6212651824029536 -0.9559133027574347
 -0.8859795797548042 0.1234822172357757 -0.6014054931965639
 -0.8085043963355827 -0.6749880471639536 -0.1848434247402944
 0.05954879089600324 -0.8868969452318405 -1.2922209651685246
 7.793780374981762 -0.7440719010576015 -0.12052076625631727
 -0.820489631684013 -0.6716357853287563 -0.5411401231000241
 -0.35987591806925007 -0.3648796835055299 -0.9665466217688915
 -1.7457612880846396 1.6343858103479947 -0.8754356233503313
 0.08530327528023157 -0.7343961165233073 -0.8196712147293792
 -0.5735817392036859 -0.3104312077701744 -0.2344563468859444]",0,1
81,"[-0.9497641292411537 -1.6212651824029536 -0.9559133027574347
 -0.8859795797548042 0.1234822172357757 -0.6014054931965639
 -0.8085043963355827 -0.6749880471639536 -0.1848434247402944
 0.05954879089600324 -0.8868969452318405 -1.2922209651685246
 8.201019394898143 -0.7440719010576015 -0.12052076625631727
 -0.820489631684013 -0.6716357853287563 -0.5411401231000241
 -0.35987591806925007 -0.3648796835055299 -0.9665466217688915
 -1.7457612880846396 1.6919976427289716 -0.8754356233503313
 0.08530327528023157 -0.7343961165233073 -0.8196712147293792
 -0.5735817392036859 -0.3104312077701744 -0.2344563468859444]",0,1
84,"[-0.3297885349298366 1.1370596138004152 -0.3534915938326651
 -0.4004003339225244 -0.2838631342246782 -0.5553507367428838
 -0.5649317292507711 -0.594927839540669 -0.21531421390003777
 -0.14022190606173593 -0.7462858920067351 -0.39100629682465937
 -0.6720896475894569 -0.5954019137808712 2.47143967696431
 -0.7918890770359461 -0.5048695704172201 -0.8666694158306102
 -0.8003815588688595 -0.9046492616372779 -0.08875282774944752
 1.5112060800478657 -0.04450937240373042 -0.24728374189649963
 0.5634843681687912 0.10211691872218392 0.3603762826904636
 0.09316574163935509 0.8260411693452716 -0.2996826126376267]",1,0
84,"[-0.3297885349298366 1.1370596138004152 -0.3534915938326651
 -0.4004003339225244 -0.2838631342246782 -0.5553507367428838
 -0.5649317292507711 -0.594927839540669 -0.21531421390003777
 -0.14022190606173593 -0.7462858920067351 -0.39100629682465937
 -0.6720896475894569 -0.5954019137808712 2.47143967696431
 -0.7918890770359461 -0.5048695704172201 -0.8666694158306102
 -0.8003815588688595 -0.9046492616372779 -0.08875282774944752
 1.5112060800478657 -0.04450937240373042 -0.24728374189649963
 0.5634843681687912 0.10211691872218392 0.3603762826904636
 0.09316574163935509 0.8260411693452716 -0.2996826126376267]",1,0
84,"[-0.3297885349298366 1.1370596138004152 -0.3534915938326651
 -0.4004003339225244 -0.2838631342246782 -0.5553507367428838
 -0.5649317292507711 -0.594927839540669 -0.21531421390003777
 -0.14022190606173593 -0.7462858920067351 -0.39100629682465937
 -0.6720896475894569 -0.5954019137808712 2.63335715987552
 -0.7918890770359461 -0.5048695704172201 -0.8666694158306102
 -0.8003815588688595 -0.9046492616372779 -0.08875282774944752
 1.5112060800478657 -0.04450937240373042 -0.24728374189649963
 0.5634843681687912 0.10211691872218392 0.3603762826904636
 0.09316574163935509 0.8260411693452716 -0.2996826126376267]",1,0
86,"[0.5066440556712073 0.40308477532569886 0.5130957195851936
 0.38057733719125597 -0.03492986388773355 0.4415352907466147
 0.4232256998383532 0.11663758154749353 0.2988803531706346
 -0.8165884086186505 0.05201085105697895 -0.552607329428678
 -0.07511432491566512 -0.029295175441849862 -0.3818579876960504
 3.3382096260162775 0.11125697066645117 -0.028460419312544137
 0.9497031820856864 3.1589712956048785 0.5105287121500417
 -1.1769997996888846 -1.0074353629270554 0.3633659526763331
 0.9527999482196532 0.6798394289026213 1.1154007227294194
 0.8039714260623327 2.9740819038389175 0.09220962339502224]",1,0
86,"[0.5066440556712073 0.40308477532569886 0.5130957195851936
 0.38057733719125597 -0.03492986388773355 0.4415352907466147
 0.4232256998383532 0.11663758154749353 0.2988803531706346
 -0.8165884086186505 0.05201085105697895 -0.552607329428678
 -0.07511432491566512 -0.029295175441849862 -0.3818579876960504
 3.3382096260162775 0.11125697066645117 -0.028460419312544137
 0.9497031820856864 3.1589712956048785 0.5105287121500417
 -1.1769997996888846 -1.0074353629270554 0.3633659526763331
 0.9527999482196532 0.6798394289026213 1.1154007227294194
 0.8039714260623327 2.9740819038389175 0.09220962339502224]",1,0
86,"[0.5066440556712073 0.40308477532569886 0.5130957195851936
 0.38057733719125597 -0.03492986388773355 0.4415352907466147
 0.4232256998383532 0.11663758154749353 0.2988803531706346
 -0.8165884086186505 0.05201085105697895 -0.552607329428678
 -0.07511432491566512 -0.029295175441849862 -0.3818579876960504
 3.214223627318316 0.11125697066645117 -0.028460419312544137
 0.9497031820856864 3.1589712956048785 0.5105287121500417
 -1.1769997996888846 -1.4826688291745944 0.3633659526763331
 0.9527999482196532 0.6798394289026213 1.1154007227294194
 0.8039714260623327 2.9740819038389175 0.09220962339502224]",1,0
87,"[-0.29504852317963326 -0.46821438776686714 -0.33952689227355903
 -0.3677828764560008 -1.2131197172438384 -0.8247891937907912
 -0.8548073191873489 -1.02094518677245 -1.3122626236508077
 -0.9250353583957079 6.8205392786777965 -0.8600850268686809
 -0.757168137046948 -0.5587924874844991 -1.4850314885436586
 -0.5619846185187926 -0.5100607366401474 -1.0405936494276526
 -0.7932188655225245 -0.7006387184232815 -0.3864728235328477
 -0.694694737628723 -0.485428001861041 -0.4444643427209643
 -1.551938006477146 -0.5418219464631614 -0.6843940521929514
 -0.974658252459709 -0.9010267578857998 -0.7733750016211561]",0,1
87,"[-0.29504852317963326 -0.46821438776686714 -0.33952689227355903
 -0.3677828764560008 -1.2131197172438384 -0.8247891937907912
 -0.8548073191873489 -1.02094518677245 -1.3122626236508077
 -0.9250353583957079 6.8205392786777965 -0.8600850268686809
 -0.757168137046948 -0.5587924874844991 -1.4850314885436586
 -0.5619846185187926 -0.5100607366401474 -1.0405936494276526
 -0.7932188655225245 -0.7006387184232815 -0.3864728235328477
 -0.694694737628723 -0.485428001861041 -0.4444643427209643
 -1.551938006477146 -0.5418219464631614 -0.6843940521929514
 -0.974658252459709 -0.9010267578857998 -0.7733750016211561]",0,1
87,"[-0.29504852317963326 -0.46821438776686714 -0.33952689227355903
 -0.3677828764560008 -1.2131197172438384 -0.8247891937907912
 -0.8548073191873489 -1.02094518677245 -1.3122626236508077
 -0.9250353583957079 7.59013541757017 -0.8600850268686809
 -0.757168137046948 -0.5587924874844991 -1.4850314885436586
 -0.5619846185187926 -0.5100607366401474 -1.0405936494276526
 -0.7932188655225245 -0.7006387184232815 -0.3864728235328477
 -0.694694737628723 -0.485428001861041 -0.4444643427209643
 -1.551938006477146 -0.5418219464631614 -0.6843940521929514
 -0.974658252459709 -0.9010267578857998 -0.7733750016211561]",0,1
88,"[-0.08393614408224534 -1.398705070091265 -0.11686748408114601
 -0.2120608214545328 0.9410017073196032 -0.305131981207142
 -0.3707970787524807 0.23236097256660476 -0.6380964134914799
 -0.1530643080090191 -0.486536409448043 -0.9284765541489278
 5.622968518346878 -0.4643669550249541 -0.2478100163541182
 -0.7495382557301546 -0.563594638314084 -0.12600347807894632
 0.2549219274911802 -0.06704824468431386 -0.29811721188099977
 -1.6202358242563057 -0.32266540972533186 -0.4059274174783979
 0.038754673317627684 -0.7520133118915856 -0.7737986821045697
 -0.2886720227200957 -0.5062683745186976 -0.3478003496675562]",0,1
88,"[-0.08393614408224534 -1.398705070091265 -0.11686748408114601
 -0.2120608214545328 0.9410017073196032 -0.305131981207142
 -0.3707970787524807 0.23236097256660476 -0.6380964134914799
 -0.1530643080090191 -0.486536409448043 -0.9284765541489278
 5.622968518346878 -0.4643669550249541 -0.2478100163541182
 -0.7495382557301546 -0.563594638314084 -0.12600347807894632
 0.2549219274911802 -0.06704824468431386 -0.29811721188099977
 -1.6202358242563057 -0.32266540972533186 -0.4059274174783979
 0.038754673317627684 -0.7520133118915856 -0.7737986821045697
 -0.2886720227200957 -0.5062683745186976 -0.3478003496675562]",0,1
88,"[-0.08393614408224534 -1.398705070091265 -0.11686748408114601
 -0.2120608214545328 0.9410017073196032 -0.305131981207142
 -0.3707970787524807 0.23236097256660476 -0.6380964134914799
 -0.1530643080090191 -0.486536409448043 -0.9284765541489278
 5.710175511480448 -0.4643669550249541 -0.2478100163541182
 -0.7495382557301546 -0.563594638314084 -0.12600347807894632
 0.2549219274911802 -0.06704824468431386 -0.29811721188099977
 -1.6202358242563057 -0.32266540972533186 -0.4059274174783979
 0.038754673317627684 -0.7520133118915856 -0.7737986821045697
 -0.2886720227200957 -0.5062683745186976 -0.3478003496675562]",0,1
89,"[0.5333671416329024 -0.10122696852950898 0.4471512955560822
 0.40872304645672414 -1.5660109158180853 -0.6712128996322598
 -0.5812101005658452 -0.6711063401276731 0.10082022363230199
 -1.3702386259015256 0.11227273101059544 1.607693461642396
 0.14875142108700684 0.002403230253789382 2.0581979120061824
 0.025976783765506807 -0.09606523036170356 -0.1689885548234625
 -0.56520646066419 -0.8830904175402998 0.16671013637437282
 0.24423573180721486 0.1510260597728406 0.047042024643600876
 -1.9484474613767748 -0.6110757489453589 -0.5355423646961207
 -0.6196959922840194 -0.6280883443858895 -1.3304714681232295]",1,0
89,"[0.5333671416329024 -0.10122696852950898 0.4471512955560822
 0.40872304645672414 -1.5660109158180853 -0.6712128996322598
 -0.5812101005658452 -0.6711063401276731 0.10082022363230199
 -1.3702386259015256 0.11227273101059544 1.607693461642396
 0.14875142108700684 0.002403230253789382 2.0581979120061824
 0.025976783765506807 -0.09606523036170356 -0.1689885548234625
 -0.56520646066419 -0.8830904175402998 0.16671013637437282
 0.24423573180721486 0.1510260597728406 0.047042024643600876
 -1.9484474613767748 -0.6110757489453589 -0.5355423646961207
 -0.6196959922840194 -0.6280883443858895 -1.3304714681232295]",1,0
89,"[0.5333671416329024 -0.10122696852950898 0.4471512955560822
 0.40872304645672414 -1.5660109158180853 -0.6712128996322598
 -0.5812101005658452 -0.6711063401276731 0.10082022363230199
 -1.3702386259015256 0.11227273101059544 1.607693461642396
 0.14875142108700684 0.002403230253789382 2.0581979120061824
 0.025976783765506807 -0.09606523036170356 -0.1689885548234625
 -0.56520646066419 -0.8830904175402998 0.16671013637437282
 0.24423573180721486 0.1510260597728406 0.047042024643600876
 -1.9484474613767748 -0.6110757489453589 -0.5355423646961207
 -0.6196959922840194 -0.6280883443858895 -1.3304714681232295]",1,0
90,"[3.3462284580615926 -0.05624141391331724 0.0371321414456624
 -0.24967611514576593 -1.2887897738519436 2.067957201728936
 2.4188334425381712 0.5484774893336951 -0.43241858666321126
 2.198522181893501 -0.28981946799026004 0.527827241427968
 0.11072751518421751 -0.38512094078585607 -0.5613395851790854
 2.6577778220539745 3.56824922724703 1.7851791648695432 0.6834897460468977
 3.6925746231164784 -0.3941559201982256 -0.4821382855460776
 -0.21525862303679263 -0.4716007609126047 -1.8743928673453607
 0.8973206682765399 1.7585523536119516 0.3516405359749834
 -0.8270095610044678 1.2614706332223113]",0,1
90,"[3.3462284580615926 -0.05624141391331724 0.0371321414456624
 -0.24967611514576593 -1.2887897738519436 2.067957201728936
 2.4188334425381712 0.5484774893336951 -0.43241858666321126
 2.198522181893501 -0.28981946799026004 0.527827241427968
 0.11072751518421751 -0.38512094078585607 -0.5613395851790854
 2.6577778220539745 3.56824922724703 1.7851791648695432 0.6834897460468977
 3.6925746231164784 -0.3941559201982256 -0.4821382855460776
 -0.21525862303679263 -0.4716007609126047 -1.8743928673453607
 0.8973206682765399 1.7585523536119516 0.3516405359749834
 -0.8270095610044678 1.2614706332223113]",0,1
90,"[2.189928024665736 -0.05624141391331724 0.0371321414456624
 -0.24967611514576593 -1.2887897738519436 2.067957201728936
 2.4188334425381712 0.5484774893336951 -0.43241858666321126
 2.198522181893501 -0.28981946799026004 0.527827241427968
 0.11072751518421751 -0.38512094078585607 -0.5613395851790854
 2.6577778220539745 3.56824922724703 1.7851791648695432 0.6834897460468977
 3.6925746231164784 -0.3941559201982256 -0.5329412498176482
 -0.21525862303679263 -0.4716007609126047 -1.8743928673453607
 0.8973206682765399 1.7585523536119516 0.3516405359749834
 -0.8270095610044678 1.2614706332223113]",0,1
91,"[0.006922348187516605 0.07634758916598683 -0.029200190960091122
 -0.115523669114096 -0.05119539007452307 -0.4677741723053742
 -0.3793582962589271 -0.1422237564344599 -1.258938742621256
 -0.6853105220464217 -0.7417835676423845 0.8044245539741195
 -0.746236264099896 -0.5505330437469029 -0.5174078970922338
 -0.6835369757730771 -0.3890416740681571 -0.048299685502320895
 -0.041136064157337705 -0.7661137264215112 -0.25778095438776477
 0.31285631870003744 1.633353846374014 -0.3518151516169609
 -0.5155968591461 -0.806687366482794 -0.6207342109993382
 -0.3650395755919858 -0.8717282841202725 -0.995251233481387]",0,1
91,"[0.006922348187516605 0.07634758916598683 -0.029200190960091122
 -0.115523669114096 -0.05119539007452307 -0.4677741723053742
 -0.3793582962589271 -0.1422237564344599 -1.258938742621256
 -0.6853105220464217 -0.7417835676423845 0.8044245539741195
 -0.746236264099896 -0.5505330437469029 -0.5174078970922338
 -0.6835369757730771 -0.3890416740681571 -0.048299685502320895
 -0.041136064157337705 -0.7661137264215112 -0.25778095438776477
 0.31285631870003744 1.633353846374014 -0.3518151516169609
 -0.5155968591461 -0.806687366482794 -0.6207342109993382
 -0.3650395755919858 -0.8717282841202725 -0.995251233481387]",0,1
91,"[0.006922348187516605 0.07634758916598683 -0.029200190960091122
 -0.115523669114096 -0.05119539007452307 -0.4677741723053742
 -0.3793582962589271 -0.1422237564344599 -1.258938742621256
 -0.6853105220464217 -0.7417835676423845 0.8044245539741195
 -0.746236264099896 -0.5505330437469029 -0.5174078970922338
 -0.6835369757730771 -0.3890416740681571 -0.048299685502320895
 -0.041136064157337705 -0.7661137264215112 -0.25778095438776477
 0.31285631870003744 1.6418843064787265 -0.3518151516169609
 -0.5155968591461 -0.806687366482794 -0.6207342109993382
 -0.3650395755919858 -0.8717282841202725 -0.995251233481387]",0,1
92,"[-2.1012619033305784 0.78664581994797 0.13682459424261426
 -0.14051285023764237 0.5520434724181288 1.6092228165800764
 0.8440517434650819 0.8104927142826265 -0.30672658137926906
 0.6331760778746515 -0.5779682273087026 -0.4720909884477775
 0.20198488935091188 -0.4755283654811651 0.48363381606628353
 1.379553033551906 0.7134322525260057 1.1089908422346537 0.658420319334725
 0.2319809076978452 -0.24433553522335377 0.19569921912692587
 0.10420771685732347 -0.3500488758766766 -0.09242775039516261
 1.173728388709872 0.7315693272973399 0.6776712424665144
 0.10128944988223285 0.12856524692874682]",1,0
92,"[-2.1012619033305784 0.78664581994797 0.13682459424261426
 -0.14051285023764237 0.5520434724181288 1.6092228165800764
 0.8440517434650819 0.8104927142826265 -0.30672658137926906
 0.6331760778746515 -0.5779682273087026 -0.4720909884477775
 0.20198488935091188 -0.4755283654811651 0.48363381606628353
 1.379553033551906 0.7134322525260057 1.1089908422346537 0.658420319334725
 0.2319809076978452 -0.24433553522335377 0.19569921912692587
 0.10420771685732347 -0.3500488758766766 -0.09242775039516261
 1.173728388709872 0.7315693272973399 0.6776712424665144
 0.10128944988223285 0.12856524692874682]",1,0
92,"[-1.7607073956159027 0.78664581994797 0.13682459424261426
 -0.14051285023764237 0.5520434724181288 1.6092228165800764
 0.8440517434650819 0.8104927142826265 -0.30672658137926906
 0.6331760778746515 -0.5779682273087026 -0.4720909884477775
 0.20198488935091188 -0.4755283654811651 0.48363381606628353
 1.2947450467542887 0.7134322525260057 1.1089908422346537
 0.658420319334725 0.2319809076978452 -0.24433553522335377
 0.19569921912692587 0.10420771685732347 -0.3500488758766766
 -0.09242775039516261 1.173728388709872 0.7315693272973399
 0.6776712424665144 0.10128944988223285 0.12856524692874682]",1,0
93,"[-0.11600384723627878 -0.03730012775913059 -0.032691366349867766
 -0.19417382865031027 -0.6381687263803855 1.0580162826462682
 0.4401069737947261 0.2583198883717304 -0.3943301002135317
 1.3751815237176794 1.505222622812009 1.0582878408315466 6.891090945449796
 0.6832492680826596 0.3638542562397393 4.414511890244856 2.143922994831381
 2.57709654027813 2.487294687098957 7.6370446171561746 -0.3038795343800335
 -0.7499259417131903 1.8492887835629541 -0.37798814667753733
 -1.436836008896891 -0.14816875340645969 -0.37732893584728816
 -0.35916514844799424 -1.0213047028179634 0.18096011613911434]",0,1
93,"[-0.11600384723627878 -0.03730012775913059 -0.032691366349867766
 -0.19417382865031027 -0.6381687263803855 1.0580162826462682
 0.4401069737947261 0.2583198883717304 -0.3943301002135317
 1.3751815237176794 1.505222622812009 1.0582878408315466 6.891090945449796
 0.6832492680826596 0.3638542562397393 4.414511890244856 2.143922994831381
 2.57709654027813 2.487294687098957 7.6370446171561746 -0.3038795343800335
 -0.7499259417131903 1.8492887835629541 -0.37798814667753733
 -1.436836008896891 -0.14816875340645969 -0.37732893584728816
 -0.35916514844799424 -1.0213047028179634 0.18096011613911434]",0,1
93,"[-0.11600384723627878 -0.03730012775913059 -0.032691366349867766
 -0.19417382865031027 -0.6381687263803855 1.0580162826462682
 0.4401069737947261 0.2583198883717304 -0.3943301002135317
 1.3751815237176794 1.505222622812009 1.0582878408315466 7.70643706827319
 0.6832492680826596 0.3638542562397393 4.414511890244856 2.143922994831381
 2.57709654027813 2.487294687098957 7.6370446171561746 -0.3038795343800335
 -0.7499259417131903 1.7521506545729084 -0.37798814667753733
 -1.436836008896891 -0.14816875340645969 -0.37732893584728816
 -0.35916514844799424 -1.0213047028179634 0.18096011613911434]",0,1
94,"[-1.770430099124798 0.19236296686037704 -1.6913875848703537
 -1.37024360552795 -0.17990520598737494 0.38532672972046994
 0.390668957208205 -0.8173981740574929 1.5405650114301863
 2.9005734883449827 -0.8761606332860813 1.4220322518511432
 8.831866153922828 -0.8101474509583705 2.116615965551052 1.541256169446746
 1.4278665039563612 -0.3144765068818251 0.3766877143788771
 3.2134891987391874 -1.5865725226649012 0.5203917522295494
 -1.562525290935083 -1.2089405972203744 1.236323251082782
 0.9683969392451109 1.1022942848366164 -0.7014973902641018
 0.597821478961166 3.4214223843435954]",0,1
94,"[-1.770430099124798 0.19236296686037704 -1.6913875848703537
 -1.37024360552795 -0.17990520598737494 0.38532672972046994
 0.390668957208205 -0.8173981740574929 1.5405650114301863
 2.9005734883449827 -0.8761606332860813 1.4220322518511432
 8.831866153922828 -0.8101474509583705 2.116615965551052 1.541256169446746
 1.4278665039563612 -0.3144765068818251 0.3766877143788771
 3.2134891987391874 -1.5865725226649012 0.5203917522295494
 -1.562525290935083 -1.2089405972203744 1.236323251082782
 0.9683969392451109 1.1022942848366164 -0.7014973902641018
 0.597821478961166 3.4214223843435954]",0,1
94,"[-1.770430099124798 0.19236296686037704 -1.6913875848703537
 -1.37024360552795 -0.17990520598737494 0.38532672972046994
 0.390668957208205 -0.8173981740574929 1.5405650114301863
 2.9005734883449827 -0.8761606332860813 1.4220322518511432
 8.831866153922828 -0.8101474509583705 2.116615965551052 1.541256169446746
 1.4278665039563612 -0.3144765068818251 0.3766877143788771
 3.2134891987391874 -1.5865725226649012 0.5203917522295494
 -1.562525290935083 -1.2089405972203744 1.236323251082782
 0.9683969392451109 1.1022942848366164 -0.7014973902641018
 0.597821478961166 3.4214223843435954]",0,1
95,"[-0.8963179573177641 -1.2542777631655952 -0.8876414284684722
 -0.8415251417560744 0.5661874082327273 -0.4889883711442739
 -0.5621583771007955 -0.8656769053212314 -0.14675493829061487
 0.49333659000423535 -0.841873701588334 -0.08599145216760162
 5.780502313241976 -0.7179542005900679 -0.6893798043040121
 -0.2748790507055052 0.26082744746454106 -0.6752204970992649
 -0.17961480218648337 -0.04668711414827906 -0.9511804284381353
 -0.7884204172872128 -0.9026620578434427 -0.8592180006440846
 0.059913128755174586 -0.428828900307997 2.927122966498472
 -0.7672909742768073 0.010309978715595781 0.38465853623248336]",0,1
95,"[-0.8963179573177641 -1.2542777631655952 -0.8876414284684722
 -0.8415251417560744 0.5661874082327273 -0.4889883711442739
 -0.5621583771007955 -0.8656769053212314 -0.14675493829061487
 0.49333659000423535 -0.841873701588334 -0.08599145216760162
 5.780502313241976 -0.7179542005900679 -0.6893798043040121
 -0.2748790507055052 0.26082744746454106 -0.6752204970992649
 -0.17961480218648337 -0.04668711414827906 -0.9511804284381353
 -0.7884204172872128 -0.9026620578434427 -0.8592180006440846
 0.059913128755174586 -0.428828900307997 2.927122966498472
 -0.7672909742768073 0.010309978715595781 0.38465853623248336]",0,1
95,"[-0.8963179573177641 -1.2542777631655952 -0.8876414284684722
 -0.8415251417560744 0.5661874082327273 -0.4889883711442739
 -0.5621583771007955 -0.8656769053212314 -0.14675493829061487
 0.49333659000423535 -0.841873701588334 -0.08599145216760162
 6.293341315262356 -0.7179542005900679 -0.6893798043040121
 -0.2748790507055052 0.26082744746454106 -0.6752204970992649
 -0.17961480218648337 -0.04668711414827906 -0.9511804284381353
 -0.7884204172872128 -0.9026620578434427 -0.8592180006440846
 0.059913128755174586 -0.428828900307997 3.22821447599551
 -0.7672909742768073 0.010309978715595781 0.38465853623248336]",0,1
96,"[0.20467318430405745 -0.12016825468369563 0.12130825917694064
 0.08886152807533065 -1.2866681834797535 -0.962590827274243
 -0.6946763776583241 -0.6526682317053409 -1.0304078239231789
 -1.1205252547043525 -0.7504418837276743 -0.40275221009716694
 -0.7757047911745577 -0.5429432846366795 -1.4895373027064125
 -0.9368168876083622 -0.6622267965497007 -1.1487176501619358
 -1.170454048429507 -0.9525578040750071 0.10716613721769305
 0.8467579581832181 -0.4898880499883096 -0.022645581836706587
 -1.0741800826973378 -0.5521492678859453 -0.3586054531432843
 -0.6003103827088473 -0.3875324545215616 -0.8722836832937887]",1,0
96,"[0.20467318430405745 -0.12016825468369563 0.12130825917694064
 0.08886152807533065 -1.2866681834797535 -0.962590827274243
 -0.6946763776583241 -0.6526682317053409 -1.0304078239231789
 -1.1205252547043525 -0.7504418837276743 -0.40275221009716694
 -0.7757047911745577 -0.5429432846366795 -1.4895373027064125
 -0.9368168876083622 -0.6622267965497007 -1.1487176501619358
 -1.170454048429507 -0.9525578040750071 0.10716613721769305
 0.8467579581832181 -0.4898880499883096 -0.022645581836706587
 -1.0741800826973378 -0.5521492678859453 -0.3586054531432843
 -0.6003103827088473 -0.3875324545215616 -0.8722836832937887]",1,0
96,"[0.20467318430405745 -0.12016825468369563 0.12130825917694064
 0.08886152807533065 -1.2866681834797535 -0.962590827274243
 -0.6946763776583241 -0.6526682317053409 -1.0304078239231789
 -1.1205252547043525 -0.7504418837276743 -0.40275221009716694
 -0.7757047911745577 -0.5429432846366795 -1.4895373027064125
 -0.9368168876083622 -0.6622267965497007 -1.1487176501619358
 -1.170454048429507 -0.9525578040750071 0.10716613721769305
 0.8467579581832181 -0.68350423490474 -0.022645581836706587
 -1.0741800826973378 -0.5521492678859453 -0.3586054531432843
 -0.6003103827088473 -0.3875324545215616 -0.8722836832937887]",1,0
98,"[-0.2603085114294304 0.19236296686037704 -0.2755220101276566
 -0.3683089644796545 -0.057560161191092155 -0.13505575461835526
 -0.7574988328816841 -0.7686342294142197 -0.7523618728405186
 0.6560070146698207 -0.6042895082079833 -0.3114372069141225
 7.071710007823251 -0.5219598329790027 -0.18585507161625073
 -0.2429784320595844 -0.2391467493811344 -0.5060907528314186
 -0.6010199273958656 -0.05267568195299512 -0.4421752743568385
 -0.31142365473954353 -0.4308984024653211 -0.5043571473687861
 -0.3124756869456494 -0.41242668393063453 -0.7719263338341694
 -0.8533513319362835 -1.0567712763236017 0.01682516871479877]",0,1
98,"[-0.2603085114294304 0.19236296686037704 -0.2755220101276566
 -0.3683089644796545 -0.057560161191092155 -0.13505575461835526
 -0.7574988328816841 -0.7686342294142197 -0.7523618728405186
 0.6560070146698207 -0.6042895082079833 -0.3114372069141225
 7.071710007823251 -0.5219598329790027 -0.18585507161625073
 -0.2429784320595844 -0.2391467493811344 -0.5060907528314186
 -0.6010199273958656 -0.05267568195299512 -0.4421752743568385
 -0.31142365473954353 -0.4308984024653211 -0.5043571473687861
 -0.3124756869456494 -0.41242668393063453 -0.7719263338341694
 -0.8533513319362835 -1.0567712763236017 0.01682516871479877]",0,1
98,"[-0.2603085114294304 0.19236296686037704 -0.2755220101276566
 -0.3683089644796545 -0.057560161191092155 -0.13505575461835526
 -0.7574988328816841 -0.7686342294142197 -0.7523618728405186
 0.6560070146698207 -0.6042895082079833 -0.3114372069141225
 7.8411641420075515 -0.5219598329790027 -0.18585507161625073
 -0.2429784320595844 -0.2391467493811344 -0.5060907528314186
 -0.6010199273958656 -0.05267568195299512 -0.4421752743568385
 -0.31142365473954353 -0.4308984024653211 -0.5043571473687861
 -0.3124756869456494 -0.41242668393063453 -0.7719263338341694
 -0.8533513319362835 -1.0567712763236017 0.01682516871479877]",0,1
99,"[-0.15608847617882093 -0.4066552077657616 -0.21927529551459043
 -0.2412587067673081 -2.180564926962416 -1.0343927310366734
 -0.9037630136608309 -1.010027885732911 -0.6952291431659993
 -0.9164737570975195 5.472809611336369 -1.0275590161089534
 -0.7153418405538797 -0.5791062545148031 -1.3607461145543605
 -0.6802369117752233 -0.737498706782145 -1.137310072102814
 -1.0630136482344803 -0.7082242376425886 -0.21744469689453044
 -0.22606633933627618 -0.24830686509480474 -0.2938491932312673
 -1.6645009894048952 -0.333453049521111 -0.6839259651253513
 -0.752751767095428 -0.46000762646786525 -0.4194423136898962]",0,1
99,"[-0.15608847617882093 -0.4066552077657616 -0.21927529551459043
 -0.2412587067673081 -2.180564926962416 -1.0343927310366734
 -0.9037630136608309 -1.010027885732911 -0.6952291431659993
 -0.9164737570975195 5.472809611336369 -1.0275590161089534
 -0.7153418405538797 -0.5791062545148031 -1.3607461145543605
 -0.6802369117752233 -0.737498706782145 -1.137310072102814
 -1.0630136482344803 -0.7082242376425886 -0.21744469689453044
 -0.22606633933627618 -0.24830686509480474 -0.2938491932312673
 -1.6645009894048952 -0.333453049521111 -0.6839259651253513
 -0.752751767095428 -0.46000762646786525 -0.4194423136898962]",0,1
99,"[-0.15608847617882093 -0.4066552077657616 -0.21927529551459043
 -0.2412587067673081 -2.180564926962416 -1.0343927310366734
 -0.9037630136608309 -1.010027885732911 -0.6952291431659993
 -0.9164737570975195 5.472809611336369 -1.0275590161089534
 -0.7153418405538797 -0.5791062545148031 -1.3607461145543605
 -0.6802369117752233 -0.737498706782145 -1.137310072102814
 -1.0630136482344803 -0.7082242376425886 -0.21744469689453044
 -0.22606633933627618 -0.24830686509480474 -0.2938491932312673
 -1.6645009894048952 -0.333453049521111 -0.6839259651253513
 -0.752751767095428 -0.46000762646786525 -0.4194423136898962]",0,1
100,"[-1.241045766223626 -0.570023800845618 -1.2344315171862725
 -1.0616929796551091 -1.135328070263543 -0.9098273070851846
 -0.5059678509317251 -1.0835377127324726 0.5578820610284552
 0.12376080063241802 6.597804277185942 1.3462521662220606
 -0.19916731792351522 9.436320066829628 -0.7933890145609171
 0.2784316796013283 0.7857841317580536 -0.23346616994023675
 0.6763270527005629 0.35215150164581577 -1.127891651741831
 -0.35828649456878836 -1.0855289972311093 -0.9618225641024175
 -1.629801122487319 -0.8012199610236733 -0.5154146207893165
 -1.334173193671992 -0.102257841541429 -0.34833499119011074]",0,1
100,"[-1.241045766223626 -0.570023800845618 -1.2344315171862725
 -1.0616929796551091 -1.135328070263543 -0.9098273070851846
 -0.5059678509317251 -1.0835377127324726 0.5578820610284552
 0.12376080063241802 6.597804277185942 1.3462521662220606
 -0.19916731792351522 9.436320066829628 -0.7933890145609171
 0.2784316796013283 0.7857841317580536 -0.23346616994023675
 0.6763270527005629 0.35215150164581577 -1.127891651741831
 -0.35828649456878836 -1.0855289972311093 -0.9618225641024175
 -1.629801122487319 -0.8012199610236733 -0.5154146207893165
 -1.334173193671992 -0.102257841541429 -0.34833499119011074]",0,1
100,"[-1.241045766223626 -0.570023800845618 -1.2344315171862725
 -1.0616929796551091 -1.135328070263543 -0.9098273070851846
 -0.5059678509317251 -1.0835377127324726 0.5578820610284552
 0.12376080063241802 5.588629891036453 1.3462521662220606
 -0.19916731792351522 10.694811219094792 -0.7933890145609171
 0.2784316796013283 0.7857841317580536 -0.23346616994023675
 0.6763270527005629 0.35215150164581577 -1.127891651741831
 -0.35828649456878836 -1.0855289972311093 -0.9618225641024175
 -1.629801122487319 -0.8012199610236733 -0.5154146207893165
 -1.334173193671992 -0.102257841541429 -0.34833499119011074]",0,1
101,"[-0.5382286054310551 0.578291672251921 -0.4504686879931238
 -0.5829528781303263 0.8632100603393079 1.2810373473629078
 0.841640132899886 0.32115502102152066 1.1634889955783587
 1.4636514037989627 -0.48619007680463144 -0.269758159818127
 -0.4320637415780995 -0.47709096294503467 0.071351820174291
 0.6843395513373556 0.43181148493220545 0.474134324161799
 -0.37420130476192054 4.734746809386991 -0.413363661861671
 -2.442009194119132 -0.2620769659523098 -0.4764178765679255
 1.8583818409466597 1.5959335880530938 1.524040732744303
 1.0448229389659864 0.7288935984385242 2.1222434845354954]",1,0
101,"[-0.5382286054310551 0.578291672251921 -0.4504686879931238
 -0.5829528781303263 0.8632100603393079 1.2810373473629078
 0.841640132899886 0.32115502102152066 1.1634889955783587
 1.4636514037989627 -0.48619007680463144 -0.269758159818127
 -0.4320637415780995 -0.47709096294503467 0.071351820174291
 0.6843395513373556 0.43181148493220545 0.474134324161799
 -0.37420130476192054 4.734746809386991 -0.413363661861671
 -2.442009194119132 -0.2620769659523098 -0.4764178765679255
 1.8583818409466597 1.5959335880530938 1.524040732744303
 1.0448229389659864 0.7288935984385242 2.1222434845354954]",1,0
101,"[-0.5382286054310551 0.578291672251921 -0.4504686879931238
 -0.5829528781303263 0.8632100603393079 1.2810373473629078
 0.841640132899886 0.32115502102152066 1.1634889955783587
 1.4636514037989627 -0.48619007680463144 -0.269758159818127
 -0.4320637415780995 -0.47709096294503467 0.071351820174291
 0.6843395513373556 0.43181148493220545 0.474134324161799
 -0.37420130476192054 4.734746809386991 -0.413363661861671
 -2.442009194119132 -0.2620769659523098 -0.4764178765679255
 1.8583818409466597 1.5959335880530938 1.524040732744303
 1.0448229389659864 0.7288935984385242 2.1222434845354954]",1,0
102,"[-0.36185623808387 0.5711886899441018 -0.3864638058472214
 -0.43091343929443365 -0.6417047103340349 -0.5850868787051022
 -0.6293217313415085 -0.5223884393001778 -0.03248947894157632
 -0.7281185285373659 -0.7365885779912107 0.2682804481483599
 -0.6801697275937996 3.3458516108609047 -0.8778730301125551
 -0.6774868584436783 -0.4078596516262682 -0.046646413319839576
 -0.4207588115130985 -0.7086234754962364 -0.4229675326933934
 0.8718630509488846 -0.4355802367568728 -0.4879789541406955
 -0.7441081778716064 -0.6104682594499011 -0.34830753765608224
 0.024141222697454633 -0.09763176673634542 -0.8252352293089691]",0,1
102,"[-0.36185623808387 0.5711886899441018 -0.3864638058472214
 -0.43091343929443365 -0.6417047103340349 -0.5850868787051022
 -0.6293217313415085 -0.5223884393001778 -0.03248947894157632
 -0.7281185285373659 -0.7365885779912107 0.2682804481483599
 -0.6801697275937996 3.3458516108609047 -0.8778730301125551
 -0.6774868584436783 -0.4078596516262682 -0.046646413319839576
 -0.4207588115130985 -0.7086234754962364 -0.4229675326933934
 0.8718630509488846 -0.4355802367568728 -0.4879789541406955
 -0.7441081778716064 -0.6104682594499011 -0.34830753765608224
 0.024141222697454633 -0.09763176673634542 -0.8252352293089691]",0,1
102,"[-0.36185623808387 0.5711886899441018 -0.3864638058472214
 -0.43091343929443365 -0.6417047103340349 -0.5850868787051022
 -0.6293217313415085 -0.5223884393001778 -0.03248947894157632
 -0.7281185285373659 -0.7365885779912107 0.2682804481483599
 -0.6801697275937996 3.8121355083175823 -0.8778730301125551
 -0.6774868584436783 -0.4078596516262682 -0.046646413319839576
 -0.4207588115130985 -0.7086234754962364 -0.4229675326933934
 0.8718630509488846 -0.4355802367568728 -0.4879789541406955
 -0.7441081778716064 -0.6104682594499011 -0.34830753765608224
 0.024141222697454633 -0.09763176673634542 -0.8252352293089691]",0,1
103,"[-0.1186761558324482 1.6816215907332683 -0.1793207327204814
 -0.2070629852298236 -1.884249471646565 -1.0338487772202913
 -0.7830619048727633 -0.9219616573472982 -0.4209920407283076
 -1.1347945902013332 -0.7445542287896771 -0.568710597624858
 -0.6839721181840785 3.5208643408079863 -0.539561483392441
 -0.5141336905499114 -0.448091189853954 -0.9509862971371612
 -0.6917473764494437 -0.7341746981296918 -0.37494817853478046
 0.8986418165655959 -0.39702395435585863 -0.4304947073205339
 -1.3577033855604659 -0.7629481228098273 -0.7274580624121603
 -1.0416267219012127 -0.9087368825609385 -1.0674278390262808]",0,1
103,"[-0.1186761558324482 1.6816215907332683 -0.1793207327204814
 -0.2070629852298236 -1.884249471646565 -1.0338487772202913
 -0.7830619048727633 -0.9219616573472982 -0.4209920407283076
 -1.1347945902013332 -0.7445542287896771 -0.568710597624858
 -0.6839721181840785 3.5208643408079863 -0.539561483392441
 -0.5141336905499114 -0.448091189853954 -0.9509862971371612
 -0.6917473764494437 -0.7341746981296918 -0.37494817853478046
 0.8986418165655959 -0.39702395435585863 -0.4304947073205339
 -1.3577033855604659 -0.7629481228098273 -0.7274580624121603
 -1.0416267219012127 -0.9087368825609385 -1.0674278390262808]",0,1
103,"[-0.1186761558324482 1.6816215907332683 -0.1793207327204814
 -0.2070629852298236 -1.884249471646565 -1.0338487772202913
 -0.7830619048727633 -0.9219616573472982 -0.4209920407283076
 -1.1347945902013332 -0.7445542287896771 -0.568710597624858
 -0.6310351024800215 3.0764288686819867 -0.539561483392441
 -0.5141336905499114 -0.448091189853954 -0.9509862971371612
 -0.6917473764494437 -0.7341746981296918 -0.37494817853478046
 0.8986418165655959 -0.39702395435585863 -0.4304947073205339
 -1.3577033855604659 -0.7629481228098273 -0.7274580624121603
 -1.0416267219012127 -0.9087368825609385 -1.0674278390262808]",0,1
106,"[-1.911527993002546 1.314634171495911 -1.8826264145547784
 -1.4583633494899293 -0.7011092407553515 0.1931297145988133
 -0.08658877364411383 -1.0124539526305865 0.8359280121111153
 2.1728373779989347 -0.7857678133556564 0.5069877178799704
 -0.8180063864914108 8.490291399107123 3.258088886782069 2.113817273074394
 1.9142138894668528 0.250942579526811 0.1331561406034833
 1.5251123156628839 -1.6660925731515641 3.837611342999655
 -1.661394615091969 -1.2510100739435093 1.0924457541074626
 0.21146502790460117 0.1717371944476248 -1.1243092839528936
 -0.2225357864735925 1.1759279896135473]",0,1
106,"[-1.911527993002546 1.314634171495911 -1.8826264145547784
 -1.4583633494899293 -0.7011092407553515 0.1931297145988133
 -0.08658877364411383 -1.0124539526305865 0.8359280121111153
 2.1728373779989347 -0.7857678133556564 0.5069877178799704
 -0.8180063864914108 8.490291399107123 3.258088886782069 2.113817273074394
 1.9142138894668528 0.250942579526811 0.1331561406034833
 1.5251123156628839 -1.6660925731515641 3.837611342999655
 -1.661394615091969 -1.2510100739435093 1.0924457541074626
 0.21146502790460117 0.1717371944476248 -1.1243092839528936
 -0.2225357864735925 1.1759279896135473]",0,1
106,"[-1.911527993002546 1.314634171495911 -1.8826264145547784
 -1.4583633494899293 -0.7011092407553515 0.1931297145988133
 -0.08658877364411383 -1.0124539526305865 0.8359280121111153
 2.1728373779989347 -0.7857678133556564 0.5069877178799704
 -0.8180063864914108 8.642871857125092 3.258088886782069 2.113817273074394
 1.9142138894668528 0.250942579526811 0.1331561406034833
 1.5251123156628839 -1.6660925731515641 3.837611342999655
 -1.661394615091969 -1.2510100739435093 1.0924457541074626
 0.21146502790460117 0.1717371944476248 -1.1243092839528936
 -0.2225357864735925 1.1759279896135473]",0,1
107,"[-1.0058826097607123 -0.25038959699372604 -0.9144071064567586
 -0.9554231988770804 1.7684219524736502 1.9247160300816637
 0.8344053012042975 0.2013073162763613 1.441534946661019
 2.4567971543888634 -0.8141670901154068 -0.34932724972866386
 -0.6877745087743574 -0.7257671879094154 0.22980628489780744
 1.0643969217568605 0.4009889354835752 0.20961077496477643
 -0.3049619357473477 0.2810871636965175 -0.789835398465196
 -2.442009194119132 -0.6349712971735453 -0.7941869392972539
 -1.0506035182399822 4.04776119172107 2.516385316056507 1.8481508509068314
 1.8807862249042477 2.9776699206231334]",1,0
107,"[-1.0058826097607123 -0.25038959699372604 -0.9144071064567586
 -0.9554231988770804 1.7684219524736502 1.9247160300816637
 0.8344053012042975 0.2013073162763613 1.441534946661019
 2.4567971543888634 -0.8141670901154068 -0.34932724972866386
 -0.6877745087743574 -0.7257671879094154 0.22980628489780744
 1.0643969217568605 0.4009889354835752 0.20961077496477643
 -0.3049619357473477 0.2810871636965175 -0.789835398465196
 -2.442009194119132 -0.6349712971735453 -0.7941869392972539
 -1.0506035182399822 4.04776119172107 2.516385316056507 1.8481508509068314
 1.8807862249042477 2.9776699206231334]",1,0
107,"[-1.0058826097607123 -0.25038959699372604 -0.9144071064567586
 -0.9554231988770804 1.7684219524736502 1.9247160300816637
 0.8344053012042975 0.2013073162763613 1.441534946661019
 2.4567971543888634 -0.8141670901154068 -0.34932724972866386
 -0.6877745087743574 -0.7257671879094154 0.22980628489780744
 1.0643969217568605 0.4009889354835752 0.20961077496477643
 -0.3049619357473477 0.2810871636965175 -0.789835398465196
 -2.442009194119132 -0.6349712971735453 -0.7941869392972539
 -1.0506035182399822 4.04776119172107 2.516385316056507 1.8481508509068314
 1.8807862249042477 2.9776699206231334]",1,0
108,"[-1.4374604480420818 0.2657604507078492 -1.4260582552473389
 -1.1979497777813937 0.5520434724181288 -0.5714880332955513
 -0.9402989137235525 -0.9784890160631324 -0.3829035542786281
 0.9570899936561266 -0.73208625362686 1.51486285674677 -0.7158171393776647
 9.531063983950673 1.3994405446460374 -0.47233287991042894
 -0.5314742973097221 -0.4611217494679247 0.3408742476472018
 0.20203806867426471 -1.3334144875406941 0.8283475568217287
 2.050093028227283 -1.079039045048557 0.8893245819070126
 -0.6390202657364212 -0.9759186778942914 -0.9015216345170141
 -0.08683759219115157 0.4012324234316808]",0,1
108,"[-1.4374604480420818 0.2657604507078492 -1.4260582552473389
 -1.1979497777813937 0.5520434724181288 -0.5714880332955513
 -0.9402989137235525 -0.9784890160631324 -0.3829035542786281
 0.9570899936561266 -0.73208625362686 1.51486285674677 -0.7158171393776647
 9.531063983950673 1.3994405446460374 -0.47233287991042894
 -0.5314742973097221 -0.4611217494679247 0.3408742476472018
 0.20203806867426471 -1.3334144875406941 0.8283475568217287
 2.050093028227283 -1.079039045048557 0.8893245819070126
 -0.6390202657364212 -0.9759186778942914 -0.9015216345170141
 -0.08683759219115157 0.4012324234316808]",0,1
108,"[-1.4374604480420818 0.2657604507078492 -1.4260582552473389
 -1.1979497777813937 0.5520434724181288 -0.5714880332955513
 -0.9402989137235525 -0.9784890160631324 -0.3829035542786281
 0.9570899936561266 -0.73208625362686 1.51486285674677 -0.7158171393776647
 10.694811219094792 1.3994405446460374 -0.47233287991042894
 -0.5314742973097221 -0.4611217494679247 0.3408742476472018
 0.20203806867426471 -1.3334144875406941 0.8283475568217287
 2.1328282273270505 -1.079039045048557 0.8893245819070126
 -0.6390202657364212 -0.9759186778942914 -0.9015216345170141
 -0.08683759219115157 0.4012324234316808]",0,1
109,"[1.3552799295429017 0.06924460685816673 -0.805792760997045
 -0.8023315839938806 0.8702820282466076 0.08796531009828394
 -0.3770672662219906 -0.4365056711224726 0.6683386717325261
 0.32067763049076103 0.19158290635184957 0.9124111759955627
 5.63367505710969 -0.18220649869194025 0.9912888784032363
 -0.11482594680959218 0.2643963742428035 -0.09955112315924398
 1.6755227745143109 0.5310100600800046 -0.7744692051344398
 -0.06706741848705326 -0.713460872061324 -0.7367026924770925
 0.08530327528023157 -0.500512660772026 -0.5009039216937136
 -0.6970915699061083 0.36034963896689415 -0.25316880017536164]",0,1
109,"[1.3552799295429017 0.06924460685816673 -0.805792760997045
 -0.8023315839938806 0.8702820282466076 0.08796531009828394
 -0.3770672662219906 -0.4365056711224726 0.6683386717325261
 0.32067763049076103 0.19158290635184957 0.9124111759955627
 5.63367505710969 -0.18220649869194025 0.9912888784032363
 -0.11482594680959218 0.2643963742428035 -0.09955112315924398
 1.6755227745143109 0.5310100600800046 -0.7744692051344398
 -0.06706741848705326 -0.713460872061324 -0.7367026924770925
 0.08530327528023157 -0.500512660772026 -0.5009039216937136
 -0.6970915699061083 0.36034963896689415 -0.25316880017536164]",0,1
109,"[1.4985039844396422 0.06924460685816673 -0.805792760997045
 -0.8023315839938806 0.8702820282466076 0.08796531009828394
 -0.3770672662219906 -0.4365056711224726 0.6683386717325261
 0.32067763049076103 0.19158290635184957 0.9124111759955627
 5.63367505710969 -0.18220649869194025 0.9912888784032363
 -0.11482594680959218 0.2643963742428035 -0.09955112315924398
 1.6755227745143109 0.5310100600800046 -0.7744692051344398
 -0.06706741848705326 -0.713460872061324 -0.7367026924770925
 0.08530327528023157 -0.500512660772026 -0.5009039216937136
 -0.6970915699061083 0.36034963896689415 -0.25316880017536164]",0,1
110,"[-0.07057460110139781 -1.47447021470801 -0.10018742388554684
 -0.17365639572781968 0.12206782365431633 -0.3638789933764032
 -0.2107867177517158 -0.2882729836745123 -0.29910888408933295
 -0.8394193454138206 -0.10383883847823651 -1.1133799630838894
 -0.2875728991475003 -0.20966356841421938 -0.6908817423582634
 -0.440982271930817 -0.10287863602929556 2.770924577892184
 -0.5425245984007956 -0.57887117306072 -0.11372289191192604
 -1.5683519658739278 -0.1739483204642776 -0.22592786249124416
 -0.4859750215335341 -0.47864303893554266 -0.2500092534600619
 -0.509550483334178 -0.47542787581814266 -0.7551971898542934]",0,1
110,"[-0.07057460110139781 -1.47447021470801 -0.10018742388554684
 -0.17365639572781968 0.12206782365431633 -0.3638789933764032
 -0.2107867177517158 -0.2882729836745123 -0.29910888408933295
 -0.8394193454138206 -0.10383883847823651 -1.1133799630838894
 -0.2875728991475003 -0.20966356841421938 -0.6908817423582634
 -0.440982271930817 -0.10287863602929556 2.770924577892184
 -0.5425245984007956 -0.57887117306072 -0.11372289191192604
 -1.5683519658739278 -0.1739483204642776 -0.22592786249124416
 -0.4859750215335341 -0.47864303893554266 -0.2500092534600619
 -0.509550483334178 -0.47542787581814266 -0.7551971898542934]",0,1
110,"[-0.07057460110139781 -1.47447021470801 -0.10018742388554684
 -0.17365639572781968 0.12206782365431633 -0.3638789933764032
 -0.2107867177517158 -0.2882729836745123 -0.29910888408933295
 -0.8394193454138206 -0.10383883847823651 -1.1133799630838894
 -0.2875728991475003 -0.20966356841421938 -0.6908817423582634
 -0.440982271930817 -0.10287863602929556 2.9968030482577106
 -0.5425245984007956 -0.57887117306072 -0.11372289191192604
 -1.5683519658739278 -0.1739483204642776 -0.22592786249124416
 -0.4859750215335341 -0.47864303893554266 -0.2500092534600619
 -0.509550483334178 -0.47542787581814266 -0.7551971898542934]",0,1
111,"[-0.7867533048748158 -1.2400717985499556 -0.7278231772920359
 -0.7681358624563961 1.315816006406479 0.36900811522900834
 -0.7548460612599683 -0.6148215881016064 0.6759563690224623
 2.298407530372371 -0.17414436509078915 -1.056355448648005
 4.3394951800102834 -0.4793232450362768 1.2680209648990455
 1.1699989696881845 -0.18269281670680107 -0.1689885548234625
 1.3532015739292307 2.2724855776914583 -0.8071223659622967
 -1.6905300840001725 1.3770091118634136 -0.7917783814695936
 0.36459488705585014 -0.12083172611085555 2.628221202760355
 -0.9712804568519138 -0.3196833573803407 1.0155355328471152]",0,1
111,"[-0.7867533048748158 -1.2400717985499556 -0.7278231772920359
 -0.7681358624563961 1.315816006406479 0.36900811522900834
 -0.7548460612599683 -0.6148215881016064 0.6759563690224623
 2.298407530372371 -0.17414436509078915 -1.056355448648005
 4.3394951800102834 -0.4793232450362768 1.2680209648990455
 1.1699989696881845 -0.18269281670680107 -0.1689885548234625
 1.3532015739292307 2.2724855776914583 -0.8071223659622967
 -1.6905300840001725 1.3770091118634136 -0.7917783814695936
 0.36459488705585014 -0.12083172611085555 2.628221202760355
 -0.9712804568519138 -0.3196833573803407 1.0155355328471152]",0,1
111,"[-0.7867533048748158 -1.2400717985499556 -0.7278231772920359
 -0.7681358624563961 1.315816006406479 0.36900811522900834
 -0.7548460612599683 -0.6148215881016064 0.6759563690224623
 2.298407530372371 -0.17414436509078915 -1.056355448648005
 4.935052773325669 -0.4793232450362768 1.2680209648990455
 1.1699989696881845 -0.18269281670680107 -0.1689885548234625
 1.3532015739292307 2.2724855776914583 -0.8071223659622967
 -1.6905300840001725 1.5519262605691266 -0.7917783814695936
 0.36459488705585014 -0.12083172611085555 2.127762868846429
 -0.9712804568519138 -0.3196833573803407 1.0155355328471152]",0,1
112,"[0.4425086493631405 -0.37824327853448286 0.3773277877605515
 0.2979815174776397 0.01881709220774276 -0.44547206583371013
 -0.49535676444486204 -0.1703661324474933 -1.2284679534615124
 -0.9064852222496325 0.8201729954969195 0.43120763225088776
 -0.3907127439088163 -0.288463126235069 0.174234576890508
 -0.44483234659497994 -0.493189446415634 -0.2962905128745297
 -0.35748835362047177 -0.6906577720820878 0.1494231688772722
 -0.19426655516643193 0.06565143445630967 0.010110804619474782
 0.0006694535300439716 -0.6299079233045531 -0.6380534325005418
 -0.5188027060859646 -0.8331776607445789 -1.0647546314135072]",0,1
112,"[0.4425086493631405 -0.37824327853448286 0.3773277877605515
 0.2979815174776397 0.01881709220774276 -0.44547206583371013
 -0.49535676444486204 -0.1703661324474933 -1.2284679534615124
 -0.9064852222496325 0.8201729954969195 0.43120763225088776
 -0.3907127439088163 -0.288463126235069 0.174234576890508
 -0.44483234659497994 -0.493189446415634 -0.2962905128745297
 -0.35748835362047177 -0.6906577720820878 0.1494231688772722
 -0.19426655516643193 0.06565143445630967 0.010110804619474782
 0.0006694535300439716 -0.6299079233045531 -0.6380534325005418
 -0.5188027060859646 -0.8331776607445789 -1.0647546314135072]",0,1
112,"[0.4425086493631405 -0.37824327853448286 0.3773277877605515
 0.2979815174776397 0.01881709220774276 -0.44547206583371013
 -0.49535676444486204 -0.1703661324474933 -1.2284679534615124
 -0.7700585561567054 0.2620021578223194 0.43120763225088776
 -0.3907127439088163 -0.288463126235069 0.174234576890508
 -0.44483234659497994 -0.493189446415634 -0.2962905128745297
 -0.35748835362047177 -0.6906577720820878 0.1494231688772722
 -0.19426655516643193 0.06565143445630967 0.010110804619474782
 0.0006694535300439716 -0.6299079233045531 -0.6380534325005418
 -0.5188027060859646 -0.8331776607445789 -1.0647546314135072]",0,1
113,"[-0.28703159739112505 3.6405435529080976 -0.3418543425334101
 -0.3738328887280171 -0.3262949416684747 -0.8528934743038635
 -1.0740227195636793 -0.8782924531891428 -0.859009634899621
 -0.4512934198959288 -0.7874994765727144 -0.9790597613063405
 8.942254959930814 -0.642056609487833 -0.9180498730637782
 -0.9891779030409772 -0.9489738407886418 -0.8751011039612653
 0.19165146959855348 -0.7701061049579887 -0.5151646926779303
 -1.6202358242563057 -0.5685994110403711 -0.5485140408758934
 -0.710254649171531 -0.998654047047482 -1.241792132291146
 -1.0065270197158631 -0.17164896361767748 -0.8909961365832059]",0,1
113,"[-0.28703159739112505 3.6405435529080976 -0.3418543425334101
 -0.3738328887280171 -0.3262949416684747 -0.8528934743038635
 -1.0740227195636793 -0.8782924531891428 -0.859009634899621
 -0.4512934198959288 -0.7874994765727144 -0.9790597613063405
 8.942254959930814 -0.642056609487833 -0.9180498730637782
 -0.9891779030409772 -0.9489738407886418 -0.8751011039612653
 0.19165146959855348 -0.7701061049579887 -0.5151646926779303
 -1.6202358242563057 -0.5685994110403711 -0.5485140408758934
 -0.710254649171531 -0.998654047047482 -1.241792132291146
 -1.0065270197158631 -0.17164896361767748 -0.8909961365832059]",0,1
113,"[-0.28703159739112505 3.8075037575036315 -0.3418543425334101
 -0.3738328887280171 -0.3262949416684747 -0.8528934743038635
 -1.0740227195636793 -0.8782924531891428 -0.859009634899621
 -0.4512934198959288 -0.7874994765727144 -0.9790597613063405
 8.942254959930814 -0.642056609487833 -0.9180498730637782
 -0.9891779030409772 -0.9489738407886418 -0.8751011039612653
 0.19165146959855348 -0.7701061049579887 -0.5151646926779303
 -1.6202358242563057 -0.5685994110403711 -0.5485140408758934
 -0.710254649171531 -0.998654047047482 -1.241792132291146
 -1.0065270197158631 -0.17164896361767748 -0.8909961365832059]",0,1
117,"[-0.5302116796425469 -1.5549706808633015 -0.5451183318937319
 -0.5787441739410973 1.1885205840750874 -0.37910970023510043
 -0.7439938137165856 -0.5185067322638973 -1.045643218503051
 0.35349710213381724 -0.7802264910610709 -0.32090971761775766
 6.034571744713995 -0.6681743099553668 -0.3315430628786304
 -0.32878009600378516 -0.47047809419032754 -0.3326625008891206
 -0.9448292080199511 -0.24910070594768458 -0.636173465157635
 -0.925661591072858 -0.6063294873899351 -0.6474254823318137
 0.8850928908195036 -0.2945737218118072 -0.5781382878477295
 -0.16237183912427716 -0.8516819599649119 0.04943830159063991]",0,1
117,"[-0.5302116796425469 -1.5549706808633015 -0.5451183318937319
 -0.5787441739410973 1.1885205840750874 -0.37910970023510043
 -0.7439938137165856 -0.5185067322638973 -1.045643218503051
 0.35349710213381724 -0.7802264910610709 -0.32090971761775766
 6.034571744713995 -0.6681743099553668 -0.3315430628786304
 -0.32878009600378516 -0.47047809419032754 -0.3326625008891206
 -0.9448292080199511 -0.24910070594768458 -0.636173465157635
 -0.925661591072858 -0.6063294873899351 -0.6474254823318137
 0.8850928908195036 -0.2945737218118072 -0.5781382878477295
 -0.16237183912427716 -0.8516819599649119 0.04943830159063991]",0,1
117,"[-0.5302116796425469 -1.5549706808633015 -0.5451183318937319
 -0.5787441739410973 1.1885205840750874 -0.37910970023510043
 -0.7439938137165856 -0.5185067322638973 -1.045643218503051
 0.35349710213381724 -0.7802264910610709 -0.32090971761775766
 6.291612227599564 -0.6681743099553668 -0.3315430628786304
 -0.32878009600378516 -0.47047809419032754 -0.3326625008891206
 -0.9448292080199511 -0.24910070594768458 -0.636173465157635
 -0.925661591072858 -0.6063294873899351 -0.6474254823318137
 0.8850928908195036 -0.2945737218118072 -0.5781382878477295
 -0.16237183912427716 -0.8516819599649119 0.04943830159063991]",0,1
118,"[-0.09996999565926183 1.2080894368786128 -0.04122535063598809
 -0.17996945201166292 -0.5815929831219885 0.24933827562495806
 0.014457709037605028 -0.3996294542778082 0.20746798569140443
 0.16086107292456892 -0.6659367187352464 -0.25081313841085634
 -0.2619067626631174 1.6580753674954973 0.1295519197765306
 1.1215980310529945 0.15473298778346645 -0.08301840133443016
 0.08898619830108358 0.9502098064101343 -0.21744469689453044
 0.8567999952894846 -0.036247311889227495 -0.3111908095904223
 0.009132835705062965 0.9027880737356608 0.4745895271848873
 -0.08894149982438292 0.3896481127324206 0.9460321349149949]",0,1
118,"[-0.09996999565926183 1.2080894368786128 -0.04122535063598809
 -0.17996945201166292 -0.5815929831219885 0.24933827562495806
 0.014457709037605028 -0.3996294542778082 0.20746798569140443
 0.16086107292456892 -0.6659367187352464 -0.25081313841085634
 -0.2619067626631174 1.6580753674954973 0.1295519197765306
 1.1215980310529945 0.15473298778346645 -0.08301840133443016
 0.08898619830108358 0.9502098064101343 -0.21744469689453044
 0.8567999952894846 -0.036247311889227495 -0.3111908095904223
 0.009132835705062965 0.9027880737356608 0.4745895271848873
 -0.08894149982438292 0.3896481127324206 0.9460321349149949]",0,1
118,"[-0.09996999565926183 1.2080894368786128 -0.04122535063598809
 -0.17996945201166292 -0.5815929831219885 0.24933827562495806
 0.014457709037605028 -0.3996294542778082 0.20746798569140443
 0.16086107292456892 -0.6659367187352464 -0.25081313841085634
 -0.2619067626631174 -0.5221830611881271 0.1295519197765306
 1.1215980310529945 -1.0875779789407978 -0.08301840133443016
 0.08898619830108358 0.9502098064101343 -0.21744469689453044
 0.8567999952894846 -0.036247311889227495 -0.3111908095904223
 0.009132835705062965 0.9027880737356608 0.5243402584178305
 -0.08894149982438292 0.3896481127324206 0.9460321349149949]",0,1
119,"[-0.8027871564518327 -0.28116918699427845 -0.7348055280715887
 -0.7476184295339053 1.0117213863925987 0.7679075805758433
 0.26647101310060317 -0.08618161109816071 1.841464054382654
 2.241330188384446 0.12474070617341264 -0.34364374330648245
 0.14685022579186738 -0.12282779506489788 -0.46634200324768804
 0.4401348154961683 0.27672539402225554 -0.27810451886723453
 0.3337115543008666 0.7729481993905366 -0.10219824691385919
 -1.6723963278113843 0.1262398782293318 -0.18305553315888903
 1.2659450886953478 1.8583690500908951 -0.9595552742306295
 0.4118534142008967 2.816795360466088 2.972323505397585]",1,0
119,"[-0.8027871564518327 -0.28116918699427845 -0.7348055280715887
 -0.7476184295339053 1.0117213863925987 0.7679075805758433
 0.26647101310060317 -0.08618161109816071 1.841464054382654
 2.241330188384446 0.12474070617341264 -0.34364374330648245
 0.14685022579186738 -0.12282779506489788 -0.46634200324768804
 0.4401348154961683 0.27672539402225554 -0.27810451886723453
 0.3337115543008666 0.7729481993905366 -0.10219824691385919
 -1.6723963278113843 0.1262398782293318 -0.18305553315888903
 1.2659450886953478 1.8583690500908951 -0.9595552742306295
 0.4118534142008967 2.816795360466088 2.972323505397585]",1,0
119,"[-0.8027871564518327 -0.28116918699427845 -0.7348055280715887
 -0.7476184295339053 1.0117213863925987 0.7679075805758433
 0.26647101310060317 -0.08618161109816071 1.841464054382654
 2.241330188384446 0.12474070617341264 -0.34364374330648245
 0.14685022579186738 -0.12282779506489788 -0.46634200324768804
 0.4401348154961683 0.27672539402225554 -0.27810451886723453
 0.3337115543008666 0.7729481993905366 -0.10219824691385919
 -1.6534151812459532 0.1262398782293318 -0.18305553315888903
 1.2659450886953478 1.8583690500908951 -0.9946094119964141
 0.4118534142008967 2.816795360466088 2.972323505397585]",1,0
120,"[-0.2522915856409217 -0.15331550545352166 -0.31586448129840716
 -0.320697998339003 -1.1798814680795306 -1.0151730295245076
 -0.8410611389657308 -0.841173629654711 -0.9085246672842041
 -0.9050582886999349 -0.397875252734676 -0.5399141650858066
 6.000387099351521 -0.40387211035229054 -1.159861899798244
 -0.8424900583363722 -0.5911727088733847 -0.9666923828707343
 -1.1119587194344371 -0.6044223956941756 -0.18094998773398438
 -0.03192028861511962 -0.28686314749581854 -0.2765075768721125
 -1.1588139044475254 -0.7902851501054317 -0.6333725618245408
 -0.6616981463635591 -0.891774608275633 -0.45847114483639434]",0,1
120,"[-0.2522915856409217 -0.15331550545352166 -0.31586448129840716
 -0.320697998339003 -1.1798814680795306 -1.0151730295245076
 -0.8410611389657308 -0.841173629654711 -0.9085246672842041
 -0.9050582886999349 -0.397875252734676 -0.5399141650858066
 6.000387099351521 -0.40387211035229054 -1.159861899798244
 -0.8424900583363722 -0.5911727088733847 -0.9666923828707343
 -1.1119587194344371 -0.6044223956941756 -0.18094998773398438
 -0.03192028861511962 -0.28686314749581854 -0.2765075768721125
 -1.1588139044475254 -0.7902851501054317 -0.6333725618245408
 -0.6616981463635591 -0.891774608275633 -0.45847114483639434]",0,1
120,"[-0.2522915856409217 -0.15331550545352166 -0.31586448129840716
 -0.320697998339003 -1.1798814680795306 -1.0151730295245076
 -0.8410611389657308 -0.841173629654711 -0.9085246672842041
 -0.9050582886999349 -0.397875252734676 -0.5399141650858066
 6.124011470553254 -0.40387211035229054 -1.159861899798244
 -0.8424900583363722 -0.5911727088733847 -0.9666923828707343
 -1.1119587194344371 -0.6044223956941756 -0.18094998773398438
 -0.03192028861511962 -0.28686314749581854 -0.2765075768721125
 -1.1588139044475254 -0.7902851501054317 -0.6333725618245408
 -0.6616981463635591 -0.891774608275633 -0.45847114483639434]",0,1
121,"[-1.043294930107085 -0.30721345545628437 -1.0272884440595325
 -0.9333275018836289 0.26916475612614676 -0.6282405481380781
 -0.6060496893873656 -0.6320466630751009 -1.2627475912662234
 0.5518408655418579 -0.23163558389711303 1.007136283031916
 7.919045421279073 -0.46258112935196033 1.02358054656964
 -0.26387883737932555 -0.4419266799642279 -0.09459130661180001
 0.1021178027693645 -0.4111912745286681 -0.9511804284381353
 -0.1725088081028542 0.8984345302655538 -0.8515106155955715
 0.10646173071777847 -0.6511700556455787 -0.755543286468166
 -0.7003225048353036 -1.0536872264535462 -0.38950238842682866]",0,1
121,"[-1.043294930107085 -0.30721345545628437 -1.0272884440595325
 -0.9333275018836289 0.26916475612614676 -0.6282405481380781
 -0.6060496893873656 -0.6320466630751009 -1.2627475912662234
 0.5518408655418579 -0.23163558389711303 1.007136283031916
 7.919045421279073 -0.46258112935196033 1.02358054656964
 -0.26387883737932555 -0.4419266799642279 -0.09459130661180001
 0.1021178027693645 -0.4111912745286681 -0.9511804284381353
 -0.1725088081028542 0.8984345302655538 -0.8515106155955715
 0.10646173071777847 -0.6511700556455787 -0.755543286468166
 -0.7003225048353036 -1.0536872264535462 -0.38950238842682866]",0,1
121,"[-1.043294930107085 -0.30721345545628437 -1.0272884440595325
 -0.9333275018836289 0.26916475612614676 -0.6282405481380781
 -0.6060496893873656 -0.6320466630751009 -1.2627475912662234
 0.5518408655418579 -0.23163558389711303 1.007136283031916
 7.334516295463394 -0.46258112935196033 1.02358054656964
 -0.26387883737932555 -0.4419266799642279 -0.09459130661180001
 0.1021178027693645 -0.4111912745286681 -0.9511804284381353
 -0.1725088081028542 1.3087755283662916 -0.8515106155955715
 0.10646173071777847 -0.6511700556455787 -0.755543286468166
 -0.7003225048353036 -1.0536872264535462 -0.38950238842682866]",0,1
122,"[2.1758967820241275 -0.5747591223841645 -0.5361964392309696
 -0.5695376335271592 -1.1424000381708428 -0.3680493059686655
 -0.31110971726387593 -0.3528063631526751 -0.9275689105090439
 -0.6824566549470256 -0.2860098089127326 0.10156425976437791
 -0.23671592500251953 -0.3556548171814591 -0.5151549900108569
 0.4747854874736343 0.3870376762594584 0.2840080231764389
 -0.14857646435236457 0.13416763355414846 -0.6937966901479702
 -0.9290089367749468 2.303975106388273 -0.6610739766885559
 -1.6268389387260624 -0.5491118204086559 -0.5266487104117189
 -0.6402564872879899 -1.4592397843658422 -0.7525239822415198]",0,1
122,"[2.1758967820241275 -0.5747591223841645 -0.5361964392309696
 -0.5695376335271592 -1.1424000381708428 -0.3680493059686655
 -0.31110971726387593 -0.3528063631526751 -0.9275689105090439
 -0.6824566549470256 -0.2860098089127326 0.10156425976437791
 -0.23671592500251953 -0.3556548171814591 -0.5151549900108569
 0.4747854874736343 0.3870376762594584 0.2840080231764389
 -0.14857646435236457 0.13416763355414846 -0.6937966901479702
 -0.9290089367749468 2.303975106388273 -0.6610739766885559
 -1.6268389387260624 -0.5491118204086559 -0.5266487104117189
 -0.6402564872879899 -1.4592397843658422 -0.7525239822415198]",0,1
122,"[2.1758967820241275 -0.5747591223841645 -0.5361964392309696
 -0.5695376335271592 -1.1424000381708428 -0.3680493059686655
 -0.31110971726387593 -0.3528063631526751 -0.9275689105090439
 -0.6824566549470256 -0.2860098089127326 0.10156425976437791
 -0.23671592500251953 -0.3556548171814591 -0.5151549900108569
 0.4747854874736343 0.3870376762594584 0.2840080231764389
 -0.14857646435236457 0.13416763355414846 -0.6937966901479702
 -0.9290089367749468 2.385220800529631 -0.6610739766885559
 -1.6268389387260624 -0.5491118204086559 -0.5266487104117189
 -0.6402564872879899 -1.4592397843658422 -0.7525239822415198]",0,1
123,"[1.0063657631548986 0.08581823224307975 0.9785857715553956
 0.9711111437424305 -0.15515331831182633 -0.04802314399722773
 0.59445004996728 0.5322228411192709 -0.4590805271779871 4.105464482415259
 1.4075568173699406 1.2079535099489849 1.1720697886958233
 1.0500132156737527 1.4858019827654891 0.05952743441035454
 0.5609417447275196 1.1552824633441325 0.35758719878865014
 0.19405331160130984 0.7602293537748283 -2.442009194119132
 0.6908140133870373 0.6427586606849391 0.0006694535300439716
 -0.36382752429400467 0.19654580903043004 0.3296114341850151
 -0.9149049823010492 -0.5557759019413632]",1,0
123,"[1.0063657631548986 0.08581823224307975 0.9785857715553956
 0.9711111437424305 -0.15515331831182633 -0.04802314399722773
 0.59445004996728 0.5322228411192709 -0.4590805271779871 4.105464482415259
 1.4075568173699406 1.2079535099489849 1.1720697886958233
 1.0500132156737527 1.4858019827654891 0.05952743441035454
 0.5609417447275196 1.1552824633441325 0.35758719878865014
 0.19405331160130984 0.7602293537748283 -2.442009194119132
 0.6908140133870373 0.6427586606849391 0.0006694535300439716
 -0.36382752429400467 0.19654580903043004 0.3296114341850151
 -0.9149049823010492 -0.5557759019413632]",1,0
123,"[1.0063657631548986 0.08581823224307975 0.9785857715553956
 0.9711111437424305 -0.15515331831182633 -0.04802314399722773
 0.59445004996728 0.5322228411192709 -0.4590805271779871 5.016715942547311
 1.4075568173699406 1.2079535099489849 1.1720697886958233
 1.0500132156737527 1.4858019827654891 0.05952743441035454
 0.5609417447275196 1.1552824633441325 0.35758719878865014
 0.19405331160130984 0.7602293537748283 -2.442009194119132
 0.6908140133870373 0.6427586606849391 0.0006694535300439716
 -0.36382752429400467 0.19654580903043004 0.3296114341850151
 -0.9149049823010492 -0.5557759019413632]",1,0
124,"[-0.6878778868165456 -0.4658467269975935 1.33114929188004
 -0.6805422065180704 -0.6890868953129421 -0.7975915029716888
 -0.8150157448616123 -0.6997339295202415 0.5654997583183913
 -0.9007774880508402 6.167967032390026 1.0791273643795443
 -0.5166669322118056 -0.46235790114283615 -0.3398037221770129
 -0.16707696010894524 -0.4195397756278544 -0.22685308121031145
 0.6978151327395682 -0.5844605030117884 -0.6246488201595677
 0.3798032327418153 -0.710982253906973 -0.6302444364945028
 -0.414036273045875 -0.5594391418314398 -0.7719263338341694
 -0.45873668853865096 0.8029107953198554 -0.8364627012826193]",0,1
124,"[-0.6878778868165456 -0.4658467269975935 1.33114929188004
 -0.6805422065180704 -0.6890868953129421 -0.7975915029716888
 -0.8150157448616123 -0.6997339295202415 0.5654997583183913
 -0.9007774880508402 6.167967032390026 1.0791273643795443
 -0.5166669322118056 -0.46235790114283615 -0.3398037221770129
 -0.16707696010894524 -0.4195397756278544 -0.22685308121031145
 0.6978151327395682 -0.5844605030117884 -0.6246488201595677
 0.3798032327418153 -0.710982253906973 -0.6302444364945028
 -0.414036273045875 -0.5594391418314398 -0.7719263338341694
 -0.45873668853865096 0.8029107953198554 -0.8364627012826193]",0,1
124,"[-0.6878778868165456 -0.4658467269975935 1.33114929188004
 -0.6805422065180704 -0.6890868953129421 -0.7975915029716888
 -0.8150157448616123 -0.6997339295202415 0.5654997583183913
 -0.9007774880508402 6.167967032390026 1.0791273643795443
 -0.5166669322118056 -0.46235790114283615 -0.3398037221770129
 -0.16707696010894524 -0.4195397756278544 -0.22685308121031145
 0.6978151327395682 -0.5844605030117884 -0.6246488201595677
 0.3798032327418153 -0.710982253906973 -0.6302444364945028
 -0.414036273045875 -0.5594391418314398 -0.7719263338341694
 -0.45873668853865096 0.8029107953198554 -0.8364627012826193]",0,1
126,"[-0.7439963673361042 -1.6922950054811516 -0.7770875411255489
 -0.7265749085877611 -0.2463817043159904 -1.030585054321999
 -0.9644150193755141 -0.8671325454598365 -0.8666273321895571
 -0.45842808764441967 8.403822546927463 -0.9148361387356929
 -0.9482382642084641 -0.7422860753846077 -0.47497814705963337
 -0.8991961580328282 -0.816923549992931 -0.9670230373072307
 -0.6308644830055953 -0.479460947502432 -0.8090431401286411
 -1.3725322423017265 1.6825054936969122 -0.7545260204017795
 -0.26592708498304674 -0.9014557277742223 -1.0122422343400588
 -0.8269164097883214 -0.6481346685412497 -0.3007518956827366]",0,1
126,"[-0.7439963673361042 -1.6922950054811516 -0.7770875411255489
 -0.7265749085877611 -0.2463817043159904 -1.030585054321999
 -0.9644150193755141 -0.8671325454598365 -0.8666273321895571
 -0.45842808764441967 8.403822546927463 -0.9148361387356929
 -0.9482382642084641 -0.7422860753846077 -0.47497814705963337
 -0.8991961580328282 -0.816923549992931 -0.9670230373072307
 -0.6308644830055953 -0.479460947502432 -0.8090431401286411
 -1.3725322423017265 1.6825054936969122 -0.7545260204017795
 -0.26592708498304674 -0.9014557277742223 -1.0122422343400588
 -0.8269164097883214 -0.6481346685412497 -0.3007518956827366]",0,1
126,"[-0.7439963673361042 -1.6922950054811516 -0.7770875411255489
 -0.7265749085877611 -0.2463817043159904 -1.030585054321999
 -0.9644150193755141 -0.8671325454598365 -0.8666273321895571
 -0.45842808764441967 8.114870874976107 -0.9148361387356929
 -0.9482382642084641 -0.7422860753846077 -0.47497814705963337
 -0.8991961580328282 -0.816923549992931 -0.9670230373072307
 -0.6308644830055953 -0.479460947502432 -0.8090431401286411
 -1.3725322423017265 1.8632707693489157 -0.7545260204017795
 -0.26592708498304674 -0.9014557277742223 -1.0122422343400588
 -0.8269164097883214 -0.6481346685412497 -0.3007518956827366]",0,1
127,"[-0.9684702894143397 3.2963662353776444 -1.011772108993859
 -0.8891361078967258 -1.329099990923551 -1.3328420582916234
 -1.1423074727172084 -1.1872763332770677 0.10462907227726952
 -0.5711558380705719 -0.7708755096889581 0.8252640775221175
 -0.7970932382448767 -0.6929526411681551 -0.9139195434145871
 -1.0628793323263805 -0.9830084243377081 -1.43886691818742
 -0.09246869980607265 -0.4778639960878412 -0.9588635251035136
 2.5388412105891596 -1.001806784017479 -0.8539191734232319
 2.133874045905499 -1.2316262685555763 -1.3079796436498
 -1.4177369197952716 -0.03595076933523568 -0.6167250355126075]",0,1
127,"[-0.9684702894143397 3.2963662353776444 -1.011772108993859
 -0.8891361078967258 -1.329099990923551 -1.3328420582916234
 -1.1423074727172084 -1.1872763332770677 0.10462907227726952
 -0.5711558380705719 -0.7708755096889581 0.8252640775221175
 -0.7970932382448767 -0.6929526411681551 -0.9139195434145871
 -1.0628793323263805 -0.9830084243377081 -1.43886691818742
 -0.09246869980607265 -0.4778639960878412 -0.9588635251035136
 2.5388412105891596 -1.001806784017479 -0.8539191734232319
 2.133874045905499 -1.2316262685555763 -1.3079796436498
 -1.4177369197952716 -0.03595076933523568 -0.6167250355126075]",0,1
127,"[-0.9684702894143397 3.2963662353776444 -1.011772108993859
 -0.8891361078967258 -1.329099990923551 -1.3328420582916234
 -1.1423074727172084 -1.1872763332770677 0.10462907227726952
 -0.5711558380705719 -0.7708755096889581 0.8252640775221175
 -0.7970932382448767 -0.6929526411681551 -0.9139195434145871
 -1.0628793323263805 -0.9830084243377081 -1.43886691818742
 -0.09246869980607265 -0.4778639960878412 -0.9588635251035136
 2.5388412105891596 -1.001806784017479 -0.8539191734232319
 2.2615346532641487 -1.2316262685555763 -1.3079796436498
 -1.4177369197952716 -0.03595076933523568 -0.6167250355126075]",0,1
128,"[1.110585798405508 -0.2314483108395394 1.0290138605188346
 1.0868505089462241 -1.02005499337456 -0.5252519589030771
 -0.08429774360717752 0.02177836584838976 0.4893227854190322
 5.016715942547311 0.8419956106788148 0.24744092460036235
 0.9743454780013192 0.7752192902418382 -0.8880111119787517
 0.06447753040713534 0.22319149234831887 0.245982762979367
 0.04362247377429432 -0.4171798423333842 -0.8517063291634059
 -0.14740371533718707 0.91939768762162 0.859528865174375
 -1.3407766212104284 -0.2745265684616974 0.08467299987400687
 -0.06984961160641023 -0.14389251478717774 -1.0262604417895638]",1,0
128,"[1.110585798405508 -0.2314483108395394 1.0290138605188346
 1.0868505089462241 -1.02005499337456 -0.5252519589030771
 -0.08429774360717752 0.02177836584838976 0.4893227854190322
 5.016715942547311 0.8419956106788148 0.24744092460036235
 0.9743454780013192 0.7752192902418382 -0.8880111119787517
 0.06447753040713534 0.22319149234831887 0.245982762979367
 0.04362247377429432 -0.4171798423333842 -0.8517063291634059
 -0.14740371533718707 0.91939768762162 0.859528865174375
 -1.3407766212104284 -0.2745265684616974 0.08467299987400687
 -0.06984961160641023 -0.14389251478717774 -1.0262604417895638]",1,0
128,"[1.110585798405508 -0.2314483108395394 1.0290138605188346
 1.0868505089462241 -1.02005499337456 -0.5252519589030771
 -0.08429774360717752 0.02177836584838976 0.4893227854190322
 5.016715942547311 0.8419956106788148 0.24744092460036235
 0.9743454780013192 0.7752192902418382 -0.8880111119787517
 0.06447753040713534 0.22319149234831887 0.245982762979367
 0.04362247377429432 -0.4171798423333842 -0.9072217998741897
 -0.14740371533718707 0.91939768762162 0.859528865174375
 -1.3407766212104284 -0.2745265684616974 0.08467299987400687
 -0.06984961160641023 -0.14389251478717774 -1.0262604417895638]",1,0
129,"[0.7578410637111379 0.20183360993746996 0.7962688345337336
 0.6283647963321053 1.0541531938363962 1.0380713093789267
 1.0345689781155782 1.2137050326762595 0.5845440015432309
 -0.08885229827260331 1.2634824377107194 6.277575166074047
 1.1283422969076158 1.0582726594113487 0.8425970110323536
 1.2871512416119972 0.6014977308441383 1.0395534105704352
 6.036608787910722 0.4938809396907645 0.5988843238018889
 -0.2511714321019433 0.4980326013819671 0.48058243362247244
 0.33920474053079436 0.4751154689333181 0.26067373729164317
 0.3663266038349623 -0.7267779402276648 -0.38629453929149976]",1,0
129,"[0.7578410637111379 0.20183360993746996 0.7962688345337336
 0.6283647963321053 1.0541531938363962 1.0380713093789267
 1.0345689781155782 1.2137050326762595 0.5845440015432309
 -0.08885229827260331 1.2634824377107194 6.277575166074047
 1.1283422969076158 1.0582726594113487 0.8425970110323536
 1.2871512416119972 0.6014977308441383 1.0395534105704352
 6.036608787910722 0.4938809396907645 0.5988843238018889
 -0.2511714321019433 0.4980326013819671 0.48058243362247244
 0.33920474053079436 0.4751154689333181 0.26067373729164317
 0.3663266038349623 -0.7267779402276648 -0.38629453929149976]",1,0
129,"[0.7578410637111379 0.20183360993746996 0.7962688345337336
 0.6283647963321053 1.0541531938363962 1.0380713093789267
 1.0345689781155782 1.2137050326762595 0.5845440015432309
 -0.08885229827260331 1.2634824377107194 6.547829662473882
 1.1283422969076158 1.0582726594113487 0.8425970110323536
 1.2871512416119972 0.6014977308441383 1.0395534105704352
 6.065238129911343 0.4938809396907645 0.5988843238018889
 -0.2511714321019433 0.4980326013819671 0.48058243362247244
 0.33920474053079436 0.4751154689333181 0.26067373729164317
 0.3663266038349623 -0.7267779402276648 -0.38629453929149976]",1,0
